agency_id,route_id,route_long_name,route_short_name,route_type,origin,destination,name_length,is_circular,route_type_label,zone
BMTC,327H,Krishnarajendra Market - Kamanahalli,BR1645,3,Krishnarajendra Market,Kamanahalli,36,0,Ordinary Variant,Central
BMTC,327K,Kempegowda Bus Station - Sarjapura Bus Stand,BR1646,3,Kempegowda Bus Station,Sarjapura Bus Stand,44,0,Ordinary Variant,Central
BMTC,295A,Kempegowda Bus Station - Dodda Gubbi,BR1284,3,Kempegowda Bus Station,Dodda Gubbi,36,0,Ordinary Variant,Central
BMTC,295B,Kempegowda Bus Station - Anagalipura,BR1285,3,Kempegowda Bus Station,Anagalipura,36,0,Ordinary Variant,Central
BMTC,295C,Shivajinagar Bus Station - Dodda Gubbi,BR1286,3,Shivajinagar Bus Station,Dodda Gubbi,38,0,Ordinary Variant,Central
BMTC,295D,Shivajinagar Bus Station - Yarappana Bande,BR1287,3,Shivajinagar Bus Station,Yarappana Bande,42,0,Ordinary Variant,Central
BMTC,295E,Kempegowda Bus Station - Bande Bommasandra,BR1288,3,Kempegowda Bus Station,Bande Bommasandra,42,0,Ordinary Variant,Central
BMTC,52E,Raghavendra Colony TR Mill - Yeshwanthpura Railway Station,BR2403,3,Raghavendra Colony TR Mill,Yeshwanthpura Railway Station,58,0,Ordinary Variant,West
BMTC,KGR-CKB,Kengeri TTMC - Chikkabanavara,BR3580,3,Kengeri TTMC,Chikkabanavara,29,0,Special,South
BMTC,250BA,Kempegowda Bus Station - Sheshadri Nagara,BR773,3,Kempegowda Bus Station,Sheshadri Nagara,41,0,Special,Central
BMTC,327A,Kempegowda Bus Station - Dommasandra,BR1638,3,Kempegowda Bus Station,Dommasandra,36,0,Ordinary Variant,Central
BMTC,327B,Krishnarajendra Market - Panathuru Dinne,BR1639,3,Krishnarajendra Market,Panathuru Dinne,40,0,Ordinary Variant,Central
BMTC,327C,Krishnarajendra Market - Attibele,BR1640,3,Krishnarajendra Market,Attibele,33,0,Ordinary Variant,Central
BMTC,327D,Kempegowda Bus Station - Gunjoor,BR1641,3,Kempegowda Bus Station,Gunjoor,32,0,Ordinary Variant,Central
BMTC,BMES-ULS,BM English School - Halasur,BR2694,3,BM English School,Halasur,27,0,Special,Other
BMTC,327E,Krishnarajendra Market - Gunjur Palya,BR1642,3,Krishnarajendra Market,Gunjur Palya,37,0,Ordinary Variant,Central
BMTC,327F,Krishnarajendra Market - Kodathi,BR1643,3,Krishnarajendra Market,Kodathi,32,0,Ordinary Variant,Central
BMTC,327G,Kempegowda Bus Station - Kuguru,BR1644,3,Kempegowda Bus Station,Kuguru,31,0,Ordinary Variant,Central
BMTC,UTH-NBC,Uttarahalli - Nagarabhavi Circle,BR4026,3,Uttarahalli,Nagarabhavi Circle,32,0,Special,Other
BMTC,294C,Shivajinagar Bus Station - Jyothi Nagara,BR1278,3,Shivajinagar Bus Station,Jyothi Nagara,40,0,Ordinary Variant,Central
BMTC,294D,Krishnarajendra Market - Anagalipura,BR1279,3,Krishnarajendra Market,Anagalipura,36,0,Ordinary Variant,Central
BMTC,BPH-MDL,Baiyappanahalli Satellite Bus Station - Madiwala MARKET,BR2785,3,Baiyappanahalli Satellite Bus Station,Madiwala MARKET,55,0,Special,Other
BMTC,294A,Krishnarajendra Market - Kada Sonappana Halli,BR1276,3,Krishnarajendra Market,Kada Sonappana Halli,45,0,Ordinary Variant,Central
BMTC,181A,Mahadeshwara Nagara 16th Main - Bhima Jyothi Nagara,BR168,3,Mahadeshwara Nagara 16th Main,Bhima Jyothi Nagara,51,0,Ordinary Variant,Other
BMTC,294B,Kempegowda Bus Station - Jyothi Nagara,BR1277,3,Kempegowda Bus Station,Jyothi Nagara,38,0,Ordinary Variant,Central
BMTC,328M,Kempegowda Bus Station - Maduranagar,BR1659,3,Kempegowda Bus Station,Maduranagar,36,0,Ordinary Variant,Central
BMTC,294H,Shivajinagar Bus Station - Rampura,BR1282,3,Shivajinagar Bus Station,Rampura,34,0,Ordinary Variant,Central
BMTC,500 J,Hebbal - Hebbala Bridge,BR2316,3,Hebbal,Hebbala Bridge,23,0,Ordinary Variant,North
BMTC,294E,Kempegowda Bus Station - Bileshivale,BR1280,3,Kempegowda Bus Station,Bileshivale,36,0,Ordinary Variant,Central
BMTC,294F,Kempegowda Bus Station - Rampura,BR1281,3,Kempegowda Bus Station,Rampura,32,0,Ordinary Variant,Central
BMTC,3,JPNagara 6th Phase - Girinagara Extention,BR1344,3,JPNagara 6th Phase,Girinagara Extention,41,0,Ordinary,Other
BMTC,250CA,Kempegowda Bus Station - Saiyadribalaga Layout,BR775,3,Kempegowda Bus Station,Saiyadribalaga Layout,46,0,Special,Central
BMTC,2,JPNagara 6th Phase - Kempegowda Bus Station,BR181,3,JPNagara 6th Phase,Kempegowda Bus Station,43,0,Ordinary,Central
BMTC,356JE,Electronic City Wipro Gate - Jalahalli cross,BR1920,3,Electronic City Wipro Gate,Jalahalli cross,44,0,Special,North
BMTC,293M,Krishnarajendra Market - Byala Halli,BR1271,3,Krishnarajendra Market,Byala Halli,36,0,Ordinary Variant,Central
BMTC,1,Jayanagara 9th Block - Yeshwanathapura new railway station,BR2,3,Jayanagara 9th Block,Yeshwanathapura new railway station,58,0,Ordinary,South
BMTC,293L,Krishnarajendra Market - Yarappana Bande,BR1270,3,Krishnarajendra Market,Yarappana Bande,40,0,Ordinary Variant,Central
BMTC,293S,Kempegowda Bus Station - Bagaluru,BR1274,3,Kempegowda Bus Station,Bagaluru,33,0,Ordinary Variant,Central
BMTC,DML-KMK,Domlur - Katriguppe Kamkya Talkies,BR3286,3,Domlur,Katriguppe Kamkya Talkies,34,0,Special,Other
BMTC,293R,Shivajinagar Bus Station - Chikkajala,BR1273,3,Shivajinagar Bus Station,Chikkajala,37,0,Ordinary Variant,Central
BMTC,250CC,Krishnarajendra Market - Munikondappa Badavane,BR777,3,Krishnarajendra Market,Munikondappa Badavane,46,0,Special,Central
BMTC,5,Jayanagara 5th Block - Kempegowda Bus Station,BR2313,3,Jayanagara 5th Block,Kempegowda Bus Station,45,0,Ordinary,South
BMTC,293P,Marenahalli Bande - Shivajinagar Bus Station,BR1272,3,Marenahalli Bande,Shivajinagar Bus Station,44,0,Ordinary Variant,Central
BMTC,250CB,Kempegowda Bus Station - Mallasandra Bagalagunte,BR776,3,Kempegowda Bus Station,Mallasandra Bagalagunte,48,0,Special,Central
BMTC,4,Shanthinagar Bus Stand - Shanthinagar Bus Stand,BR2166,3,Shanthinagar Bus Stand,Shanthinagar Bus Stand,47,1,Ordinary,Other
BMTC,BMT14-YBS,BMT14 - Yeshwanthpur TTMC,BR2744,3,BMT14,Yeshwanthpur TTMC,25,0,Special,West
BMTC,MSPL-MRHB,MS Palya - Marathahalli Bridge,BR3780,3,MS Palya,Marathahalli Bridge,30,0,Special,Other
BMTC,328C,Hosakote Bus Stand - Vaidehi Hospital,BR1650,3,Hosakote Bus Stand,Vaidehi Hospital,37,0,Ordinary Variant,Other
BMTC,328A,KR Puram - Varthuru,BR1648,3,KR Puram,Varthuru,19,0,Ordinary Variant,East
BMTC,9,MICO Layout Checkpost - Kempegowda Bus Station,BR2554,3,MICO Layout Checkpost,Kempegowda Bus Station,46,0,Ordinary,Central
BMTC,328B,Sarjapura Bus Stand - Hosakote Bus Stand,BR1649,3,Sarjapura Bus Stand,Hosakote Bus Stand,40,0,Ordinary Variant,Other
BMTC,8,Shivajinagar Bus Station - JP Nagara 15th Cross,BR2510,3,Shivajinagar Bus Station,JP Nagara 15th Cross,47,0,Ordinary,South
BMTC,328G,Krishnarajendra Market - Halasahalli,BR1653,3,Krishnarajendra Market,Halasahalli,36,0,Ordinary Variant,Central
BMTC,328H,Attibele - Hosakote Bus Stand,BR1654,3,Attibele,Hosakote Bus Stand,29,0,Ordinary Variant,Other
BMTC,328E,Krishnarajendra Market - Harohalli,BR1651,3,Krishnarajendra Market,Harohalli,34,0,Ordinary Variant,Central
BMTC,328F,Kempegowda Bus Station - Valepura,BR1652,3,Kempegowda Bus Station,Valepura,33,0,Ordinary Variant,Central
BMTC,50A,Brudavana Nagara Jinke vana - Shivajinagar Bus Station,BR2400,3,Brudavana Nagara Jinke vana,Shivajinagar Bus Station,54,0,Ordinary Variant,Central
BMTC,297F,Krishnarajendra Market - Bhovi Palya,BR1304,3,Krishnarajendra Market,Bhovi Palya,36,0,Ordinary Variant,Central
BMTC,297G,Yelahanka - Dodda Cheemanahalli,BR1305,3,Yelahanka,Dodda Cheemanahalli,31,0,Ordinary Variant,North
BMTC,297A,Krishnarajendra Market - Indrasanahalli,BR1302,3,Krishnarajendra Market,Indrasanahalli,39,0,Ordinary Variant,Central
BMTC,329J,Shivajinagar Bus Station - Singanayakanahalli,BR1669,3,Shivajinagar Bus Station,Singanayakanahalli,45,0,Ordinary Variant,Central
BMTC,297B,Krishnarajendra Market - Devaganahalli,BR1303,3,Krishnarajendra Market,Devaganahalli,38,0,Ordinary Variant,Central
BMTC,329M,HAL Main Gate - Muthsandra,BR1671,3,HAL Main Gate,Muthsandra,26,0,Ordinary Variant,Other
BMTC,329L,HAL Main Gate - Bellikere,BR1670,3,HAL Main Gate,Bellikere,25,0,Ordinary Variant,Other
BMTC,328HD,Hoskote - Anekal Bus Stand,BR1658,3,Hoskote,Anekal Bus Stand,26,0,Special,East
BMTC,297M,Doddaballapura - Devanahalli,BR1308,3,Doddaballapura,Devanahalli,28,0,Ordinary Variant,Other
BMTC,328HC,Attibele - Hosakote Bus Stand,BR1657,3,Attibele,Hosakote Bus Stand,29,0,Special,Other
BMTC,297H,Krishnarajendra Market - Hegganahalli,BR1306,3,Krishnarajendra Market,Hegganahalli,37,0,Ordinary Variant,Central
BMTC,328HB,KR Puram Railway Station - Attibele,BR1656,3,KR Puram Railway Station,Attibele,35,0,Special,East
BMTC,297K,Yelahanka - Vishwanathapura,BR1307,3,Yelahanka,Vishwanathapura,27,0,Ordinary Variant,North
BMTC,328HA,Kadugodi - Anekal,BR1655,3,Kadugodi,Anekal,17,0,Special,East
BMTC,296T,Kempegowda Bus Station - HBR Layout Ist Stage,BR1299,3,Kempegowda Bus Station,HBR Layout Ist Stage,45,0,Ordinary Variant,Central
BMTC,296V,Kempegowda Bus Station - HBR Layout BDA Complex,BR1300,3,Kempegowda Bus Station,HBR Layout BDA Complex,47,0,Ordinary Variant,Central
BMTC,329A,Krishnarajendra Market - Madappanahalli,BR1661,3,Krishnarajendra Market,Madappanahalli,39,0,Ordinary Variant,Central
BMTC,MDN-BTP,Mahadeshwara Nagara 16th Main - Bagmane Teck Park,BR3699,3,Mahadeshwara Nagara 16th Main,Bagmane Teck Park,49,0,Special,Other
BMTC,D13-JP6,Depot-13-BS - JPNagara 6th Phase,BR3208,3,Depot-13-BS,JPNagara 6th Phase,32,0,Ordinary,Other
BMTC,296Q,Shivajinagar Bus Station - HBR Layout Ist Stage,BR1298,3,Shivajinagar Bus Station,HBR Layout Ist Stage,47,0,Ordinary Variant,Central
BMTC,284CA,Shivajinagar Bus Station - Allalasandra Janapriya Apartmet,BR1105,3,Shivajinagar Bus Station,Allalasandra Janapriya Apartmet,58,0,Special,Central
BMTC,329F,Krishnarajendra Market - Anugondanahalli,BR1666,3,Krishnarajendra Market,Anugondanahalli,40,0,Ordinary Variant,Central
BMTC,329G,Shivajinagar Bus Station - Koturu,BR1667,3,Shivajinagar Bus Station,Koturu,33,0,Ordinary Variant,Central
BMTC,BELC-HALLCA,BEL Circle - HAL-LCA,BR2675,3,BEL Circle,HAL-LCA,20,0,Special,Other
BMTC,329H,Kempegowda Bus Station - Bellikere,BR1668,3,Kempegowda Bus Station,Bellikere,34,0,Ordinary Variant,Central
BMTC,WFS-1,Borewell - Borewell,BR4241,3,Borewell,Borewell,19,1,Ordinary,Other
BMTC,329B,Krishnarajendra Market - Janthagondanahalli,BR1662,3,Krishnarajendra Market,Janthagondanahalli,43,0,Ordinary Variant,Central
BMTC,WFS-2,Borewell - Borewell,BR4242,3,Borewell,Borewell,19,1,Ordinary,Other
BMTC,329C,Krishnarajendra Market - Koturu,BR1663,3,Krishnarajendra Market,Koturu,31,0,Ordinary Variant,Central
BMTC,329D,Shivajinagar Bus Station - Muthsandra,BR1664,3,Shivajinagar Bus Station,Muthsandra,37,0,Ordinary Variant,Central
BMTC,329E,Krishnarajendra Market - Bellikere,BR1665,3,Krishnarajendra Market,Bellikere,34,0,Ordinary Variant,Central
BMTC,296E,Shivajinagar Bus Station - Kammana Halli,BR1293,3,Shivajinagar Bus Station,Kammana Halli,40,0,Ordinary Variant,Central
BMTC,296F,Kempegowda Bus Station - Marasandra Bagalur,BR1295,3,Kempegowda Bus Station,Marasandra Bagalur,43,0,Ordinary Variant,Central
BMTC,296C,Kempegowda Bus Station - Kalyananagara Bus Stand,BR1291,3,Kempegowda Bus Station,Kalyananagara Bus Stand,48,0,Ordinary Variant,Central
BMTC,296D,Shivajinagar Bus Station - HBR Layout 5th Block,BR1292,3,Shivajinagar Bus Station,HBR Layout 5th Block,47,0,Ordinary Variant,Central
BMTC,296A,Kempegowda Bus Station - Yarappanahalli,BR1289,3,Kempegowda Bus Station,Yarappanahalli,39,0,Ordinary Variant,Central
BMTC,296B,Kempegowda Bus Station - HBR Layout 5th Block,BR1290,3,Kempegowda Bus Station,HBR Layout 5th Block,45,0,Ordinary Variant,Central
BMTC,a,Kempegowda Bus Station - Maratahalli Bridge,BR2588,3,Kempegowda Bus Station,Maratahalli Bridge,43,0,Ordinary Variant,Central
BMTC,296N,Kempegowda Bus Station - Kada Agrahara,BR1297,3,Kempegowda Bus Station,Kada Agrahara,38,0,Ordinary Variant,Central
BMTC,296K,Shivajinagar Bus Station - Yelahanka Satelite Town 5th Phase,BR1296,3,Shivajinagar Bus Station,Yelahanka Satelite Town 5th Phase,60,0,Ordinary Variant,North
BMTC,JFWTC-DAC,JFWTC - Ambedkar College Circle,BR3433,3,JFWTC,Ambedkar College Circle,31,0,Special,Other
BMTC,250AD,Jalahalli Cross - Jalahalli Cross,BR771,3,Jalahalli Cross,Jalahalli Cross,33,1,Special,North
BMTC,250AC,Yeshwanthpura TTMC - Chikkabanavara,BR770,3,Yeshwanthpura TTMC,Chikkabanavara,35,0,Special,West
BMTC,250AB,Kempegowda Bus Station - Medarahalli Railway Gate,BR769,3,Kempegowda Bus Station,Medarahalli Railway Gate,49,0,Special,Central
BMTC,250AA,Krishnarajendra Market - Medarahalli Railway Gate,BR768,3,Krishnarajendra Market,Medarahalli Railway Gate,49,0,Special,Central
BMTC,KPC-ORRCA,Kenchanapura Cross - ORRCA-ECOSPICE,BR3638,3,Kenchanapura Cross,ORRCA-ECOSPICE,35,0,Special,Other
BMTC,323L,Shivajinagar Bus Station - Nerige,BR1624,3,Shivajinagar Bus Station,Nerige,33,0,Ordinary Variant,Central
BMTC,210K,Kempegowda Bus Station - Omkaranagara,BR230,3,Kempegowda Bus Station,Omkaranagara,37,0,Ordinary Variant,Central
BMTC,323M,Krishnarajendra Market - Kamnahalli,BR1625,3,Krishnarajendra Market,Kamnahalli,35,0,Ordinary Variant,Central
BMTC,210J,Kempegowda Bus Station - Chikkalasandra Ramanjaneya Layout,BR229,3,Kempegowda Bus Station,Chikkalasandra Ramanjaneya Layout,58,0,Ordinary Variant,Central
BMTC,323N,Krishnarajendra Market - Kathruguppe,BR1626,3,Krishnarajendra Market,Kathruguppe,36,0,Ordinary Variant,Central
BMTC,AVLB-BSK,Avalahalli BDA Park - BANASHANKARI TTMC,BR2651,3,Avalahalli BDA Park,BANASHANKARI TTMC,39,0,Special,South
BMTC,210I,Kempegowda Bus Station - Chikkallasandra Bus Stand,BR228,3,Kempegowda Bus Station,Chikkallasandra Bus Stand,50,0,Ordinary Variant,Central
BMTC,210P,Kempegowda Bus Station - Chikkallasandra Bus Stand,BR242,3,Kempegowda Bus Station,Chikkallasandra Bus Stand,50,0,Ordinary Variant,Central
BMTC,210CD,Banashankari Bus Station - Maruthinagara,BR216,3,Banashankari Bus Station,Maruthinagara,40,0,Special,South
BMTC,210N,Kempegowda Bus Station - Uttarahalli,BR234,3,Kempegowda Bus Station,Uttarahalli,36,0,Ordinary Variant,Central
BMTC,210CB,Kempegowda Bus Station - Jaraganahalli Cross,BR215,3,Kempegowda Bus Station,Jaraganahalli Cross,44,0,Special,Central
BMTC,DAC-JFWTC,Ambedkar College Circle - JFWTC,BR3238,3,Ambedkar College Circle,JFWTC,31,0,Special,Other
BMTC,210D,Krishnarajendra Market - Vasanthapura,BR217,3,Krishnarajendra Market,Vasanthapura,37,0,Ordinary Variant,Central
BMTC,323D,Krishnarajendra Market - Koothaganahalli,BR1618,3,Krishnarajendra Market,Koothaganahalli,40,0,Ordinary Variant,Central
BMTC,210C,Krishnarajendra Market - Karishma hills,BR213,3,Krishnarajendra Market,Karishma hills,39,0,Ordinary Variant,Central
BMTC,323E,Krishnarajendra Market - Nerige,BR1619,3,Krishnarajendra Market,Nerige,31,0,Ordinary Variant,Central
BMTC,299E,Krishnarajendra Market - Gadenahalli,BR1336,3,Krishnarajendra Market,Gadenahalli,36,0,Ordinary Variant,Central
BMTC,210B,Krishnarajendra Market - Chunchaghatta,BR212,3,Krishnarajendra Market,Chunchaghatta,38,0,Ordinary Variant,Central
BMTC,323F,Kempegowda Bus Station - Nerige,BR1620,3,Kempegowda Bus Station,Nerige,31,0,Ordinary Variant,Central
BMTC,210A,Kempegowda Bus Station - ISRO Layout,BR210,3,Kempegowda Bus Station,ISRO Layout,36,0,Ordinary Variant,Central
BMTC,323G,Krishnarajendra Market - Ramanayakanahalli,BR1621,3,Krishnarajendra Market,Ramanayakanahalli,42,0,Ordinary Variant,Central
BMTC,210H,Shivajinagar Bus Station - Uttarahalli,BR225,3,Shivajinagar Bus Station,Uttarahalli,38,0,Ordinary Variant,Central
BMTC,323H,Krishnarajendra Market - Nekkundi Dommasandra,BR1622,3,Krishnarajendra Market,Nekkundi Dommasandra,45,0,Ordinary Variant,Central
BMTC,210G,Shivajinagar Bus Station - Vasanthapura,BR223,3,Shivajinagar Bus Station,Vasanthapura,39,0,Ordinary Variant,Central
BMTC,210F,Shivajinagar Bus Station - Uttarahalli,BR220,3,Shivajinagar Bus Station,Uttarahalli,38,0,Ordinary Variant,Central
BMTC,323J,Shivajinagar Bus Station - Koothaganahalli,BR1623,3,Shivajinagar Bus Station,Koothaganahalli,42,0,Ordinary Variant,Central
BMTC,210E,Kempegowda Bus Station - Vasanthapura,BR218,3,Kempegowda Bus Station,Vasanthapura,37,0,Ordinary Variant,Central
BMTC,298Y,Devanahalli - Yeliyuru,BR1334,3,Devanahalli,Yeliyuru,22,0,Ordinary Variant,Other
BMTC,323A,Krishnarajendra Market - Gonighattapura,BR1614,3,Krishnarajendra Market,Gonighattapura,39,0,Ordinary Variant,Central
BMTC,CR-HAL-2,Avalahalli BDA Park - HAL Main Gate,BR3029,3,Avalahalli BDA Park,HAL Main Gate,35,0,Ordinary,Other
BMTC,57A,MCTC Bus Stand - Kempegowda Bus Station,BR2408,3,MCTC Bus Stand,Kempegowda Bus Station,39,0,Ordinary Variant,Central
BMTC,323C,Krishnarajendra Market - Tattanur,BR1617,3,Krishnarajendra Market,Tattanur,33,0,Ordinary Variant,Central
BMTC,323B,Krishnarajendra Market - Kugur Cross,BR1616,3,Krishnarajendra Market,Kugur Cross,36,0,Ordinary Variant,Central
BMTC,298R,Hosakote Bus Stand - Devanahalli,BR1333,3,Hosakote Bus Stand,Devanahalli,32,0,Ordinary Variant,Other
BMTC,210CA,Kempegowda Bus Station - Gubbalala,BR214,3,Kempegowda Bus Station,Gubbalala,34,0,Special,Central
BMTC,375-D,BANASHANKARI TTMC - Chikkanahalli,BR2084,3,BANASHANKARI TTMC,Chikkanahalli,33,0,Ordinary Variant,South
BMTC,298L,Devanahalli - Yelahanaka NES Office,BR1315,3,Devanahalli,Yelahanaka NES Office,35,0,Ordinary Variant,Other
BMTC,211K,Krishnarajendra Market - Gudipalya,BR267,3,Krishnarajendra Market,Gudipalya,34,0,Ordinary Variant,Central
BMTC,211J,Kempegowda Bus Station - Vaddarapalya,BR266,3,Kempegowda Bus Station,Vaddarapalya,37,0,Ordinary Variant,Central
BMTC,211M,Krishnarajendra Market - Honnalagana Doddi,BR269,3,Krishnarajendra Market,Honnalagana Doddi,42,0,Ordinary Variant,Central
BMTC,211L,Kempegowda Bus Station - BCC Layout,BR268,3,Kempegowda Bus Station,BCC Layout,35,0,Ordinary Variant,Central
BMTC,298P,New Devanahalli - Hosakote Bus Stand,BR1328,3,New Devanahalli,Hosakote Bus Stand,36,0,Ordinary Variant,Other
BMTC,211N,Krishnarajendra Market - Bidadi,BR270,3,Krishnarajendra Market,Bidadi,31,0,Ordinary Variant,Central
BMTC,211Q,Krishnarajendra Market - Kattalepalya,BR272,3,Krishnarajendra Market,Kattalepalya,37,0,Ordinary Variant,Central
BMTC,298M,Devanahalli - Kempegowda Bus Station,BR1316,3,Devanahalli,Kempegowda Bus Station,36,0,Ordinary Variant,Central
BMTC,211P,Krishnarajendra Market - Chudahalli,BR271,3,Krishnarajendra Market,Chudahalli,35,0,Ordinary Variant,Central
BMTC,VRP-NLO,Vidyaranyapura - Nandini Layout,BR4222,3,Vidyaranyapura,Nandini Layout,31,0,Special,North
BMTC,211C,Krishnarajendra Market - Vaderahalli,BR258,3,Krishnarajendra Market,Vaderahalli,36,0,Ordinary Variant,Central
BMTC,298C,Kempalingana pura - Krishnarajendra Market,BR1312,3,Kempalingana pura,Krishnarajendra Market,42,0,Ordinary Variant,Central
BMTC,211B,Kempegowda Bus Station - Somanahalli,BR257,3,Kempegowda Bus Station,Somanahalli,36,0,Ordinary Variant,Central
BMTC,57B,MCTC Bus Stand - Kempegowda Bus Station,BR2409,3,MCTC Bus Stand,Kempegowda Bus Station,39,0,Ordinary Variant,Central
BMTC,298B,Krishnarajendra Market - Baichapura,BR1311,3,Krishnarajendra Market,Baichapura,35,0,Ordinary Variant,Central
BMTC,211E,Krishnarajendra Market - Karenahalli,BR262,3,Krishnarajendra Market,Karenahalli,36,0,Ordinary Variant,Central
BMTC,324E,Krishnarajendra Market - Vijayanagar,BR1632,3,Krishnarajendra Market,Vijayanagar,36,0,Ordinary Variant,South
BMTC,298A,Uganawadi - Krishnarajendra Market,BR1310,3,Uganawadi,Krishnarajendra Market,34,0,Ordinary Variant,Central
BMTC,211D,Krishnarajendra Market - Naganayakanahalli,BR260,3,Krishnarajendra Market,Naganayakanahalli,42,0,Ordinary Variant,Central
BMTC,298H,New Devanahalli - Jayanagara 4th Block,BR1314,3,New Devanahalli,Jayanagara 4th Block,38,0,Ordinary Variant,South
BMTC,211G,Krishnarajendra Market - Kodipalya,BR264,3,Krishnarajendra Market,Kodipalya,34,0,Ordinary Variant,Central
BMTC,211F,Kempegowda Bus Station - Kaggalipura,BR263,3,Kempegowda Bus Station,Kaggalipura,36,0,Ordinary Variant,Central
BMTC,RJK-CSB,Rajanukunte - Central Silk Board,BR3901,3,Rajanukunte,Central Silk Board,32,0,Special,Other
BMTC,298E,Yelahanka - Kundana Devanahalli,BR1313,3,Yelahanka,Kundana Devanahalli,31,0,Ordinary Variant,North
BMTC,211H,Krishnarajendra Market - Mukkodlu,BR265,3,Krishnarajendra Market,Mukkodlu,33,0,Ordinary Variant,Central
BMTC,210Z,Kempegowda Bus Station - Chikkalasandra Ramanjaneya Layout,BR252,3,Kempegowda Bus Station,Chikkalasandra Ramanjaneya Layout,58,0,Ordinary Variant,Central
BMTC,KWS-KMT,Shanthinagar TTMC - Kengeri KSRTC Regional Workshop,BR3666,3,Shanthinagar TTMC,Kengeri KSRTC Regional Workshop,51,0,Special,South
BMTC,VRP-VNS,Vidyaranyapura 6th Block - Vidyaniketan School,BR4225,3,Vidyaranyapura 6th Block,Vidyaniketan School,46,0,Special,North
BMTC,374MA,Kengeri TTMC - Nelamangala,BR2081,3,Kengeri TTMC,Nelamangala,26,0,Special,South
BMTC,324D,Krishnarajendra Market - White Field Post Office,BR1631,3,Krishnarajendra Market,White Field Post Office,48,0,Ordinary Variant,Central
BMTC,324C,Krishnarajendra Market - Hagadoor,BR1630,3,Krishnarajendra Market,Hagadoor,33,0,Ordinary Variant,Central
BMTC,324B,Krishnarajendra Market - Vinayakanagar,BR1629,3,Krishnarajendra Market,Vinayakanagar,38,0,Ordinary Variant,Central
BMTC,211A,Krishnarajendra Market - Vajramuneshwara Temple,BR255,3,Krishnarajendra Market,Vajramuneshwara Temple,47,0,Vajra,Central
BMTC,324A,Krishnarajendra Market - NAGAGONDANAHALLI,BR1628,3,Krishnarajendra Market,NAGAGONDANAHALLI,41,0,Ordinary Variant,Central
BMTC,210Q,Shivajinagar Bus Station - Chikkallasandra Bus Stand,BR243,3,Shivajinagar Bus Station,Chikkallasandra Bus Stand,52,0,Ordinary Variant,Central
BMTC,210R,Kempegowda Bus Station - Vasanthapura,BR244,3,Kempegowda Bus Station,Vasanthapura,37,0,Ordinary Variant,Central
BMTC,210T,Banashankari Bus Station - Banashankari Bus Station,BR245,3,Banashankari Bus Station,Banashankari Bus Station,51,1,Ordinary Variant,South
BMTC,210U,Kempegowda Bus Station - Kumaraswamy Layout,BR246,3,Kempegowda Bus Station,Kumaraswamy Layout,43,0,Ordinary Variant,Central
BMTC,210V,Banashankari Bus Station - Banashankari Bus Station,BR248,3,Banashankari Bus Station,Banashankari Bus Station,51,1,Ordinary Variant,South
BMTC,210W,Kempegowda Bus Station - Kariyana Palya,BR249,3,Kempegowda Bus Station,Kariyana Palya,39,0,Ordinary Variant,Central
BMTC,210X,Kempegowda Bus Station - Chandranagara,BR251,3,Kempegowda Bus Station,Chandranagara,38,0,Ordinary Variant,Central
BMTC,210AC,Kempegowda Bus Station - Poornapragna Layout,BR211,3,Kempegowda Bus Station,Poornapragna Layout,44,0,Special,Central
BMTC,CS-114E,Sulthan Palya - Banashankari Bus Station,BR3073,3,Sulthan Palya,Banashankari Bus Station,40,0,Ordinary Variant,South
BMTC,CS-114C,Sulthan Palya - Kempegowda Bus Station,BR3072,3,Sulthan Palya,Kempegowda Bus Station,38,0,Ordinary Variant,Central
BMTC,176CA,Chandra Layout - Manorayana Palya,BR160,3,Chandra Layout,Manorayana Palya,33,0,Special,Other
BMTC,212M,Banashankari Bus Station - Kengeri TTMC,BR283,3,Banashankari Bus Station,Kengeri TTMC,39,0,Ordinary Variant,South
BMTC,CS-114A,Sulthan Palya - Shivajinagar Bus Station,BR3071,3,Sulthan Palya,Shivajinagar Bus Station,40,0,Ordinary Variant,Central
BMTC,SBS-RYL,Shivajinagar Bus Station - Royale Concorde School,BR3936,3,Shivajinagar Bus Station,Royale Concorde School,49,0,Special,Central
BMTC,250DT,Yeshwanthpur TTMC - Yeshwanthpura,BR780,3,Yeshwanthpur TTMC,Yeshwanthpura,33,0,Special,West
BMTC,54E,Vinayaka Nagara - Kempegowda Bus Station,BR2405,3,Vinayaka Nagara,Kempegowda Bus Station,40,0,Ordinary Variant,Central
BMTC,212G,Kempegowda Bus Station - Thimmegowdana Palya,BR282,3,Kempegowda Bus Station,Thimmegowdana Palya,44,0,Ordinary Variant,Central
BMTC,212F,Kempegowda Bus Station - Tataguni,BR281,3,Kempegowda Bus Station,Tataguni,33,0,Ordinary Variant,Central
BMTC,AJB-CSB,Amarajyothi Badavane - Central Silk Board,BR2606,3,Amarajyothi Badavane,Central Silk Board,41,0,Special,Other
BMTC,212D,Kempegowda Bus Station - Agara,BR280,3,Kempegowda Bus Station,Agara,30,0,Ordinary Variant,Central
BMTC,212C,Krishnarajendra Market - Nagegowdana Palya,BR279,3,Krishnarajendra Market,Nagegowdana Palya,42,0,Ordinary Variant,Central
BMTC,212B,Krishnarajendra Market - Narayanapura,BR278,3,Krishnarajendra Market,Narayanapura,37,0,Ordinary Variant,Central
BMTC,VPS-YBS,Vidyanikethan Public School - Yeshwanthpur TTMC,BR4218,3,Vidyanikethan Public School,Yeshwanthpur TTMC,47,0,Special,West
BMTC,MEICL-JFWTC,MEI Colony - JFWTC-ITPL,BR3722,3,MEI Colony,JFWTC-ITPL,23,0,Special,East
BMTC,325A,Kempegowda Bus Station - Harohalli,BR1634,3,Kempegowda Bus Station,Harohalli,34,0,Ordinary Variant,Central
BMTC,211T,Krishnarajendra Market - OB Choodahalli,BR275,3,Krishnarajendra Market,OB Choodahalli,39,0,Ordinary Variant,Central
BMTC,211U,"Kempegowda Bus Station - Judicial Layout,8th main,TalagattaPura",BR276,3,Kempegowda Bus Station,"Judicial Layout,8th main,TalagattaPura",63,0,Ordinary Variant,Central
BMTC,250DA,Jalahalli Cross - Jalahalli Cross,BR779,3,Jalahalli Cross,Jalahalli Cross,33,1,Special,North
BMTC,211R,Krishnarajendra Market - Anchipura Colony,BR273,3,Krishnarajendra Market,Anchipura Colony,41,0,Ordinary Variant,Central
BMTC,213Q,Krishnarajendra Market - Muthurayapura,BR303,3,Krishnarajendra Market,Muthurayapura,38,0,Ordinary Variant,Central
BMTC,213P,Krishnarajendra Market - TAYAPPANA DODDI,BR302,3,Krishnarajendra Market,TAYAPPANA DODDI,40,0,Ordinary Variant,Central
BMTC,213R,Krishnarajendra Market - Sadanapalya,BR305,3,Krishnarajendra Market,Sadanapalya,36,0,Ordinary Variant,Central
BMTC,213M,Krishnarajendra Market - Allalasandra,BR300,3,Krishnarajendra Market,Allalasandra,37,0,Ordinary Variant,Central
BMTC,213L,Krishnarajendra Market - Hosa Doddi,BR299,3,Krishnarajendra Market,Hosa Doddi,35,0,Ordinary Variant,Central
BMTC,213N,Kempegowda Bus Station - Nettigere,BR301,3,Kempegowda Bus Station,Nettigere,34,0,Ordinary Variant,Central
BMTC,213H,Krishnarajendra Market - Betta Halli Kaval,BR296,3,Krishnarajendra Market,Betta Halli Kaval,42,0,Ordinary Variant,Central
BMTC,213K,Krishnarajendra Market - Gundanjaneya Swamy Temple,BR298,3,Krishnarajendra Market,Gundanjaneya Swamy Temple,50,0,Ordinary Variant,Central
BMTC,213J,Krishnarajendra Market - Bokipura,BR297,3,Krishnarajendra Market,Bokipura,33,0,Ordinary Variant,Central
BMTC,213E,Krishnarajendra Market - Thokathimmanadoddi,BR292,3,Krishnarajendra Market,Thokathimmanadoddi,43,0,Ordinary Variant,Central
BMTC,213D,Krishnarajendra Market - Kempaiahanapalya,BR288,3,Krishnarajendra Market,Kempaiahanapalya,41,0,Ordinary Variant,Central
BMTC,213G,Krishnarajendra Market - New Gabadi,BR295,3,Krishnarajendra Market,New Gabadi,35,0,Ordinary Variant,Central
BMTC,213F,Krishnarajendra Market - Bannigiri,BR293,3,Krishnarajendra Market,Bannigiri,34,0,Ordinary Variant,Central
BMTC,55B,Kempapura Agrahara - Krishnarajendra Market,BR2406,3,Kempapura Agrahara,Krishnarajendra Market,43,0,Ordinary Variant,Central
BMTC,OASIS-YPR,Oasis School - Yeshwanthpur TTMC,BR3834,3,Oasis School,Yeshwanthpur TTMC,32,0,Special,West
BMTC,213A,Krishnarajendra Market - Nettigere,BR285,3,Krishnarajendra Market,Nettigere,34,0,Ordinary Variant,Central
BMTC,326E,Krishnarajendra Market - Hosakote Bus Stand,BR1636,3,Krishnarajendra Market,Hosakote Bus Stand,43,0,Ordinary Variant,Central
BMTC,213B,Krishnarajendra Market - Kagalahalli,BR286,3,Krishnarajendra Market,Kagalahalli,36,0,Ordinary Variant,Central
BMTC,213C,Krishnarajendra Market - Nawkal palya,BR287,3,Krishnarajendra Market,Nawkal palya,37,0,Ordinary Variant,Central
BMTC,326C,Krishnarajendra Market - Kadugodi Bapuji circle,BR1635,3,Krishnarajendra Market,Kadugodi Bapuji circle,47,0,Ordinary Variant,East
BMTC,SBS-ARSP,Shivajinagar Bus Station - Aero Space HAL,BR3925,3,Shivajinagar Bus Station,Aero Space HAL,41,0,Special,Central
BMTC,KBS-12HK,Kempegowda Bus Station - Hosakote Bus Stand,BR3517,3,Kempegowda Bus Station,Hosakote Bus Stand,43,0,Special,Central
BMTC,YRM-MCTC,MCTC Bus Stand - YPR RMC,BR4265,3,MCTC Bus Stand,YPR RMC,24,0,Special,Other
BMTC,213T,Krishnarajendra Market - Veerasandra,BR306,3,Krishnarajendra Market,Veerasandra,36,0,Ordinary Variant,Central
BMTC,213V,Krishnarajendra Market - Harohalli,BR307,3,Krishnarajendra Market,Harohalli,34,0,Ordinary Variant,Central
BMTC,213Z,Kempegowda Bus Station - Harohalli,BR308,3,Kempegowda Bus Station,Harohalli,34,0,Ordinary Variant,Central
BMTC,214B,Krishnarajendra Market - Girigowdana Doddi,BR311,3,Krishnarajendra Market,Girigowdana Doddi,42,0,Ordinary Variant,Central
BMTC,214A,Shivajinagar Bus Station - Tattaguppe,BR310,3,Shivajinagar Bus Station,Tattaguppe,37,0,Ordinary Variant,Central
BMTC,214D,Krishnarajendra Market - Taralu ESTATE,BR313,3,Krishnarajendra Market,Taralu ESTATE,38,0,Ordinary Variant,Central
BMTC,214C,Kempegowda Bus Station - Mukkodlu,BR312,3,Kempegowda Bus Station,Mukkodlu,33,0,Ordinary Variant,Central
BMTC,214E,Krishnarajendra Market - Muninagara,BR315,3,Krishnarajendra Market,Muninagara,35,0,Ordinary Variant,Central
BMTC,214F,Yeshwanthpura Market - Mukkodlu,BR316,3,Yeshwanthpura Market,Mukkodlu,31,0,Ordinary Variant,West
BMTC,214G,Krishnarajendra Market - Gottigehalli,BR317,3,Krishnarajendra Market,Gottigehalli,37,0,Ordinary Variant,Central
BMTC,214H,Krishnarajendra Market - Gullahatti Kaval,BR318,3,Krishnarajendra Market,Gullahatti Kaval,41,0,Ordinary Variant,Central
BMTC,214J,Krishnarajendra Market - Nallakkanadoddi,BR319,3,Krishnarajendra Market,Nallakkanadoddi,40,0,Ordinary Variant,Central
BMTC,214K,Banashankari Bus Station - Tattaguppe,BR320,3,Banashankari Bus Station,Tattaguppe,37,0,Ordinary Variant,South
BMTC,214L,Krishnarajendra Market - KADUJAKKASANDRA,BR321,3,Krishnarajendra Market,KADUJAKKASANDRA,40,0,Ordinary Variant,Central
BMTC,ORRCA-ELCIN,Outer Ring Road Company Association - Electronic City Infosys Software Company,BR3841,3,Outer Ring Road Company Association,Electronic City Infosys Software Company,78,0,Special,Other
BMTC,JFWTC-CVR,JFWTC - C V Ramanagra,BR3432,3,JFWTC,C V Ramanagra,21,0,Special,Other
BMTC,215A,Krishnarajendra Market - Kothnuru Kanakapura Road,BR323,3,Krishnarajendra Market,Kothnuru Kanakapura Road,49,0,Ordinary Variant,Central
BMTC,600D,Minaz Nagara - Shikaripalya,BR2434,3,Minaz Nagara,Shikaripalya,27,0,Ordinary Variant,Other
BMTC,THDL-KBS,Tindlu - Kempegowda Bus Station,BR3997,3,Tindlu,Kempegowda Bus Station,31,0,Special,Central
BMTC,600C,Banashankari Bus Station - Chandapura,BR2429,3,Banashankari Bus Station,Chandapura,37,0,Ordinary Variant,South
BMTC,215E,Kempegowda Bus Station - Eshwara Layout,BR335,3,Kempegowda Bus Station,Eshwara Layout,39,0,Ordinary Variant,Central
BMTC,600A,MCTC Bus Stand - Chandapura,BR2428,3,MCTC Bus Stand,Chandapura,27,0,Ordinary Variant,Other
BMTC,215D,Kempegowda Bus Station - Eshwara Layout,BR334,3,Kempegowda Bus Station,Eshwara Layout,39,0,Ordinary Variant,Central
BMTC,215C,Krishnarajendra Market - Jambusavari dinne,BR330,3,Krishnarajendra Market,Jambusavari dinne,42,0,Ordinary Variant,Central
BMTC,215B,Krishnarajendra Market - Avalahalli BDA Layout,BR326,3,Krishnarajendra Market,Avalahalli BDA Layout,46,0,Ordinary Variant,Central
BMTC,215H,Kempegowda Bus Station - Jambusavari dinne,BR338,3,Kempegowda Bus Station,Jambusavari dinne,42,0,Ordinary Variant,Central
BMTC,320B,Kempegowda Bus Station - GANDHIPURA,BR1595,3,Kempegowda Bus Station,GANDHIPURA,35,0,Ordinary Variant,Central
BMTC,215I,Kempegowda Bus Station - Punjab National Bank Layout,BR341,3,Kempegowda Bus Station,Punjab National Bank Layout,52,0,Ordinary Variant,Central
BMTC,320A,Kempegowda Bus Station - NAGAGONDANAHALLI,BR1594,3,Kempegowda Bus Station,NAGAGONDANAHALLI,41,0,Ordinary Variant,Central
BMTC,215F,Krishnarajendra Market - Kothnuru Kanakapura Road,BR336,3,Krishnarajendra Market,Kothnuru Kanakapura Road,49,0,Ordinary Variant,Central
BMTC,320D,Kempegowda Bus Station - Attibele,BR1597,3,Kempegowda Bus Station,Attibele,33,0,Ordinary Variant,Central
BMTC,215G,Kempegowda Bus Station - Srinidhi Layout,BR337,3,Kempegowda Bus Station,Srinidhi Layout,40,0,Ordinary Variant,Central
BMTC,320C,Shivajinagar Bus Station - Vaidehi Hospital,BR1596,3,Shivajinagar Bus Station,Vaidehi Hospital,43,0,Ordinary Variant,Central
BMTC,215L,Jeevan Bhimanagara Bus stand - Kothnuru Kanakapura Road,BR344,3,Jeevan Bhimanagara Bus stand,Kothnuru Kanakapura Road,55,0,Ordinary Variant,Other
BMTC,215M,Kempegowda Bus Station - Vinayaka Nagara Telecome Layout,BR345,3,Kempegowda Bus Station,Vinayaka Nagara Telecome Layout,56,0,Ordinary Variant,Central
BMTC,320E,Shivajinagar Bus Station - NAGAGONDANAHALLI,BR1598,3,Shivajinagar Bus Station,NAGAGONDANAHALLI,43,0,Ordinary Variant,Central
BMTC,215J,Kempegowda Bus Station - Kothnuru Kanakapura Road,BR342,3,Kempegowda Bus Station,Kothnuru Kanakapura Road,49,0,Ordinary Variant,Central
BMTC,320H,Shivajinagar Bus Station - GANDHIPURA,BR1599,3,Shivajinagar Bus Station,GANDHIPURA,37,0,Ordinary Variant,Central
BMTC,600F,BANASHANKARI TTMC - Attibele,BR2435,3,BANASHANKARI TTMC,Attibele,28,0,Ordinary Variant,South
BMTC,215K,Krishnarajendra Market - Anjanapura,BR343,3,Krishnarajendra Market,Anjanapura,35,0,Ordinary Variant,Central
BMTC,600G,ISRO Layout - Chandapura,BR2440,3,ISRO Layout,Chandapura,24,0,Ordinary Variant,Other
BMTC,215P,Kempegowda Bus Station - Sowdamini Kalyana Mantapa,BR352,3,Kempegowda Bus Station,Sowdamini Kalyana Mantapa,50,0,Ordinary Variant,Central
BMTC,320J,Hope Form - Hope Form,BR1600,3,Hope Form,Hope Form,21,1,Ordinary Variant,Other
BMTC,BMT23-BMES,BMT-23 - BM English School Bellahalli,BR2747,3,BMT-23,BM English School Bellahalli,37,0,Special,Other
BMTC,BMT11-KVBS,Depot 11 - Kaval Byrasandra,BR2724,3,Depot 11,Kaval Byrasandra,27,0,Special,Other
BMTC,215N,Kempegowda Bus Station - Anjanapura,BR348,3,Kempegowda Bus Station,Anjanapura,35,0,Ordinary Variant,Central
BMTC,215T,Krishnarajendra Market - Tulasipura,BR354,3,Krishnarajendra Market,Tulasipura,35,0,Ordinary Variant,Central
BMTC,SBS-BPL,Bapuji Layout - Shivajinagar Bus Station,BR3928,3,Bapuji Layout,Shivajinagar Bus Station,40,0,Special,Central
BMTC,215U,Shivajinagar Bus Station - Kothnuru Kanakapura Road,BR355,3,Shivajinagar Bus Station,Kothnuru Kanakapura Road,51,0,Ordinary Variant,Central
BMTC,600Q,BANASHANKARI TTMC - Electronic City 2nd Phase,BR2445,3,BANASHANKARI TTMC,Electronic City 2nd Phase,45,0,Ordinary Variant,South
BMTC,215R,Kempegowda Bus Station - Kothnuru Kanakapura Road,BR353,3,Kempegowda Bus Station,Kothnuru Kanakapura Road,49,0,Ordinary Variant,Central
BMTC,BTP-KMK,Bagmane Teck Park - Kamakya Talkies,BR2817,3,Bagmane Teck Park,Kamakya Talkies,35,0,Special,Other
BMTC,215Z,Krishnarajendra Market - Bannerughatta Circle,BR359,3,Krishnarajendra Market,Bannerughatta Circle,45,0,Ordinary Variant,Central
BMTC,215W,Banashankari Bus Station - Banashankari Bus Station,BR356,3,Banashankari Bus Station,Banashankari Bus Station,51,1,Ordinary Variant,South
BMTC,V-212,Kempegowda Bus Station - Thalaghattapura Bus Stop,BR4032,3,Kempegowda Bus Station,Thalaghattapura Bus Stop,49,0,Ordinary,Central
BMTC,215Y,Banashankari Bus Station - Banashankari Bus Station,BR358,3,Banashankari Bus Station,Banashankari Bus Station,51,1,Ordinary Variant,South
BMTC,215X,Krishnarajendra Market - Thippasandra,BR357,3,Krishnarajendra Market,Thippasandra,37,0,Ordinary Variant,Central
BMTC,321A,Krishnarajendra Market - Seegehalli,BR1602,3,Krishnarajendra Market,Seegehalli,35,0,Ordinary Variant,Central
BMTC,KBG-KWS,Kumbalgodu - Kengeri KSRTC Regional Workshop,BR3512,3,Kumbalgodu,Kengeri KSRTC Regional Workshop,44,0,Special,South
BMTC,216B,Krishnarajendra Market - Bade Katte,BR363,3,Krishnarajendra Market,Bade Katte,35,0,Ordinary Variant,Central
BMTC,216A,Krishnarajendra Market - Byrasandra,BR362,3,Krishnarajendra Market,Byrasandra,35,0,Ordinary Variant,Central
BMTC,321G,Kempegowda Bus Station - Muthkuru,BR1606,3,Kempegowda Bus Station,Muthkuru,33,0,Ordinary Variant,Central
BMTC,JPA-YST,Janapriya Apartments - Yelahanka Satellite Town,BR3454,3,Janapriya Apartments,Yelahanka Satellite Town,47,0,Special,North
BMTC,321E,Shivajinagar Bus Station - Muthkuru,BR1605,3,Shivajinagar Bus Station,Muthkuru,35,0,Ordinary Variant,Central
BMTC,321D,Krishnarajendra Market - Naganayakana Kote,BR1604,3,Krishnarajendra Market,Naganayakana Kote,42,0,Ordinary Variant,Central
BMTC,321C,Krishnarajendra Market - Samethanahalli,BR1603,3,Krishnarajendra Market,Samethanahalli,39,0,Ordinary Variant,Central
BMTC,KRM-TVG,Krishnarajendra Market - Totagere,BR3645,3,Krishnarajendra Market,Totagere,33,0,Special,Central
BMTC,RKH-BPS,Ramakrishna Hegde Nagara - Boopa Sandra,BR3903,3,Ramakrishna Hegde Nagara,Boopa Sandra,39,0,Special,Other
BMTC,SNPS-BPT,Sahakar Nagar Police Out Post - BAGMANE TECH PARK,BR3966,3,Sahakar Nagar Police Out Post,BAGMANE TECH PARK,49,0,Special,Other
BMTC,Depot-13-MCTC,Depot-13-BS - MCTC Bus Stand,BR3244,3,Depot-13-BS,MCTC Bus Stand,28,0,Special,Other
BMTC,CR348D,Mangammana Palya - Sophiya High School,BR3048,3,Mangammana Palya,Sophiya High School,38,0,Ordinary Variant,Other
BMTC,ASK-KRP,Arishinakunte - KR Puram,BR2646,3,Arishinakunte,KR Puram,24,0,Special,East
BMTC,217F,BANASHANKARI TTMC - Kengeri TTMC,BR369,3,BANASHANKARI TTMC,Kengeri TTMC,32,0,Ordinary Variant,South
BMTC,217E,Shivajinagar Bus Station - BALAJI LAYOUT,BR368,3,Shivajinagar Bus Station,BALAJI LAYOUT,40,0,Ordinary Variant,Central
BMTC,322A,Kempegowda Bus Station - Tattanur,BR1608,3,Kempegowda Bus Station,Tattanur,33,0,Ordinary Variant,Central
BMTC,217D,Kempegowda Bus Station - Lakshmi Temple,BR367,3,Kempegowda Bus Station,Lakshmi Temple,39,0,Ordinary Variant,Central
BMTC,217C,Sompura - Kempegowda Bus Station,BR366,3,Sompura,Kempegowda Bus Station,32,0,Ordinary Variant,Central
BMTC,217B,Krishnarajendra Market - Kengeri TTMC,BR365,3,Krishnarajendra Market,Kengeri TTMC,37,0,Ordinary Variant,South
BMTC,ASK-KRM,Arishinakunte - KR Puram,BR2645,3,Arishinakunte,KR Puram,24,0,Special,East
BMTC,BMT23-GTOC,Depot 23 - Gun Troops Officer Colony,BR2748,3,Depot 23,Gun Troops Officer Colony,36,0,Special,Other
BMTC,322D,Kempegowda Bus Station - Bhodana Hosahalli,BR1610,3,Kempegowda Bus Station,Bhodana Hosahalli,42,0,Ordinary Variant,Central
BMTC,322C,Krishnarajendra Market - Channasandra,BR1609,3,Krishnarajendra Market,Channasandra,37,0,Ordinary Variant,Central
BMTC,322E,Krishnarajendra Market - Arehalli,BR1611,3,Krishnarajendra Market,Arehalli,33,0,Ordinary Variant,Central
BMTC,322M,Krishnarajendra Market - Tattanur,BR1612,3,Krishnarajendra Market,Tattanur,33,0,Ordinary Variant,Central
BMTC,290S,Venkateshwara Nagara - Shivajinagar Bus Station,BR1232,3,Venkateshwara Nagara,Shivajinagar Bus Station,47,0,Ordinary Variant,Central
BMTC,218A,Kambipura - Kempegowda Bus Station,BR371,3,Kambipura,Kempegowda Bus Station,34,0,Ordinary Variant,Central
BMTC,290T,H Tippunagar - Krishnarajendra Market,BR1233,3,H Tippunagar,Krishnarajendra Market,37,0,Ordinary Variant,Central
BMTC,218B,Kambipura - Shivajinagar Bus Station,BR372,3,Kambipura,Shivajinagar Bus Station,36,0,Ordinary Variant,Central
BMTC,290Q,Neelasandra Rose Garden - Ramakrishna Hegde Nagara,BR1228,3,Neelasandra Rose Garden,Ramakrishna Hegde Nagara,50,0,Ordinary Variant,Other
BMTC,290R,Krishnarajendra Market - Razak Palya,BR1230,3,Krishnarajendra Market,Razak Palya,36,0,Ordinary Variant,Central
BMTC,290K,Ambedkar Medical College Shampura - Shivajinagar Bus Station,BR1223,3,Ambedkar Medical College Shampura,Shivajinagar Bus Station,60,0,Ordinary Variant,Central
BMTC,V-411L,Shanthinagar TTMC - Kadugodi,BR4121,3,Shanthinagar TTMC,Kadugodi,28,0,Ordinary Variant,East
BMTC,290L,HBR Layout Ist Stage - Shivajinagar Bus Station,BR1225,3,HBR Layout Ist Stage,Shivajinagar Bus Station,47,0,Ordinary Variant,Central
BMTC,V-411J,Bannerghatta National Park - JFWTC,BR4120,3,Bannerghatta National Park,JFWTC,34,0,Ordinary Variant,Other
BMTC,290J,Mestripalya - Kempegowda Bus Station,BR1222,3,Mestripalya,Kempegowda Bus Station,36,0,Ordinary Variant,Central
BMTC,BTP-ELCWG,BAGMANE TECH PARK - Electronic City Wipro Gate,BR2813,3,BAGMANE TECH PARK,Electronic City Wipro Gate,46,0,Special,Other
BMTC,CR-398B,Kaggalipura - Electronic City,BR2987,3,Kaggalipura,Electronic City,29,0,Ordinary Variant,Other
BMTC,BHRT-HBRF,Jai Bharath Nagara - HBR Layout Ist Stage,BR2687,3,Jai Bharath Nagara,HBR Layout Ist Stage,41,0,Special,Other
BMTC,290N,Krishnarajendra Market - Thanisandra,BR1226,3,Krishnarajendra Market,Thanisandra,36,0,Ordinary Variant,Central
BMTC,291E,Krishnarajendra Market - Ambedkar Medical College Shampura,BR1242,3,Krishnarajendra Market,Ambedkar Medical College Shampura,58,0,Ordinary Variant,Central
BMTC,291D,Yelahanka - Shivajinagar Bus Station,BR1241,3,Yelahanka,Shivajinagar Bus Station,36,0,Ordinary Variant,North
BMTC,291C,Ramakrishna Hegde Nagara - MCTC Bus Stand,BR1240,3,Ramakrishna Hegde Nagara,MCTC Bus Stand,41,0,Ordinary Variant,Other
BMTC,291B,Krishnarajendra Market - Rachenahalli,BR1239,3,Krishnarajendra Market,Rachenahalli,37,0,Ordinary Variant,Central
BMTC,291H,Kempegowda Bus Station - Ramakrishna Hegde Nagara,BR1244,3,Kempegowda Bus Station,Ramakrishna Hegde Nagara,49,0,Ordinary Variant,Central
BMTC,291G,Govinda Pura - Shivajinagar Bus Station,BR1243,3,Govinda Pura,Shivajinagar Bus Station,39,0,Ordinary Variant,Central
BMTC,JFWTC-SVN,JFWTC - Srinivasa Nagara,BR3443,3,JFWTC,Srinivasa Nagara,24,0,Special,Other
BMTC,290Z,Bande Kodigehalli - Shivajinagar Bus Station,BR1236,3,Bande Kodigehalli,Shivajinagar Bus Station,44,0,Ordinary Variant,Central
BMTC,290Y,Ramakrishna Hegde Nagara - Yeshwanthpur TTMC,BR1235,3,Ramakrishna Hegde Nagara,Yeshwanthpur TTMC,44,0,Ordinary Variant,West
BMTC,291A,Agrahara Layout - Krishnarajendra Market,BR1238,3,Agrahara Layout,Krishnarajendra Market,40,0,Ordinary Variant,Central
BMTC,V-ANTG-VRP,Anantapura Gate - Vidyaranyapura,BR4176,3,Anantapura Gate,Vidyaranyapura,32,0,Special,North
BMTC,506,Banashankari Bus Station - Devanagundi,BR2391,3,Banashankari Bus Station,Devanagundi,38,0,Ordinary,South
BMTC,BNW-CHLS,Banasawadi Horamvu - Christel House Learning School,BR2780,3,Banasawadi Horamvu,Christel House Learning School,51,0,Special,Other
BMTC,503,Vidyaranyapura - Marathahalli Bridge,BR2381,3,Vidyaranyapura,Marathahalli Bridge,36,0,Ordinary,North
BMTC,504,Tin Factory - Tin Factory,BR2383,3,Tin Factory,Tin Factory,25,1,Ordinary,Other
BMTC,507,Peenya 2nd stage - KR Puram,BR2393,3,Peenya 2nd stage,KR Puram,27,0,Ordinary,North
BMTC,TRD-GFGC,Thoredoddi - Govt First Grade College Bidadi,BR4018,3,Thoredoddi,Govt First Grade College Bidadi,44,0,Special,Other
BMTC,BMT10-LTCL,Depot 10 - Lokesh Tent Circle,BR2716,3,Depot 10,Lokesh Tent Circle,29,0,Special,Other
BMTC,501,Banashankari Bus Station - Banashankari Bus Station,BR2349,3,Banashankari Bus Station,Banashankari Bus Station,51,1,Ordinary,South
BMTC,219A,Krishnarajendra Market - Krishnarajendra Market,BR374,3,Krishnarajendra Market,Krishnarajendra Market,47,1,Ordinary Variant,Central
BMTC,502,Kengeri Satelite Town - Kadugodi,BR2361,3,Kengeri Satelite Town,Kadugodi,32,0,Ordinary,South
BMTC,CR-399A,Shivanapura - Chandapura,BR2988,3,Shivanapura,Chandapura,24,0,Ordinary Variant,Other
BMTC,500,Banashankari Bus Station - Banashankari Bus Station,BR2315,3,Banashankari Bus Station,Banashankari Bus Station,51,1,Ordinary,South
BMTC,LCA-TDL,HAL/LCA - Thindlu,BR3669,3,HAL/LCA,Thindlu,17,0,Special,Other
BMTC,290B,Tanisandra - Kempegowda Bus Station,BR1212,3,Tanisandra,Kempegowda Bus Station,35,0,Ordinary Variant,Central
BMTC,290A,Shivajinagar Bus Station - Rachenahalli,BR1211,3,Shivajinagar Bus Station,Rachenahalli,39,0,Ordinary Variant,Central
BMTC,290D,Shampura - Kempegowda Bus Station,BR1214,3,Shampura,Kempegowda Bus Station,33,0,Ordinary Variant,Central
BMTC,290C,Shivajinagar Bus Station - Nagavara,BR1213,3,Shivajinagar Bus Station,Nagavara,35,0,Ordinary Variant,Central
BMTC,290F,Agrahara Layout - Shivajinagar Bus Station,BR1218,3,Agrahara Layout,Shivajinagar Bus Station,42,0,Ordinary Variant,Central
BMTC,290E,Yelahanka - Shivajinagar Bus Station,BR1215,3,Yelahanka,Shivajinagar Bus Station,36,0,Ordinary Variant,North
BMTC,290H,Shivajinagar Bus Station - RAILWAY GATE SHAMPURA,BR1220,3,Shivajinagar Bus Station,RAILWAY GATE SHAMPURA,48,0,Ordinary Variant,Central
BMTC,290G,Shivajinagar Bus Station - Vidyasagara Bus Stop,BR1219,3,Shivajinagar Bus Station,Vidyasagara Bus Stop,47,0,Ordinary Variant,Central
BMTC,293K,Krishnarajendra Market - Mailanahalli Bagalur,BR1269,3,Krishnarajendra Market,Mailanahalli Bagalur,45,0,Ordinary Variant,Central
BMTC,293J,Krishnarajendra Market - Marasandra Bagalur,BR1268,3,Krishnarajendra Market,Marasandra Bagalur,43,0,Ordinary Variant,Central
BMTC,293H,Kempegowda Bus Station - Dasanayakanahalli,BR1267,3,Kempegowda Bus Station,Dasanayakanahalli,42,0,Ordinary Variant,Central
BMTC,293G,Shivajinagar Bus Station - Yarappanahalli,BR1266,3,Shivajinagar Bus Station,Yarappanahalli,41,0,Ordinary Variant,Central
BMTC,293F,Krishnarajendra Market - HUNASOORU,BR1265,3,Krishnarajendra Market,HUNASOORU,34,0,Ordinary Variant,Central
BMTC,293E,Krishnarajendra Market - Muttugada Halli Chikka jala,BR1264,3,Krishnarajendra Market,Muttugada Halli Chikka jala,52,0,Ordinary Variant,Central
BMTC,293D,Krishnarajendra Market - Singahalli,BR1263,3,Krishnarajendra Market,Singahalli,35,0,Ordinary Variant,Central
BMTC,293C,Krishnarajendra Market - KNarayanapura,BR1262,3,Krishnarajendra Market,KNarayanapura,38,0,Ordinary Variant,Central
BMTC,293B,Krishnarajendra Market - Kada Agrahara,BR1261,3,Krishnarajendra Market,Kada Agrahara,38,0,Ordinary Variant,Central
BMTC,293A,Horamavu Agara - Krishnarajendra Market,BR1260,3,Horamavu Agara,Krishnarajendra Market,39,0,Ordinary Variant,Central
BMTC,D16-NBVB,Deepanjali nagara BMT-16 - Nagarabhavi BDA Complex,BR3211,3,Deepanjali nagara BMT-16,Nagarabhavi BDA Complex,50,0,Special,Other
BMTC,188B,Chennamma kere Achukattu - Chowdeshwari Bus Stop,BR171,3,Chennamma kere Achukattu,Chowdeshwari Bus Stop,48,0,Ordinary Variant,Other
BMTC,THL-ORRCA,Thindlu - Outer Ring Road Company Association,BR3999,3,Thindlu,Outer Ring Road Company Association,45,0,Special,Other
BMTC,291R,Govinda Pura - Jagajeevanram Nagara,BR1252,3,Govinda Pura,Jagajeevanram Nagara,35,0,Ordinary Variant,Other
BMTC,291N,Krishnarajendra Market - Govinda Pura,BR1250,3,Krishnarajendra Market,Govinda Pura,37,0,Ordinary Variant,Central
BMTC,S-18,Jayanagara 9th Block - Kempegowda Bus Station,BR3914,3,Jayanagara 9th Block,Kempegowda Bus Station,45,0,Ordinary,South
BMTC,291P,Shivajinagar Bus Station - Yelahanka,BR1251,3,Shivajinagar Bus Station,Yelahanka,36,0,Ordinary Variant,North
BMTC,291J,Ramakrishna Hegde Nagara - Krishnarajendra Market,BR1245,3,Ramakrishna Hegde Nagara,Krishnarajendra Market,49,0,Ordinary Variant,Central
BMTC,BTP-BSN-KST,Kengeri Satelite Town - Bagmane Teck Park,BR2810,3,Kengeri Satelite Town,Bagmane Teck Park,41,0,Special,South
BMTC,291K,Shivajinagar Bus Station - Rajanukunte,BR1247,3,Shivajinagar Bus Station,Rajanukunte,38,0,Ordinary Variant,Central
BMTC,291L,Mailanahalli Bagalur - Shivajinagar Bus Station,BR1248,3,Mailanahalli Bagalur,Shivajinagar Bus Station,47,0,Ordinary Variant,Central
BMTC,291M,Kempegowda Bus Station - Govinda Pura,BR1249,3,Kempegowda Bus Station,Govinda Pura,37,0,Ordinary Variant,Central
BMTC,JPV-8,Shivajinagar Bus Station - JP Nagara 15th Cross,BR3499,3,Shivajinagar Bus Station,JP Nagara 15th Cross,47,0,Ordinary,South
BMTC,JPV-5,Kempegowda Bus Station - Banashankari 3rd Stage 3rd Phase,BR3496,3,Kempegowda Bus Station,Banashankari 3rd Stage 3rd Phase,57,0,Ordinary,South
BMTC,292D,Nagaresha Nagenahalli Dinne - Shivajinagar Bus Station,BR1256,3,Nagaresha Nagenahalli Dinne,Shivajinagar Bus Station,54,0,Ordinary Variant,Central
BMTC,292C,Kempegowda Bus Station - KNarayanapura,BR1255,3,Kempegowda Bus Station,KNarayanapura,38,0,Ordinary Variant,Central
BMTC,292F,BDS Nagara - Shivajinagar Bus Station,BR1258,3,BDS Nagara,Shivajinagar Bus Station,37,0,Ordinary Variant,Central
BMTC,292E,Kempegowda Bus Station - Nagaresha Nagenahalli Dinne,BR1257,3,Kempegowda Bus Station,Nagaresha Nagenahalli Dinne,52,0,Ordinary Variant,Central
BMTC,292B,Kempegowda Bus Station - Nagaresha Nagenahalli Dinne,BR1254,3,Kempegowda Bus Station,Nagaresha Nagenahalli Dinne,52,0,Ordinary Variant,Central
BMTC,JPV-3,Kempegowda Bus Station - Kamalanagar BEML layout,BR3483,3,Kempegowda Bus Station,Kamalanagar BEML layout,48,0,Ordinary,Central
BMTC,HALPS-AMD,HAL Police Station - AMD Private Limited,BR3369,3,HAL Police Station,AMD Private Limited,40,0,Special,Other
BMTC,JFWTC-KUSA,JFWTC-ITPL - Shirke Bus Stand,BR3439,3,JFWTC-ITPL,Shirke Bus Stand,29,0,Special,East
BMTC,MBS-AIT,Dr Ambedkar Institute Of Technology - Malleshwaram Bus Station,BR3693,3,Dr Ambedkar Institute Of Technology,Malleshwaram Bus Station,62,0,Special,West
BMTC,Depot25-MDLM,Depot-25 - Madiwala MARKET,BR3274,3,Depot-25,Madiwala MARKET,26,0,Special,Other
BMTC,KBS-GRH,Kempegowda Bus Station - Guruvanahalli,BR3540,3,Kempegowda Bus Station,Guruvanahalli,38,0,Special,Central
BMTC,210NF,Kempegowda Bus Station - BEML Layout 5th Stage,BR239,3,Kempegowda Bus Station,BEML Layout 5th Stage,46,0,Special,Central
BMTC,210NH,Kempegowda Bus Station - Uttarahalli,BR241,3,Kempegowda Bus Station,Uttarahalli,36,0,Special,Central
BMTC,210NG,Kempegowda Bus Station - Gubbalala,BR240,3,Kempegowda Bus Station,Gubbalala,34,0,Special,Central
BMTC,210NB,Kempegowda Bus Station - Banashankari 5th Stage,BR236,3,Kempegowda Bus Station,Banashankari 5th Stage,47,0,Special,South
BMTC,210NA,Kempegowda Bus Station - Poornapragna Layout,BR235,3,Kempegowda Bus Station,Poornapragna Layout,44,0,Special,Central
BMTC,210ND,Kempegowda Bus Station - BSK 5th stage patalamma Tempel,BR238,3,Kempegowda Bus Station,BSK 5th stage patalamma Tempel,55,0,Special,Central
BMTC,NBVSC-KBS,Nagarabhavi Sports Club - Kempegowda Bus Station,BR3796,3,Nagarabhavi Sports Club,Kempegowda Bus Station,48,0,Special,Central
BMTC,210NC,Kempegowda Bus Station - BHEL Layout Maramma Temple,BR237,3,Kempegowda Bus Station,BHEL Layout Maramma Temple,51,0,Special,Central
BMTC,CLF-CJP,Chandra Layout 1st Stage - Chowdeshwari Bus Stand JP Park,BR2868,3,Chandra Layout 1st Stage,Chowdeshwari Bus Stand JP Park,57,0,Special,Other
BMTC,362CA,Vishwapriya Layout - Shivajinagar Bus Station,BR1957,3,Vishwapriya Layout,Shivajinagar Bus Station,45,0,Special,Central
BMTC,BTMA-MEBP,BTMAXA Software Company - Manyatha Embasy Business Park,BR2806,3,BTMAXA Software Company,Manyatha Embasy Business Park,55,0,Special,Other
BMTC,334EA,Shivajinagar Bus Station - Hosakote Govt High School,BR1711,3,Shivajinagar Bus Station,Hosakote Govt High School,52,0,Special,Central
BMTC,334EE,Hosakote Bus Stand - Maratahalli,BR1712,3,Hosakote Bus Stand,Maratahalli,32,0,Special,Other
BMTC,305NT,White Field TTMC - Kattigenahalli Gate,BR1428,3,White Field TTMC,Kattigenahalli Gate,38,0,Special,Other
BMTC,235AA,Krishnarajendra Market - Bangalore University ADM Block,BR551,3,Krishnarajendra Market,Bangalore University ADM Block,55,0,Special,Central
BMTC,235AB,Krishna Rao Park - Bangalore University Gate Mysore Road,BR552,3,Krishna Rao Park,Bangalore University Gate Mysore Road,56,0,Special,Other
BMTC,NEA-MRHB,Nagashetty Halli E Spring Apartment - Kala Mandir Marathalli,BR3801,3,Nagashetty Halli E Spring Apartment,Kala Mandir Marathalli,60,0,Special,Other
BMTC,MBWD-KBS,Mallara Banavadi - Kempegowda Bus Station,BR3694,3,Mallara Banavadi,Kempegowda Bus Station,41,0,Special,Central
BMTC,D21-INF,BMTC Depot-21 - Infosys,BR3222,3,BMTC Depot-21,Infosys,23,0,Special,Other
BMTC,BMT-25-VPLO,Depot-25 - Vishwapriya Layout,BR2705,3,Depot-25,Vishwapriya Layout,29,0,Special,Other
BMTC,YHK-SNH,Yelahanka - Sonnenahalli,BR4257,3,Yelahanka,Sonnenahalli,24,0,Special,North
BMTC,CR-60A,Jayanagara 9th Block - Infosys,BR3019,3,Jayanagara 9th Block,Infosys,30,0,Ordinary Variant,South
BMTC,ALR-ASK,Aluru - Arishinakunte,BR2608,3,Aluru,Arishinakunte,21,0,Special,Other
BMTC,PHS-21,Krishnarajendra Market - Jn of Hosur Road,BR3847,3,Krishnarajendra Market,Jn of Hosur Road,41,0,Ordinary,Central
BMTC,PHS-23,Jayanagara 9th Block - Kempegowda Bus Station,BR3848,3,Jayanagara 9th Block,Kempegowda Bus Station,45,0,Ordinary,South
BMTC,PHS-25,Krishnarajendra Market - Jayanagara Bus Stand,BR3849,3,Krishnarajendra Market,Jayanagara Bus Stand,45,0,Ordinary,South
BMTC,DEPOT8-ORKK,Depot 8 - RR Kalyanamantapa Okalipuram,BR3279,3,Depot 8,RR Kalyanamantapa Okalipuram,38,0,Special,West
BMTC,PHS-27,Krishnarajendra Market - Marathahalli Bridge,BR3850,3,Krishnarajendra Market,Marathahalli Bridge,44,0,Ordinary,Central
BMTC,V-287A,Hebbala - Shivajinagar Bus Station,BR4049,3,Hebbala,Shivajinagar Bus Station,34,0,Ordinary Variant,North
BMTC,HENB-SJHS,Ramakrishna Hegde Nagara - St John High School,BR3385,3,Ramakrishna Hegde Nagara,St John High School,46,0,Special,Other
BMTC,JFWTC-NBVSC,JFWTC-ITPL - Nagarabhavi Sports Club,BR3441,3,JFWTC-ITPL,Nagarabhavi Sports Club,36,0,Special,East
BMTC,CR333,Shanthi Nagara Bus Station - AECS Layout,BR3047,3,Shanthi Nagara Bus Station,AECS Layout,40,0,Ordinary,Other
BMTC,C-365,Kempegowda Bus Station - Bannerghatta National Park,BR2824,3,Kempegowda Bus Station,Bannerghatta National Park,51,0,Ordinary,Central
BMTC,CR330,Maratahalli Bridge - Vidhana Soudha,BR3046,3,Maratahalli Bridge,Vidhana Soudha,35,0,Ordinary,Other
BMTC,IND6thM-ADT,HAL 6th Main - Adithi School,BR3412,3,HAL 6th Main,Adithi School,28,0,Special,Other
BMTC,CR-JPV-600C,Ramakrishna Ashrama - Electronic City,BR3030,3,Ramakrishna Ashrama,Electronic City,37,0,Ordinary Variant,Other
BMTC,JFWTC-TPS,JFWTC - Tippasandra,BR3444,3,JFWTC,Tippasandra,19,0,Special,Other
BMTC,60-A,JP Nagar 6th Phase - Krishnarajendra Market,BR2425,3,JP Nagar 6th Phase,Krishnarajendra Market,43,0,Ordinary Variant,South
BMTC,SPGH-HALLCA,Sampigehalli - HAL/LCA,BR3974,3,Sampigehalli,HAL/LCA,22,0,Special,Other
BMTC,GMH-KMT,Gudemarenahalli Village - Krishnarajendra Market,BR3351,3,Gudemarenahalli Village,Krishnarajendra Market,48,0,Special,Central
BMTC,V-285M,Kempegowda Bus Station - Doddaballapura,BR4048,3,Kempegowda Bus Station,Doddaballapura,39,0,Ordinary Variant,Central
BMTC,CR368,Valley School - Krishnarajendra Market,BR3050,3,Valley School,Krishnarajendra Market,38,0,Ordinary,Central
BMTC,ANDA-ORRCA,Avalahalli Nandi Garden - Outer Ring Road Company Association,BR2618,3,Avalahalli Nandi Garden,Outer Ring Road Company Association,61,0,Special,Other
BMTC,Depot11-HAPT,Depot 11 - Heritage Apartment,BR3260,3,Depot 11,Heritage Apartment,29,0,Special,Other
BMTC,CR-248G,Shivajinagar Bus Station - Vigneshwara Nagara,BR2922,3,Shivajinagar Bus Station,Vigneshwara Nagara,45,0,Ordinary Variant,Central
BMTC,NRP-PRP-SHM,Summanahalli Magadi Road - Narasipura,BR3832,3,Summanahalli Magadi Road,Narasipura,37,0,Special,Other
BMTC,GGBS-BTP,Gottigere - BAGMANE TECH PARK,BR3340,3,Gottigere,BAGMANE TECH PARK,29,0,Special,Other
BMTC,MTR-KBS,Mind Tree - Kempegowda Bus Station,BR3785,3,Mind Tree,Kempegowda Bus Station,34,0,Special,Central
BMTC,NML-KBS,Nelamangala - Kempegowda Bus Station,BR3830,3,Nelamangala,Kempegowda Bus Station,36,0,Special,Central
BMTC,HRH-KBS,Haro Kyatanahalli - Kempegowda Bus Station,BR3401,3,Haro Kyatanahalli,Kempegowda Bus Station,42,0,Special,Central
BMTC,BTP-CVR,Bagmane Teck Park - C V Ramanagra,BR2812,3,Bagmane Teck Park,C V Ramanagra,33,0,Special,Other
BMTC,KDH-CGCB,Kodigehalli Yelahanka road - Canara Bank Cunningham Road,BR3573,3,Kodigehalli Yelahanka road,Canara Bank Cunningham Road,56,0,Special,North
BMTC,G-9,Yelahanka Satelite Town 5th Phase - Maniksha Parade Ground,BR3330,3,Yelahanka Satelite Town 5th Phase,Maniksha Parade Ground,58,0,Ordinary,North
BMTC,G-8,Nelamangala - MGRoad,BR3329,3,Nelamangala,MGRoad,20,0,Ordinary,Other
BMTC,G-7,Kempegowda Bus Station - Janapriya Town Ship,BR3328,3,Kempegowda Bus Station,Janapriya Town Ship,44,0,Ordinary,Central
BMTC,289Z,Bandi Kodigehalli - Kempegowda Bus Station,BR1208,3,Bandi Kodigehalli,Kempegowda Bus Station,42,0,Ordinary Variant,Central
BMTC,G-6,Shanthinagar TTMC - Shirke KHB Quarters,BR3327,3,Shanthinagar TTMC,Shirke KHB Quarters,39,0,Ordinary,Other
BMTC,96AS,Basaveshwara Nagara - Shanthinagar TTMC,BR2576,3,Basaveshwara Nagara,Shanthinagar TTMC,39,0,Special,Other
BMTC,AMTEC-CLO,Chandra Layout - MATHA AMRUTHAMAYI COLLEGE,BR2616,3,Chandra Layout,MATHA AMRUTHAMAYI COLLEGE,42,0,Special,Other
BMTC,210FB,Shivajinagar Bus Station - BHEL Layout Maramma Temple,BR222,3,Shivajinagar Bus Station,BHEL Layout Maramma Temple,53,0,Special,Central
BMTC,210FA,Shivajinagar Bus Station - Poornapragna Layout,BR221,3,Shivajinagar Bus Station,Poornapragna Layout,46,0,Special,Central
BMTC,YBS-GLRB,Yeshwanthpur TTMC - Geleyara Balaga Bus Stand,BR4250,3,Yeshwanthpur TTMC,Geleyara Balaga Bus Stand,45,0,Special,West
BMTC,CS-80A,Nandhini Layout Bus Station - Kempegowda Bus Station,BR3178,3,Nandhini Layout Bus Station,Kempegowda Bus Station,52,0,Ordinary Variant,Central
BMTC,CBLO-HSS,Cambridge Layout - Head Start School,BR2832,3,Cambridge Layout,Head Start School,36,0,Special,Other
BMTC,ABISRO-ISRO,Arybhata ISRO Head Office - ISRO Layout,BR2590,3,Arybhata ISRO Head Office,ISRO Layout,39,0,Special,Other
BMTC,CS-80G,Swatantryodhara Nagara - Kempegowda Bus Station,BR3179,3,Swatantryodhara Nagara,Kempegowda Bus Station,47,0,Ordinary Variant,Central
BMTC,C-500F,Central Silk Board - Kadugodi,BR2828,3,Central Silk Board,Kadugodi,29,0,Ordinary Variant,East
BMTC,G-1,Shivajinagar Bus Station - Kadugodi,BR3317,3,Shivajinagar Bus Station,Kadugodi,35,0,Ordinary,East
BMTC,C-500A,Banashankari Bus Station - Hebbala,BR2826,3,Banashankari Bus Station,Hebbala,34,0,Ordinary Variant,North
BMTC,G-4,Brigade Road - Bannerghatta National Park,BR3325,3,Brigade Road,Bannerghatta National Park,41,0,Ordinary,Other
BMTC,KMN-GNR,Kamalanagar BEML layout - Ganga Nagara,BR3610,3,Kamalanagar BEML layout,Ganga Nagara,38,0,Special,Other
BMTC,G-5,Corporation - Kaggalipura,BR3326,3,Corporation,Kaggalipura,25,0,Ordinary,Other
BMTC,G-2,Mayohall - Sarjapura Bus Stand,BR3321,3,Mayohall,Sarjapura Bus Stand,30,0,Ordinary,Other
BMTC,G-3,Brigade Road - Electronic City Wipro Gate,BR3323,3,Brigade Road,Electronic City Wipro Gate,41,0,Ordinary,Other
BMTC,210GA,Shivajinagar Bus Station - Kumaraswamy Layout West,BR224,3,Shivajinagar Bus Station,Kumaraswamy Layout West,50,0,Special,Central
BMTC,SBS-CBH,Shivajinagar Bus Station - Chikkabettahalli,BR3929,3,Shivajinagar Bus Station,Chikkabettahalli,43,0,Special,Central
BMTC,Depot11-VRP,Depot 11 - Vidyaranyapura 6th Block,BR3265,3,Depot 11,Vidyaranyapura 6th Block,35,0,Special,North
BMTC,Depot14-BVNR,BMT14 - Bhuvaneshwari Nagara,BR3269,3,BMT14,Bhuvaneshwari Nagara,28,0,Special,Other
BMTC,CR-171G,HSR Layout - Kempegowda Bus Station,BR2895,3,HSR Layout,Kempegowda Bus Station,35,0,Ordinary Variant,Central
BMTC,356CN,St John Hospital - Neo Town,BR1912,3,St John Hospital,Neo Town,27,0,Special,Other
BMTC,356CB,Kempegowda Bus Station - Electronic City 2nd Phase,BR1910,3,Kempegowda Bus Station,Electronic City 2nd Phase,50,0,Special,Central
BMTC,356CA,Kempegowda Bus Station - Wipro gate,BR1909,3,Kempegowda Bus Station,Wipro gate,35,0,Special,Central
BMTC,CGCB-ADT,Canara Bank Cunningham Road - Adithi School,BR2838,3,Canara Bank Cunningham Road,Adithi School,43,0,Special,Other
BMTC,356CE,Electronic City Wipro Gate - Yeshwanthapura New Railway Station,BR1911,3,Electronic City Wipro Gate,Yeshwanthapura New Railway Station,63,0,Special,Other
BMTC,CR-171C,Koramangala Kalyana Mantapa - Kadugodi,BR2894,3,Koramangala Kalyana Mantapa,Kadugodi,38,0,Ordinary Variant,East
BMTC,KMS-ANP,KM SCHOOL - Anjanapura,BR3612,3,KM SCHOOL,Anjanapura,22,0,Special,Other
BMTC,AMD-ITPL,AMD Private Limited - ITPL,BR2613,3,AMD Private Limited,ITPL,26,0,Special,East
BMTC,V-305D,Kempegowda Bus Station - Channasandra,BR4051,3,Kempegowda Bus Station,Channasandra,37,0,Ordinary Variant,Central
BMTC,59F,Chandra Layout 1st Stage - Kempegowda Bus Station,BR2416,3,Chandra Layout 1st Stage,Kempegowda Bus Station,49,0,Ordinary Variant,Central
BMTC,59D,Nayandahalli Railway Gate - Krishnarajendra Market,BR2415,3,Nayandahalli Railway Gate,Krishnarajendra Market,50,0,Ordinary Variant,West
BMTC,59H,BCC Layout - Krishnarajendra Market,BR2417,3,BCC Layout,Krishnarajendra Market,35,0,Ordinary Variant,Central
BMTC,TPS-CSB,Tippasandra - Central Silk Board,BR4003,3,Tippasandra,Central Silk Board,32,0,Special,Other
BMTC,BMT6-INF,Depot 6 - Infosys,BR2770,3,Depot 6,Infosys,17,0,Special,Other
BMTC,210EA,Kempegowda Bus Station - BGS Hospital,BR219,3,Kempegowda Bus Station,BGS Hospital,37,0,Special,Central
BMTC,59A,Saraswathi Nagara Vijayanagara - Krishnarajendra Market,BR2412,3,Saraswathi Nagara Vijayanagara,Krishnarajendra Market,55,0,Ordinary Variant,South
BMTC,59C,GKW Layout - Krishnarajendra Market,BR2414,3,GKW Layout,Krishnarajendra Market,35,0,Ordinary Variant,Central
BMTC,59B,Marenahalli - Krishnarajendra Market,BR2413,3,Marenahalli,Krishnarajendra Market,36,0,Ordinary Variant,Central
BMTC,JCN-JGF,JC Nagara - Jaggath Pharma,BR3429,3,JC Nagara,Jaggath Pharma,26,0,Special,Other
BMTC,CR-V500CH,Kamakya - Vidhana Soudha,BR3032,3,Kamakya,Vidhana Soudha,24,0,Special,Other
BMTC,Depot-32-JPNBKC,Depot-32 - JPNagar B K Circle,BR3259,3,Depot-32,JPNagar B K Circle,29,0,Special,Other
BMTC,356EW,HSR BDA COMPLEX - Electronic City 2nd Phase,BR1916,3,HSR BDA COMPLEX,Electronic City 2nd Phase,43,0,Special,Other
BMTC,CS-215K,Krishnarajendra Market - Anjanapura,BR3107,3,Krishnarajendra Market,Anjanapura,35,0,Ordinary Variant,Central
BMTC,CS-215J,Kempegowda Bus Station - Kothnuru Kanakapura Road,BR3106,3,Kempegowda Bus Station,Kothnuru Kanakapura Road,49,0,Ordinary Variant,Central
BMTC,CS-215N,Kempegowda Bus Station - Anjanapura,BR3108,3,Kempegowda Bus Station,Anjanapura,35,0,Ordinary Variant,Central
BMTC,UTH-MTR,Uttarahalli - MTR,BR4025,3,Uttarahalli,MTR,17,0,Special,Other
BMTC,CS-215B,Krishnarajendra Market - Avalahalli BDA Layout,BR3103,3,Krishnarajendra Market,Avalahalli BDA Layout,46,0,Ordinary Variant,Central
BMTC,HNYR-YHK,Haniyur - Yelahanka,BR3395,3,Haniyur,Yelahanka,19,0,Special,North
BMTC,CS-215H,Kempegowda Bus Station - Jambusavari dinne,BR3105,3,Kempegowda Bus Station,Jambusavari dinne,42,0,Ordinary Variant,Central
BMTC,YSTF-THS,Yelahanka Satelite Town 5th Phase - Thara Hunise,BR4271,3,Yelahanka Satelite Town 5th Phase,Thara Hunise,48,0,Special,North
BMTC,KRM-BLCD,KR Market - Bellandur Coffee Day,BR3643,3,KR Market,Bellandur Coffee Day,32,0,Special,Central
BMTC,JFWTC-KDG,JFWTC-ITPL - Kadugodi,BR3438,3,JFWTC-ITPL,Kadugodi,21,0,Special,East
BMTC,PK-4,Shivajinagar Bus Station - Mathikere,BR3876,3,Shivajinagar Bus Station,Mathikere,36,0,Ordinary,Central
BMTC,PK-2,Kempegowda Bus Station - JP Nagara 6th Phase,BR3860,3,Kempegowda Bus Station,JP Nagara 6th Phase,44,0,Ordinary,South
BMTC,PK-8,Shivajinagar Bus Station - BTM Layout Bus Stop,BR3878,3,Shivajinagar Bus Station,BTM Layout Bus Stop,46,0,Ordinary,Central
BMTC,KMT-MTK,Krishnarajendra Market - Mantanakurchi,BR3622,3,Krishnarajendra Market,Mantanakurchi,38,0,Special,Central
BMTC,V-195,Shivajinagar Bus Station - Chandra Layout,BR4028,3,Shivajinagar Bus Station,Chandra Layout,41,0,Ordinary,Central
BMTC,210KA,Kempegowda Bus Station - Chikkallasandra Bus Stand,BR231,3,Kempegowda Bus Station,Chikkallasandra Bus Stand,50,0,Special,Central
BMTC,210KB,Shivajinagar Bus Station - Bharath House building Co-operative Society layout,BR232,3,Shivajinagar Bus Station,Bharath House building Co-operative Society layout,77,0,Special,Central
BMTC,210KC,Kempegowda Bus Station - Uttarahalli,BR233,3,Kempegowda Bus Station,Uttarahalli,36,0,Special,Central
BMTC,JPN6-MEBP,JP Nagar 6th Phase - Manyatha Embasy Business Park,BR3458,3,JP Nagar 6th Phase,Manyatha Embasy Business Park,50,0,Special,South
BMTC,224DA,Krishnarajendra Market - Devagere,BR420,3,Krishnarajendra Market,Devagere,33,0,Special,Central
BMTC,SVN-JFWTC,Srinivasa Nagara - JFWTC,BR3986,3,Srinivasa Nagara,JFWTC,24,0,Special,Other
BMTC,BTP-KBS,Bagmane Teck Park - Kempegowda Bus Station,BR2816,3,Bagmane Teck Park,Kempegowda Bus Station,42,0,Special,Central
BMTC,CS-82A,Kempegowda Bus Station - Kempegowda Bus Station,BR3181,3,Kempegowda Bus Station,Kempegowda Bus Station,47,1,Ordinary Variant,Central
BMTC,GGP-ORRCA,Goragunte Palya - Outer Ring Road Company Association,BR3343,3,Goragunte Palya,Outer Ring Road Company Association,53,0,Special,Other
BMTC,SJAT-ATB,St.John`s Wood Apartment - Attibele,BR3954,3,St.John`s Wood Apartment,Attibele,35,0,Special,Other
BMTC,210HA,Shivajinagar Bus Station - Globale Academy Bangarappa Nagara,BR226,3,Shivajinagar Bus Station,Globale Academy Bangarappa Nagara,60,0,Special,Central
BMTC,210HB,Uttarahalli - Kempegowda Bus Station,BR227,3,Uttarahalli,Kempegowda Bus Station,36,0,Special,Central
BMTC,356CW,HSR BDA COMPLEX - Electronic City Wipro Gate,BR1913,3,HSR BDA COMPLEX,Electronic City Wipro Gate,44,0,Special,Other
BMTC,Depot13-UTH,Depot-13-BS - Uttarahalli,BR3268,3,Depot-13-BS,Uttarahalli,25,0,Special,Other
BMTC,CR-356CB,Brigade Road - Shanthinagar TTMC,BR2967,3,Brigade Road,Shanthinagar TTMC,32,0,Special,Other
BMTC,MNH-MEBP,Madanayakanahalli - Manyatha Embasy Business Park,BR3742,3,Madanayakanahalli,Manyatha Embasy Business Park,49,0,Special,Other
BMTC,JNN-GBP,Jayanagara 9th Block - Garebhavi Palya,BR3452,3,Jayanagara 9th Block,Garebhavi Palya,38,0,Special,South
BMTC,DEPOT-25-AVLB,Depot-25 - Avalahalli BDA Park,BR3250,3,Depot-25,Avalahalli BDA Park,30,0,Special,Other
BMTC,CR-356CN,Neo Town - Chandapura,BR2968,3,Neo Town,Chandapura,21,0,Special,Other
BMTC,HAL-VRP,HAL Main Gate - Vidyaranyapura,BR3361,3,HAL Main Gate,Vidyaranyapura,30,0,Special,North
BMTC,KBS-TMP227ZA,Thirumalapura - Kempegowda Bus Station,BR3561,3,Thirumalapura,Kempegowda Bus Station,38,0,Special,Central
BMTC,YSTF-ISRO,Yelahanka Satelite Town 5th Phase - Isro Layout,BR4269,3,Yelahanka Satelite Town 5th Phase,Isro Layout,47,0,Special,North
BMTC,285K,Krishnarajendra Market - Sadenahalli,BR1131,3,Krishnarajendra Market,Sadenahalli,36,0,Ordinary Variant,Central
BMTC,285L,Krishnarajendra Market - Byatha,BR1133,3,Krishnarajendra Market,Byatha,31,0,Ordinary Variant,Central
BMTC,285M,Kempegowda Bus Station - Doddaballapura,BR1134,3,Kempegowda Bus Station,Doddaballapura,39,0,Ordinary Variant,Central
BMTC,285N,Krishnarajendra Market - Thara Hunise,BR1141,3,Krishnarajendra Market,Thara Hunise,37,0,Ordinary Variant,Central
BMTC,285G,Budamanahalli - Krishnarajendra Market,BR1124,3,Budamanahalli,Krishnarajendra Market,38,0,Ordinary Variant,Central
BMTC,285H,Krishnarajendra Market - Koluvarayanahalli,BR1125,3,Krishnarajendra Market,Koluvarayanahalli,42,0,Ordinary Variant,Central
BMTC,285J,Krishnarajendra Market - Jalige,BR1126,3,Krishnarajendra Market,Jalige,31,0,Ordinary Variant,Central
BMTC,285C,Krishnarajendra Market - Dodda Tumkur,BR1116,3,Krishnarajendra Market,Dodda Tumkur,37,0,Ordinary Variant,Central
BMTC,285D,Krishnarajendra Market - Muthkur Hesaraghatta,BR1120,3,Krishnarajendra Market,Muthkur Hesaraghatta,45,0,Ordinary Variant,Central
BMTC,285E,Kakolu - Krishnarajendra Market,BR1122,3,Kakolu,Krishnarajendra Market,31,0,Ordinary Variant,Central
BMTC,220D,Doddabele - Krishnarajendra Market,BR378,3,Doddabele,Krishnarajendra Market,34,0,Ordinary Variant,Central
BMTC,285F,Gowdahalli - Krishnarajendra Market,BR1123,3,Gowdahalli,Krishnarajendra Market,35,0,Ordinary Variant,Central
BMTC,220E,Kempegowda Bus Station - Doddabele,BR379,3,Kempegowda Bus Station,Doddabele,34,0,Ordinary Variant,Central
BMTC,220B,Kempegowda Bus Station - Kengeri Satelite Town,BR377,3,Kempegowda Bus Station,Kengeri Satelite Town,46,0,Ordinary Variant,South
BMTC,285A,Krishnarajendra Market - Nagadasanahalli,BR1113,3,Krishnarajendra Market,Nagadasanahalli,40,0,Ordinary Variant,Central
BMTC,285B,Krishnarajendra Market - Ramagondanahalli,BR1115,3,Krishnarajendra Market,Ramagondanahalli,41,0,Ordinary Variant,Central
BMTC,220A,Krishnarajendra Market - Dubasi Palya,BR376,3,Krishnarajendra Market,Dubasi Palya,37,0,Ordinary Variant,Central
BMTC,171H,Karnataka Housing Complex - Kempegowda Bus Station,BR151,3,Karnataka Housing Complex,Kempegowda Bus Station,50,0,Ordinary Variant,Central
BMTC,171G,Koramangala - Kempegowda Bus Station,BR150,3,Koramangala,Kempegowda Bus Station,36,0,Ordinary Variant,Central
BMTC,284J,Kempegowda Bus Station - Kendriya Vihara Yelahanka,BR1110,3,Kempegowda Bus Station,Kendriya Vihara Yelahanka,50,0,Ordinary Variant,North
BMTC,171J,Koramangala - Kempegowda Bus Station,BR152,3,Koramangala,Kempegowda Bus Station,36,0,Ordinary Variant,Central
BMTC,284H,Girinagara 2ND Stage - Yelahanka,BR1109,3,Girinagara 2ND Stage,Yelahanka,32,0,Ordinary Variant,North
BMTC,245AA,Madanayakanahalli - Kengeri TTMC,BR704,3,Madanayakanahalli,Kengeri TTMC,32,0,Special,South
BMTC,171C,Kempegowda Bus Station - Koramangala Kendriya Sadana,BR147,3,Kempegowda Bus Station,Koramangala Kendriya Sadana,52,0,Ordinary Variant,Central
BMTC,221J,Tavarekere Magadi Road - Krishnarajendra Market,BR388,3,Tavarekere Magadi Road,Krishnarajendra Market,47,0,Ordinary Variant,Central
BMTC,CHLC-BLR,Cristal House School - Kothnuru Bagalur Road,BR2860,3,Cristal House School,Kothnuru Bagalur Road,44,0,Special,Other
BMTC,171F,Kempegowda Bus Station - Karnataka Housing Complex,BR149,3,Kempegowda Bus Station,Karnataka Housing Complex,50,0,Ordinary Variant,Central
BMTC,221K,Krishnarajendra Market - Kommagatta,BR389,3,Krishnarajendra Market,Kommagatta,35,0,Ordinary Variant,Central
BMTC,284G,Shivajinagar Bus Station - Kendriya Vihara Yelahanka,BR1108,3,Shivajinagar Bus Station,Kendriya Vihara Yelahanka,52,0,Ordinary Variant,North
BMTC,171E,Koramangala - Kamalanagar BEML layout,BR148,3,Koramangala,Kamalanagar BEML layout,37,0,Ordinary Variant,Other
BMTC,221L,Krishnarajendra Market - Nelamangala,BR390,3,Krishnarajendra Market,Nelamangala,36,0,Ordinary Variant,Central
BMTC,284D,Kempegowda Bus Station - Yelahanka Satelite Town,BR1106,3,Kempegowda Bus Station,Yelahanka Satelite Town,48,0,Ordinary Variant,North
BMTC,221E,Ramasandra - Krishnarajendra Market,BR384,3,Ramasandra,Krishnarajendra Market,35,0,Ordinary Variant,Central
BMTC,284E,Kempegowda Bus Station - Allalasandra,BR1107,3,Kempegowda Bus Station,Allalasandra,37,0,Ordinary Variant,Central
BMTC,221F,Hunisemarada Palya - Kempegowda Bus Station,BR385,3,Hunisemarada Palya,Kempegowda Bus Station,43,0,Ordinary Variant,Central
BMTC,284B,Shivajinagar Bus Station - Puttenahalli Yelhanka,BR1103,3,Shivajinagar Bus Station,Puttenahalli Yelhanka,48,0,Ordinary Variant,Central
BMTC,171B,Koramangala 8th Block - Kempegowda Bus Station,BR146,3,Koramangala 8th Block,Kempegowda Bus Station,46,0,Ordinary Variant,Central
BMTC,221G,Kengeri Bandemata Badavane - Kempegowda Bus Station,BR386,3,Kengeri Bandemata Badavane,Kempegowda Bus Station,51,0,Ordinary Variant,South
BMTC,284C,Kempegowda Bus Station - Judicial Layout,BR1104,3,Kempegowda Bus Station,Judicial Layout,40,0,Ordinary Variant,Central
BMTC,221H,Bettana Palya - Krishnarajendra Market,BR387,3,Bettana Palya,Krishnarajendra Market,38,0,Ordinary Variant,Central
BMTC,284A,Kempegowda Bus Station - Yelahanka Satelite Town,BR1102,3,Kempegowda Bus Station,Yelahanka Satelite Town,48,0,Ordinary Variant,North
BMTC,221B,Krishnarajendra Market - Tavare Kere,BR381,3,Krishnarajendra Market,Tavare Kere,36,0,Ordinary Variant,Central
BMTC,221C,Krishnarajendra Market - Doddabasthi,BR382,3,Krishnarajendra Market,Doddabasthi,36,0,Ordinary Variant,Central
BMTC,221D,Kengeri Bandemata Badavane - Krishnarajendra Market,BR383,3,Kengeri Bandemata Badavane,Krishnarajendra Market,51,0,Ordinary Variant,South
BMTC,409,Nelamangala - Hosakote Bus Stand,BR2247,3,Nelamangala,Hosakote Bus Stand,32,0,Ordinary,Other
BMTC,408,MCTC Satellite Bus Stand - Vidyaranyapura,BR2246,3,MCTC Satellite Bus Stand,Vidyaranyapura,41,0,Ordinary,North
BMTC,404,Yelahanka Satelite Town - K R Puram,BR2233,3,Yelahanka Satelite Town,K R Puram,35,0,Ordinary,North
BMTC,BEL-HNMS,BEL Office - Hunasamarenahalli,BR2674,3,BEL Office,Hunasamarenahalli,30,0,Special,Other
BMTC,407,Yelahanka - Nelamangala,BR2239,3,Yelahanka,Nelamangala,23,0,Ordinary,North
BMTC,406,Kempegowda Bus Station - Nelamangala,BR2238,3,Kempegowda Bus Station,Nelamangala,36,0,Ordinary,Central
BMTC,401,Yelahanka - Yeshwanthpur TTMC,BR2171,3,Yelahanka,Yeshwanthpur TTMC,29,0,Ordinary,North
BMTC,400,K R Puram - Hebbala,BR2167,3,K R Puram,Hebbala,19,0,Ordinary,North
BMTC,402,Krishnarajendra Market - Yelahanka Satelite Town 5th Phase,BR2222,3,Krishnarajendra Market,Yelahanka Satelite Town 5th Phase,58,0,Ordinary,North
BMTC,283E,Thara Hunise - Krishnarajendra Market,BR1100,3,Thara Hunise,Krishnarajendra Market,37,0,Ordinary Variant,Central
BMTC,245DA,Vaddarahalli BMTC Training Centre - Krishnarajendra Market,BR708,3,Vaddarahalli BMTC Training Centre,Krishnarajendra Market,58,0,Special,Central
BMTC,211AA,Kempegowda Bus Station - Mallasandra,BR256,3,Kempegowda Bus Station,Mallasandra,36,0,Special,Central
BMTC,YHK-SINDI,Yelahanka Old Town - Sindhi High School,BR4256,3,Yelahanka Old Town,Sindhi High School,39,0,Special,North
BMTC,283A,Sugatta - Krishnarajendra Market,BR1097,3,Sugatta,Krishnarajendra Market,32,0,Ordinary Variant,Central
BMTC,283B,Kuduregere - Krishnarajendra Market,BR1098,3,Kuduregere,Krishnarajendra Market,35,0,Ordinary Variant,Central
BMTC,283D,Kuduragere Betta Halasuru - Kempegowda Bus Station,BR1099,3,Kuduragere Betta Halasuru,Kempegowda Bus Station,50,0,Ordinary Variant,Central
BMTC,INF-NVRNG,Infosys - Navarang Talkies,BR3416,3,Infosys,Navarang Talkies,26,0,Special,Other
BMTC,CS-75E,GKW Layout - Malleshwaram 18th Cross,BR3176,3,GKW Layout,Malleshwaram 18th Cross,36,0,Ordinary Variant,West
BMTC,339A,Shivajinagar Bus Station - Harohalli,BR1737,3,Shivajinagar Bus Station,Harohalli,36,0,Ordinary Variant,Central
BMTC,415,Shivajinagar Bus Station - Vishwanatha Nagenahalli,BR2273,3,Shivajinagar Bus Station,Vishwanatha Nagenahalli,50,0,Ordinary,Central
BMTC,339E,Shivajinagar Bus Station - Gunjoor,BR1738,3,Shivajinagar Bus Station,Gunjoor,34,0,Ordinary Variant,Central
BMTC,410,Bommanahalli - Jalahalli Cross,BR2250,3,Bommanahalli,Jalahalli Cross,30,0,Ordinary,North
BMTC,414,MCTC Bus Stand - KNarayanapura,BR2272,3,MCTC Bus Stand,KNarayanapura,30,0,Ordinary,Other
BMTC,412,Hennur Cross - ISRO Layout,BR2270,3,Hennur Cross,ISRO Layout,26,0,Ordinary,Other
BMTC,411,ISRO Layout - Domlur TTMC Bus Stand,BR2264,3,ISRO Layout,Domlur TTMC Bus Stand,35,0,Ordinary,Other
BMTC,282F,Kempegowda Bus Station - Maranayakanahalli,BR1093,3,Kempegowda Bus Station,Maranayakanahalli,42,0,Ordinary Variant,Central
BMTC,HPM-NBMN,HP Software Mahadevapura - Nagarabhavi Maruthinagara,BR3397,3,HP Software Mahadevapura,Nagarabhavi Maruthinagara,52,0,Special,Other
BMTC,282G,Kempegowda Bus Station - Kodagalahatti,BR1094,3,Kempegowda Bus Station,Kodagalahatti,38,0,Ordinary Variant,Central
BMTC,KBS-GAT,Kempegowda Bus Station - Gundanjaneya Swamy Temple,BR3537,3,Kempegowda Bus Station,Gundanjaneya Swamy Temple,50,0,Special,Central
BMTC,282D,Kempegowda Bus Station - Billamaranahalli,BR1091,3,Kempegowda Bus Station,Billamaranahalli,41,0,Ordinary Variant,Central
BMTC,282E,Shivajinagar Bus Station - Kolipura Uttanahalli,BR1092,3,Shivajinagar Bus Station,Kolipura Uttanahalli,47,0,Ordinary Variant,Central
BMTC,282H,Shivajinagar Bus Station - Kolipura Uttanahalli,BR1095,3,Shivajinagar Bus Station,Kolipura Uttanahalli,47,0,Ordinary Variant,Central
BMTC,HNG-KBS,Hunnigere - Kempegowda Bus Station,BR3394,3,Hunnigere,Kempegowda Bus Station,34,0,Special,Central
BMTC,282B,Krishnarajendra Market - Meesaganahalli,BR1089,3,Krishnarajendra Market,Meesaganahalli,39,0,Ordinary Variant,Central
BMTC,282C,Krishnarajendra Market - Razak Palya,BR1090,3,Krishnarajendra Market,Razak Palya,36,0,Ordinary Variant,Central
BMTC,CVRN-ADT,CV Raman Nagara - Adithi School,BR3202,3,CV Raman Nagara,Adithi School,31,0,Special,Other
BMTC,282A,Krishnarajendra Market - Hosahalli,BR1088,3,Krishnarajendra Market,Hosahalli,34,0,Ordinary Variant,Central
BMTC,SMH-KBR,Summanahalli - Kaval Byrasandra,BR3959,3,Summanahalli,Kaval Byrasandra,31,0,Special,Other
BMTC,KNRBL-BEML,Kamalanagar BEML layout - BEML,BR3635,3,Kamalanagar BEML layout,BEML,30,0,Special,Other
BMTC,IAF-HPN,IAF - Hampinagara RPC Layout,BR3410,3,IAF,Hampinagara RPC Layout,28,0,Special,Other
BMTC,CS-235N,Kempegowda Bus Station - BTM Layout Bus Stop,BR3110,3,Kempegowda Bus Station,BTM Layout Bus Stop,44,0,Ordinary Variant,Central
BMTC,281K,Yelahanka - Pillekamma Nagara,BR1086,3,Yelahanka,Pillekamma Nagara,29,0,Ordinary Variant,North
BMTC,289H,Yelahanka - Hosakote Bus Stand,BR1200,3,Yelahanka,Hosakote Bus Stand,30,0,Ordinary Variant,North
BMTC,289D,Yelahanka - Hosakote Bus Stand,BR1197,3,Yelahanka,Hosakote Bus Stand,30,0,Ordinary Variant,North
BMTC,401RD,Hebbal - Kengeri TTMC,BR2214,3,Hebbal,Kengeri TTMC,21,0,Special,North
BMTC,INF-ATB,Infosys - Attibele,BR3414,3,Infosys,Attibele,18,0,Special,Other
BMTC,289C,Krishnarajendra Market - Hoovinayakanahalli,BR1195,3,Krishnarajendra Market,Hoovinayakanahalli,43,0,Ordinary Variant,Central
BMTC,401RC,BEML Layout 5th Stage - Devasandra Chikkamaranahalli,BR2213,3,BEML Layout 5th Stage,Devasandra Chikkamaranahalli,52,0,Special,Other
BMTC,289F,Yelahanka - Hosakote Bus Stand,BR1199,3,Yelahanka,Hosakote Bus Stand,30,0,Ordinary Variant,North
BMTC,224E,Krishnarajendra Market - Krishnarajendra Market,BR421,3,Krishnarajendra Market,Krishnarajendra Market,47,1,Ordinary Variant,Central
BMTC,401RB,BHEL Layout - Yelahanka,BR2212,3,BHEL Layout,Yelahanka,23,0,Special,North
BMTC,CR-314-M,Srinagara - Mallesh Palya New Bus Stand,BR2941,3,Srinagara,Mallesh Palya New Bus Stand,39,0,Ordinary Variant,Other
BMTC,289E,Krishnarajendra Market - Chokkanahalli,BR1198,3,Krishnarajendra Market,Chokkanahalli,38,0,Ordinary Variant,Central
BMTC,224D,Krishnarajendra Market - Doddipalya,BR419,3,Krishnarajendra Market,Doddipalya,35,0,Ordinary Variant,Central
BMTC,401RA,Srinivasa Pura - Yelahanka,BR2211,3,Srinivasa Pura,Yelahanka,26,0,Special,North
BMTC,289P,HUNASOORU - YELAHANKA,BR1206,3,HUNASOORU,YELAHANKA,21,0,Ordinary Variant,North
BMTC,401RH,Globale Academy Bangarappa Nagara - Yelahanka,BR2216,3,Globale Academy Bangarappa Nagara,Yelahanka,45,0,Special,North
BMTC,289R,Hosakote Bus Stand - YELAHANKA,BR1207,3,Hosakote Bus Stand,YELAHANKA,30,0,Ordinary Variant,North
BMTC,211CB,Kempegowda Bus Station - Kashinagara,BR259,3,Kempegowda Bus Station,Kashinagara,36,0,Special,Central
BMTC,401RE,BEML Layout 5th Stage - Yeshwanthpura TTMC,BR2215,3,BEML Layout 5th Stage,Yeshwanthpura TTMC,42,0,Special,West
BMTC,289L,MVJ Medical Hospital - YELAHANKA,BR1202,3,MVJ Medical Hospital,YELAHANKA,32,0,Ordinary Variant,North
BMTC,ELCWG-VJN600KB,Vijayanagara - Electronic City Wipro Gate,BR3302,3,Vijayanagara,Electronic City Wipro Gate,41,0,Special,South
BMTC,289K,Krishnarajendra Market - Kadayarappanahalli,BR1201,3,Krishnarajendra Market,Kadayarappanahalli,43,0,Ordinary Variant,Central
BMTC,289M,Beguru - Kempegowda Bus Station,BR1204,3,Beguru,Kempegowda Bus Station,31,0,Ordinary Variant,Central
BMTC,BTP-TNF,Bagmane Teck Park - Tin Factory,BR2818,3,Bagmane Teck Park,Tin Factory,31,0,Special,Other
BMTC,224C,Kempegowda Bus Station - Karubele,BR418,3,Kempegowda Bus Station,Karubele,33,0,Ordinary Variant,Central
BMTC,289A,Yelahanka - Bagaluru,BR1192,3,Yelahanka,Bagaluru,20,0,Ordinary Variant,North
BMTC,JBN-CRS,Jaibheemanagara - City Railway Station,BR3426,3,Jaibheemanagara,City Railway Station,38,0,Special,Other
BMTC,289B,Krishnarajendra Market - Kadayarppanhalli,BR1194,3,Krishnarajendra Market,Kadayarppanhalli,41,0,Ordinary Variant,Central
BMTC,224A,Krishnarajendra Market - Varahasandra,BR417,3,Krishnarajendra Market,Varahasandra,37,0,Ordinary Variant,Central
BMTC,BMT10-NGEF,Depot 10 - NGEF,BR2717,3,Depot 10,NGEF,15,0,Special,Other
BMTC,CS-77E,Nandhini Layout Bus Station - Krishnarajendra Market,BR3177,3,Nandhini Layout Bus Station,Krishnarajendra Market,52,0,Ordinary Variant,Central
BMTC,225J,BEML Layout 5th Stage - Kempegowda Bus Station,BR435,3,BEML Layout 5th Stage,Kempegowda Bus Station,46,0,Ordinary Variant,Central
BMTC,43D,Virabhadranagara Cross - Kempegowda Bus Station,BR2288,3,Virabhadranagara Cross,Kempegowda Bus Station,47,0,Ordinary Variant,Central
BMTC,288H,Kempegowda Bus Station - Thindlu,BR1189,3,Kempegowda Bus Station,Thindlu,32,0,Ordinary Variant,Central
BMTC,43C,Muneshwara nagara Kerekodi - Kempegowda Bus Station,BR2287,3,Muneshwara nagara Kerekodi,Kempegowda Bus Station,51,0,Ordinary Variant,Central
BMTC,288G,Kempegowda Bus Station - Kodigehalli Canara Bank Colony,BR1188,3,Kempegowda Bus Station,Kodigehalli Canara Bank Colony,55,0,Ordinary Variant,Central
BMTC,225L,BEML Layout 5th Stage - Yeshwanathapura new railway station,BR437,3,BEML Layout 5th Stage,Yeshwanathapura new railway station,59,0,Ordinary Variant,Other
BMTC,288F,Kempegowda Bus Station - Sahakara Nagar Cauvery School,BR1187,3,Kempegowda Bus Station,Sahakara Nagar Cauvery School,54,0,Ordinary Variant,Central
BMTC,225K,BHEL Layout Maramma Temple - Krishnarajendra Market,BR436,3,BHEL Layout Maramma Temple,Krishnarajendra Market,51,0,Ordinary Variant,Central
BMTC,43E,Banashankari 3rd Stage 2nd Phase - Kempegowda Bus Station,BR2289,3,Banashankari 3rd Stage 2nd Phase,Kempegowda Bus Station,57,0,Ordinary Variant,South
BMTC,288E,Shivajinagar Bus Station - Vidyaranyapura,BR1186,3,Shivajinagar Bus Station,Vidyaranyapura,41,0,Ordinary Variant,North
BMTC,225F,Kariyana Palya - Krishnarajendra Market,BR432,3,Kariyana Palya,Krishnarajendra Market,39,0,Ordinary Variant,Central
BMTC,288D,Kempegowda Bus Station - Kodigehalli Yelahanka road,BR1185,3,Kempegowda Bus Station,Kodigehalli Yelahanka road,51,0,Ordinary Variant,North
BMTC,225E,Kengeri TTMC - Bangarappa Nagara,BR431,3,Kengeri TTMC,Bangarappa Nagara,32,0,Ordinary Variant,South
BMTC,288C,Krishnarajendra Market - Kodigehalli Yelahanka road,BR1184,3,Krishnarajendra Market,Kodigehalli Yelahanka road,51,0,Ordinary Variant,North
BMTC,225H,Shakthi Hill Resorts - Kempegowda Bus Station,BR434,3,Shakthi Hill Resorts,Kempegowda Bus Station,45,0,Ordinary Variant,Central
BMTC,43B,Hosakerahalli village - Kempegowda Bus Station,BR2286,3,Hosakerahalli village,Kempegowda Bus Station,46,0,Ordinary Variant,Central
BMTC,288B,Krishnarajendra Market - Thindlu,BR1183,3,Krishnarajendra Market,Thindlu,32,0,Ordinary Variant,Central
BMTC,225G,Bangarappa Nagara - Kempegowda Bus Station,BR433,3,Bangarappa Nagara,Kempegowda Bus Station,42,0,Ordinary Variant,Central
BMTC,43A,Vivekanada Nagara - Kempegowda Bus Station,BR2285,3,Vivekanada Nagara,Kempegowda Bus Station,42,0,Ordinary Variant,Central
BMTC,225R,Javaregowda Nagara - Kempegowda Bus Station,BR441,3,Javaregowda Nagara,Kempegowda Bus Station,43,0,Ordinary Variant,Central
BMTC,225Q,BEML Layout 5th Stage - Kempegowda Bus Station,BR440,3,BEML Layout 5th Stage,Kempegowda Bus Station,46,0,Ordinary Variant,Central
BMTC,43K,Dattatraya Nagara Temple - Krishnarajendra Market,BR2293,3,Dattatraya Nagara Temple,Krishnarajendra Market,49,0,Ordinary Variant,Central
BMTC,43N,Mukambika Nagar - Krishnarajendra Market,BR2295,3,Mukambika Nagar,Krishnarajendra Market,40,0,Ordinary Variant,Central
BMTC,225S,SHANTHI NAGAR BUS STAND - SHANTHI NAGAR BUS STAND,BR442,3,SHANTHI NAGAR BUS STAND,SHANTHI NAGAR BUS STAND,49,1,Ordinary Variant,Other
BMTC,43M,Haridasa Nagara - Kempegowda Bus Station,BR2294,3,Haridasa Nagara,Kempegowda Bus Station,40,0,Ordinary Variant,Central
BMTC,288M,Kempegowda Bus Station - Vidyaranyapura,BR1190,3,Kempegowda Bus Station,Vidyaranyapura,39,0,Ordinary Variant,North
BMTC,43H,Pramod Layout - Kempegowda Bus Station,BR2291,3,Pramod Layout,Kempegowda Bus Station,38,0,Ordinary Variant,Central
BMTC,225M,BEML Layout 5th Stage - Halasur,BR438,3,BEML Layout 5th Stage,Halasur,31,0,Ordinary Variant,Other
BMTC,43G,Vidya peeta Circle - Kempegowda Bus Station,BR2290,3,Vidya peeta Circle,Kempegowda Bus Station,43,0,Ordinary Variant,Central
BMTC,BMT14-BEML,BMT14 - BEML,BR2730,3,BMT14,BEML,12,0,Special,Other
BMTC,225P,Bangarappa Nagara - Krishnarajendra Market,BR439,3,Bangarappa Nagara,Krishnarajendra Market,42,0,Ordinary Variant,Central
BMTC,43J,Krishnappa Layout - Kempegowda Bus Station,BR2292,3,Krishnappa Layout,Kempegowda Bus Station,42,0,Ordinary Variant,Central
BMTC,369CA,Kempegowda Bus Station - Chikkakammanahalli,BR2033,3,Kempegowda Bus Station,Chikkakammanahalli,43,0,Special,Central
BMTC,ADT-ALS,Adithi School - Allalasandra Gate Yalahanka,BR2594,3,Adithi School,Allalasandra Gate Yalahanka,43,0,Special,Other
BMTC,287S,BCC Layout - Kempapura,BR1179,3,BCC Layout,Kempapura,22,0,Ordinary Variant,Other
BMTC,287T,Krishnarajendra Market - DASARAHALLI,BR1180,3,Krishnarajendra Market,DASARAHALLI,36,0,Ordinary Variant,Central
BMTC,287Q,Shivajinagar Bus Station - Boopa Sandra,BR1176,3,Shivajinagar Bus Station,Boopa Sandra,39,0,Ordinary Variant,Central
BMTC,287R,Shivajinagar Bus Station - Tata Nagara,BR1177,3,Shivajinagar Bus Station,Tata Nagara,38,0,Ordinary Variant,Central
BMTC,225A,BGS Health City - Krishnarajendra Market,BR423,3,BGS Health City,Krishnarajendra Market,40,0,Ordinary Variant,Central
BMTC,HAL-FDR-1,HAL Main Gate - Jn of Swamy Vivekananda Road,BR3360,3,HAL Main Gate,Jn of Swamy Vivekananda Road,44,0,Ordinary,Other
BMTC,288A,Shivajinagar Bus Station - Kodigehalli Yelahanka road,BR1182,3,Shivajinagar Bus Station,Kodigehalli Yelahanka road,53,0,Ordinary Variant,North
BMTC,225B,BEML Layout 5th Stage - Jayanagara 9th Block,BR425,3,BEML Layout 5th Stage,Jayanagara 9th Block,44,0,Ordinary Variant,South
BMTC,225C,BEML Layout 5th Stage - Kempegowda Bus Station,BR426,3,BEML Layout 5th Stage,Kempegowda Bus Station,46,0,Ordinary Variant,Central
BMTC,225D,BHEL Concrode Layout - Kempegowda Bus Station,BR429,3,BHEL Concrode Layout,Kempegowda Bus Station,45,0,Ordinary Variant,Central
BMTC,NLR-HSK,Nallur - Hosakote Bus Stand,BR3826,3,Nallur,Hosakote Bus Stand,27,0,Special,Other
BMTC,287B,Krishnarajendra Market - Amarjyothi Nagara,BR1161,3,Krishnarajendra Market,Amarjyothi Nagara,42,0,Ordinary Variant,Central
BMTC,222E,Hoysala Circle Kengeri Satellite Town - Shivajinagar Bus Station,BR395,3,Hoysala Circle Kengeri Satellite Town,Shivajinagar Bus Station,64,0,Ordinary Variant,South
BMTC,335E,Kempegowda Bus Station - Kadugodi,BR1719,3,Kempegowda Bus Station,Kadugodi,33,0,Ordinary Variant,East
BMTC,287A,Hebbala - Shivajinagar Bus Station,BR1160,3,Hebbala,Shivajinagar Bus Station,34,0,Ordinary Variant,North
BMTC,222D,Krishnarajendra Market - Kengeri Satelite Town,BR394,3,Krishnarajendra Market,Kengeri Satelite Town,46,0,Ordinary Variant,South
BMTC,335F,Kempegowda Bus Station - Lal Bahadur Shastri Nagara,BR1721,3,Kempegowda Bus Station,Lal Bahadur Shastri Nagara,51,0,Ordinary Variant,Central
BMTC,287D,Krishnarajendra Market - Vishwanatha Nagenahalli,BR1163,3,Krishnarajendra Market,Vishwanatha Nagenahalli,48,0,Ordinary Variant,Central
BMTC,222C,Upadyaya Badavane - Kempegowda Bus Station,BR393,3,Upadyaya Badavane,Kempegowda Bus Station,42,0,Ordinary Variant,Central
BMTC,335G,Kamalanagar BEML layout - Kadugodi,BR1722,3,Kamalanagar BEML layout,Kadugodi,34,0,Ordinary Variant,East
BMTC,287C,Krishnarajendra Market - Kempapura,BR1162,3,Krishnarajendra Market,Kempapura,34,0,Ordinary Variant,Central
BMTC,335H,HAL Main Gate - Kadugodi,BR1723,3,HAL Main Gate,Kadugodi,24,0,Ordinary Variant,East
BMTC,KMT-MTK.,Kempegowda Bus Station - Mantanakurchi,BR3623,3,Kempegowda Bus Station,Mantanakurchi,38,0,Ordinary,Central
BMTC,287F,Shivajinagar Bus Station - Chamundi Nagara,BR1165,3,Shivajinagar Bus Station,Chamundi Nagara,42,0,Ordinary Variant,Central
BMTC,287E,Krishnarajendra Market - Cholanayakanahalli,BR1164,3,Krishnarajendra Market,Cholanayakanahalli,43,0,Ordinary Variant,Central
BMTC,335J,Krishnarajendra Market - Ashwath Nagara,BR1725,3,Krishnarajendra Market,Ashwath Nagara,39,0,Ordinary Variant,Central
BMTC,287H,Krishnarajendra Market - Veerannapalya,BR1168,3,Krishnarajendra Market,Veerannapalya,38,0,Ordinary Variant,Central
BMTC,335K,Krishnarajendra Market - Bisanahalli,BR1726,3,Krishnarajendra Market,Bisanahalli,36,0,Ordinary Variant,Central
BMTC,287G,Kempegowda Bus Station - Coffee Board Layout,BR1166,3,Kempegowda Bus Station,Coffee Board Layout,44,0,Ordinary Variant,Central
BMTC,222F,Shirke KHB Quarters - Kempegowda Bus Station,BR396,3,Shirke KHB Quarters,Kempegowda Bus Station,44,0,Ordinary Variant,Central
BMTC,287J,Kempegowda Bus Station - Vishwanatha Nagenahalli,BR1169,3,Kempegowda Bus Station,Vishwanatha Nagenahalli,48,0,Ordinary Variant,Central
BMTC,222M,Banashankari Bus Station - Tavare Kere Magadi Road,BR399,3,Banashankari Bus Station,Tavare Kere Magadi Road,50,0,Ordinary Variant,South
BMTC,335M,Mahalakshmi Layout - Kadugodi,BR1727,3,Mahalakshmi Layout,Kadugodi,29,0,Ordinary Variant,East
BMTC,222L,Banashankari Bus Station - Rajarajeshwarinagara Gate,BR398,3,Banashankari Bus Station,Rajarajeshwarinagara Gate,52,0,Ordinary Variant,South
BMTC,335N,Kengeri Satelite Town - Kadugodi,BR1728,3,Kengeri Satelite Town,Kadugodi,32,0,Ordinary Variant,South
BMTC,287L,Kempegowda Bus Station - Veerannapalya,BR1172,3,Kempegowda Bus Station,Veerannapalya,38,0,Ordinary Variant,Central
BMTC,222K,Shirke KHB Quarters - Shivajinagar Bus Station,BR397,3,Shirke KHB Quarters,Shivajinagar Bus Station,46,0,Ordinary Variant,Central
BMTC,287K,Shivajinagar Bus Station - Veerannapalya,BR1171,3,Shivajinagar Bus Station,Veerannapalya,40,0,Ordinary Variant,Central
BMTC,335P,Byadarahalli - Kadugodi,BR1729,3,Byadarahalli,Kadugodi,23,0,Ordinary Variant,East
BMTC,287N,Shivajinagar Bus Station - Vishwanatha Nagenahalli,BR1174,3,Shivajinagar Bus Station,Vishwanatha Nagenahalli,50,0,Ordinary Variant,Central
BMTC,MP-500F,Central Silk Board - Kadugodi,BR3756,3,Central Silk Board,Kadugodi,29,0,Ordinary Variant,East
BMTC,287M,Konanakunte New Bank colony Kanakapura Road - Hebbala,BR1173,3,Konanakunte New Bank colony Kanakapura Road,Hebbala,53,0,Ordinary Variant,North
BMTC,335R,RTO Vishweshwaraiah Layout - Kadugodi,BR1730,3,RTO Vishweshwaraiah Layout,Kadugodi,37,0,Ordinary Variant,East
BMTC,287P,Shivajinagar Bus Station - Chamundi Nagara,BR1175,3,Shivajinagar Bus Station,Chamundi Nagara,42,0,Ordinary Variant,Central
BMTC,335S,BEML Layout 5th Stage - Kadugodi,BR1731,3,BEML Layout 5th Stage,Kadugodi,32,0,Ordinary Variant,East
BMTC,222N,Jnana bharthi layout - Kempegowda Bus Station,BR400,3,Jnana bharthi layout,Kempegowda Bus Station,45,0,Ordinary Variant,Central
BMTC,PTC-YBS,Police Traning Center - Yeshwanthpur TTMC,BR3893,3,Police Traning Center,Yeshwanthpur TTMC,41,0,Special,West
BMTC,JCNP-OAISIS,JC Nagara Police Station - Oasis School,BR3430,3,JC Nagara Police Station,Oasis School,39,0,Special,Other
BMTC,285w,Krishnarajendra Market - Dibburu,BR1148,3,Krishnarajendra Market,Dibburu,32,0,Ordinary Variant,Central
BMTC,335B,Krishnarajendra Market - Basvanagara Bus Station,BR1716,3,Krishnarajendra Market,Basvanagara Bus Station,48,0,Ordinary Variant,Central
BMTC,222A,Kengeri Satelite Town - Kempegowda Bus Station,BR392,3,Kengeri Satelite Town,Kempegowda Bus Station,46,0,Ordinary Variant,South
BMTC,335A,Kempegowda Bus Station - Kadugodi,BR1714,3,Kempegowda Bus Station,Kadugodi,33,0,Ordinary Variant,East
BMTC,335D,Krishnarajendra Market - AECS Layout,BR1718,3,Krishnarajendra Market,AECS Layout,36,0,Ordinary Variant,Central
BMTC,335C,Krishnarajendra Market - Lal Bahadur Shastri Nagara,BR1717,3,Krishnarajendra Market,Lal Bahadur Shastri Nagara,51,0,Ordinary Variant,Central
BMTC,223D,Krishnarajendra Market - Doddabasthi,BR404,3,Krishnarajendra Market,Doddabasthi,36,0,Ordinary Variant,Central
BMTC,45B,Bhuvaneshwari Nagara Mahalakshmi Temple - Kempegowda Bus Station,BR2300,3,Bhuvaneshwari Nagara Mahalakshmi Temple,Kempegowda Bus Station,64,0,Ordinary Variant,Central
BMTC,MP-501A,Banashankari Bus Station - Hebbala,BR3757,3,Banashankari Bus Station,Hebbala,34,0,Ordinary Variant,North
BMTC,286B,Krishnarajendra Market - Chokkanahalli,BR1154,3,Krishnarajendra Market,Chokkanahalli,38,0,Ordinary Variant,Central
BMTC,45A,Bhuvaneshwari Nagara Mahalakshmi Temple - Krishnarajendra Market,BR2299,3,Bhuvaneshwari Nagara Mahalakshmi Temple,Krishnarajendra Market,64,0,Ordinary Variant,Central
BMTC,286A,Krishnarajendra Market - Jakkur Layout,BR1153,3,Krishnarajendra Market,Jakkur Layout,38,0,Ordinary Variant,Central
BMTC,223F,Sulikere - Krishnarajendra Market,BR406,3,Sulikere,Krishnarajendra Market,33,0,Ordinary Variant,Central
BMTC,45D,AGS Layout - Kempegowda Bus Station,BR2302,3,AGS Layout,Kempegowda Bus Station,35,0,Ordinary Variant,Central
BMTC,KDHG-RZK,Kodigehalli Yelahanka road - Razak Palya,BR3577,3,Kodigehalli Yelahanka road,Razak Palya,40,0,Special,North
BMTC,223E,Ramasandra - Krishnarajendra Market,BR405,3,Ramasandra,Krishnarajendra Market,35,0,Ordinary Variant,Central
BMTC,45C,Banashankari 3rd Stage 3rd Phase - Krishnarajendra Market,BR2301,3,Banashankari 3rd Stage 3rd Phase,Krishnarajendra Market,57,0,Ordinary Variant,South
BMTC,286G,Kempegowda Bus Station - Jakkur,BR1158,3,Kempegowda Bus Station,Jakkur,31,0,Ordinary Variant,Central
BMTC,223H,Dhananayakanahalli - Krishnarajendra Market,BR408,3,Dhananayakanahalli,Krishnarajendra Market,43,0,Ordinary Variant,Central
BMTC,45F,Chennamma kere Achukattu - Kempegowda Bus Station,BR2304,3,Chennamma kere Achukattu,Kempegowda Bus Station,49,0,Ordinary Variant,Central
BMTC,BGC-ORRCA,Bagaluru Cross - Outer Ring Road Company Association,BR2682,3,Bagaluru Cross,Outer Ring Road Company Association,52,0,Special,Other
BMTC,286F,KNarayanapura - Kempegowda Bus Station,BR1157,3,KNarayanapura,Kempegowda Bus Station,38,0,Ordinary Variant,Central
BMTC,223G,Doddabasthi - Krishnarajendra Market,BR407,3,Doddabasthi,Krishnarajendra Market,36,0,Ordinary Variant,Central
BMTC,45E,Chennamma kere Achukattu - Kempegowda Bus Station,BR2303,3,Chennamma kere Achukattu,Kempegowda Bus Station,49,0,Ordinary Variant,Central
BMTC,286E,Krishnarajendra Market - Venkateshwara Nagara,BR1156,3,Krishnarajendra Market,Venkateshwara Nagara,45,0,Ordinary Variant,Central
BMTC,223J,Doddabasthi - Central Silk Board,BR409,3,Doddabasthi,Central Silk Board,32,0,Ordinary Variant,Other
BMTC,286D,Krishnarajendra Market - Srirampura,BR1155,3,Krishnarajendra Market,Srirampura,35,0,Ordinary Variant,Central
BMTC,45G,Kempegowda Bus Station - Chennamma kere Achukattu,BR2305,3,Kempegowda Bus Station,Chennamma kere Achukattu,49,0,Ordinary Variant,Central
BMTC,223L,Vishweshwaraiah Layout 1st Block - Krishnarajendra Market,BR410,3,Vishweshwaraiah Layout 1st Block,Krishnarajendra Market,57,0,Ordinary Variant,Central
BMTC,45J,Chennamma kere Achukattu - City Railway Station,BR2306,3,Chennamma kere Achukattu,City Railway Station,47,0,Ordinary Variant,Other
BMTC,HBL-NBS,Hebbala - Navarang Talkies,BR3379,3,Hebbala,Navarang Talkies,26,0,Special,North
BMTC,223N,Krishnarajendra Market - Jnana Jyothi Nagara 2nd Phase,BR411,3,Krishnarajendra Market,Jnana Jyothi Nagara 2nd Phase,54,0,Ordinary Variant,Central
BMTC,286H,Shivajinagar Bus Station - Jakkur Layout,BR1159,3,Shivajinagar Bus Station,Jakkur Layout,40,0,Ordinary Variant,Central
BMTC,45K,Dattatraya Nagara Temple - Kempegowda Bus Station,BR2307,3,Dattatraya Nagara Temple,Kempegowda Bus Station,49,0,Ordinary Variant,Central
BMTC,223P,Upkar Residency Layout - Kempegowda Bus Station,BR412,3,Upkar Residency Layout,Kempegowda Bus Station,47,0,Ordinary Variant,Central
BMTC,223Q,Krishnarajendra Market - Upkar Residency Layout,BR415,3,Krishnarajendra Market,Upkar Residency Layout,47,0,Ordinary Variant,Central
BMTC,285R,Krishnarajendra Market - Chellahalli,BR1143,3,Krishnarajendra Market,Chellahalli,36,0,Ordinary Variant,Central
BMTC,285P,Krishnarajendra Market - Bettanahalli,BR1142,3,Krishnarajendra Market,Bettanahalli,37,0,Ordinary Variant,Central
BMTC,211DA,Krishnarajendra Market - Mallipalya,BR261,3,Krishnarajendra Market,Mallipalya,35,0,Special,Central
BMTC,MSP-ODC,MS Palya - Out Door Clothing Company,BR3779,3,MS Palya,Out Door Clothing Company,36,0,Special,Other
BMTC,285V,Shivajinagar Bus Station - Sonnenahalli,BR1147,3,Shivajinagar Bus Station,Sonnenahalli,39,0,Ordinary Variant,Central
BMTC,285T,Budamanahalli - Krishnarajendra Market,BR1146,3,Budamanahalli,Krishnarajendra Market,38,0,Ordinary Variant,Central
BMTC,285Y,Krishnarajendra Market - Seetha Kempanahalli,BR1150,3,Krishnarajendra Market,Seetha Kempanahalli,44,0,Ordinary Variant,Central
BMTC,336A,Krishnarajendra Market - Kempapura,BR1733,3,Krishnarajendra Market,Kempapura,34,0,Ordinary Variant,Central
BMTC,285Z,Krishnarajendra Market - Suradenapura Yelahanka Road,BR1151,3,Krishnarajendra Market,Suradenapura Yelahanka Road,52,0,Ordinary Variant,North
BMTC,342MA,Krishnarajendra Market - Ganagaluru,BR1775,3,Krishnarajendra Market,Ganagaluru,35,0,Special,Central
BMTC,UNI-MCTC,MCTC Bus Stand - UNITEX,BR4024,3,MCTC Bus Stand,UNITEX,23,0,Special,Other
BMTC,285X,Krishnarajendra Market - Dibbur,BR1149,3,Krishnarajendra Market,Dibbur,31,0,Ordinary Variant,Central
BMTC,223A,Doddabasthi - Shivajinagar Bus Station,BR402,3,Doddabasthi,Shivajinagar Bus Station,38,0,Ordinary Variant,Central
BMTC,223B,Mallathahalli - Shivajinagar Bus Station,BR403,3,Mallathahalli,Shivajinagar Bus Station,40,0,Ordinary Variant,Central
BMTC,336B,Kempegowda Bus Station - Kempapura,BR1734,3,Kempegowda Bus Station,Kempapura,34,0,Ordinary Variant,Central
BMTC,228E,Krishnarajendra Market - Thippuru,BR514,3,Krishnarajendra Market,Thippuru,33,0,Ordinary Variant,Central
BMTC,333B,Kempegowda Bus Station - AECS Layout,BR1691,3,Kempegowda Bus Station,AECS Layout,36,0,Ordinary Variant,Central
BMTC,228G,Krishnarajendra Market - Kenchanapalya,BR516,3,Krishnarajendra Market,Kenchanapalya,38,0,Ordinary Variant,Central
BMTC,228F,Chikka Kuntanahalli - Krishnarajendra Market,BR515,3,Chikka Kuntanahalli,Krishnarajendra Market,44,0,Ordinary Variant,Central
BMTC,228A,Parasanapalya - Krishnarajendra Market,BR511,3,Parasanapalya,Krishnarajendra Market,38,0,Ordinary Variant,Central
BMTC,228C,Dodda Kuntanahalli - Krishnarajendra Market,BR513,3,Dodda Kuntanahalli,Krishnarajendra Market,43,0,Ordinary Variant,Central
BMTC,228B,Krishnarajendra Market - Thittahalli,BR512,3,Krishnarajendra Market,Thittahalli,36,0,Ordinary Variant,Central
BMTC,V-331,Shivajinagar Bus Station - Kadugodi,BR4060,3,Shivajinagar Bus Station,Kadugodi,35,0,Ordinary,East
BMTC,227X,Krishnarajendra Market - Thippagondanahalli Quarters,BR506,3,Krishnarajendra Market,Thippagondanahalli Quarters,52,0,Ordinary Variant,Central
BMTC,227W,Avarehalli - Krishnarajendra Market,BR505,3,Avarehalli,Krishnarajendra Market,35,0,Ordinary Variant,Central
BMTC,227Z,Sugganahalli - Krishnarajendra Market,BR508,3,Sugganahalli,Krishnarajendra Market,37,0,Ordinary Variant,Central
BMTC,227Y,MUKTHINAGA TEMPLE CROSS - Krishnarajendra Market,BR507,3,MUKTHINAGA TEMPLE CROSS,Krishnarajendra Market,48,0,Ordinary Variant,Central
BMTC,250YB,Soundarya Layout - Kempegowda Bus Station,BR804,3,Soundarya Layout,Kempegowda Bus Station,41,0,Special,Central
BMTC,333R,Kempegowda Bus Station - Maratahalli Bridge,BR1705,3,Kempegowda Bus Station,Maratahalli Bridge,43,0,Ordinary Variant,Central
BMTC,333Q,Kempegowda Bus Station - Boganahalli,BR1704,3,Kempegowda Bus Station,Boganahalli,36,0,Ordinary Variant,Central
BMTC,333P,Kempegowda Bus Station - ITPL,BR1703,3,Kempegowda Bus Station,ITPL,29,0,Ordinary Variant,East
BMTC,250YA,Meenakshi Layout - Kempegowda Bus Station,BR803,3,Meenakshi Layout,Kempegowda Bus Station,41,0,Special,Central
BMTC,GABN-SNBS,Shanthinagar TTMC - Globale Academy Bangarappa Nagara,BR3333,3,Shanthinagar TTMC,Globale Academy Bangarappa Nagara,53,0,Special,Other
BMTC,333N,Kempegowda Bus Station - Basavanagara Bus Stand,BR1702,3,Kempegowda Bus Station,Basavanagara Bus Stand,47,0,Ordinary Variant,Central
BMTC,333L,Chandra Layout - Kadugodi,BR1701,3,Chandra Layout,Kadugodi,25,0,Ordinary Variant,East
BMTC,333K,Kempegowda Bus Station - Ambedkar Nagara,BR1700,3,Kempegowda Bus Station,Ambedkar Nagara,40,0,Ordinary Variant,Central
BMTC,228L,Dodda Kuntanahalli - Kempegowda Bus Station,BR520,3,Dodda Kuntanahalli,Kempegowda Bus Station,43,0,Ordinary Variant,Central
BMTC,333J,Kempegowda Bus Station - HAL Main Gate,BR1699,3,Kempegowda Bus Station,HAL Main Gate,38,0,Ordinary Variant,Central
BMTC,AMD-JYS,AMD Private Limited - Jayadeva Signal,BR2614,3,AMD Private Limited,Jayadeva Signal,37,0,Special,Other
BMTC,333H,Kempegowda Bus Station - Munnekolalu,BR1698,3,Kempegowda Bus Station,Munnekolalu,36,0,Ordinary Variant,Central
BMTC,333G,Kempegowda Bus Station - Nallurahalli,BR1697,3,Kempegowda Bus Station,Nallurahalli,37,0,Ordinary Variant,Central
BMTC,228H,Thippuru - Kempegowda Bus Station,BR517,3,Thippuru,Kempegowda Bus Station,33,0,Ordinary Variant,Central
BMTC,333F,Kempegowda Bus Station - Doddanekkundi,BR1696,3,Kempegowda Bus Station,Doddanekkundi,38,0,Ordinary Variant,Central
BMTC,333E,Kempegowda Bus Station - Kadugodi,BR1695,3,Kempegowda Bus Station,Kadugodi,33,0,Ordinary Variant,East
BMTC,TAGR-KRM,Gurukula School Tharahunise - Krishnarajendra Market,BR3987,3,Gurukula School Tharahunise,Krishnarajendra Market,52,0,Special,Central
BMTC,228J,Kempegowda Bus Station - Srinivasapura,BR518,3,Kempegowda Bus Station,Srinivasapura,38,0,Ordinary Variant,Central
BMTC,333D,Kempegowda Bus Station - Chinnappanahalli,BR1694,3,Kempegowda Bus Station,Chinnappanahalli,41,0,Ordinary Variant,Central
BMTC,228K,Bidadi - Kempegowda Bus Station,BR519,3,Bidadi,Kempegowda Bus Station,31,0,Ordinary Variant,Central
BMTC,333C,Kempegowda Bus Station - Basvanagara Bus Station,BR1692,3,Kempegowda Bus Station,Basvanagara Bus Station,48,0,Ordinary Variant,Central
BMTC,334B,Krishnarajendra Market - BNagasandra,BR1707,3,Krishnarajendra Market,BNagasandra,36,0,Ordinary Variant,Central
BMTC,334C,Kempegowda Bus Station - BNagasandra,BR1708,3,Kempegowda Bus Station,BNagasandra,36,0,Ordinary Variant,Central
BMTC,VSD-JBN,Vidhana Soudha - Jai Bhuvaneshwari Nagara,BR4230,3,Vidhana Soudha,Jai Bhuvaneshwari Nagara,41,0,Special,Other
BMTC,229D,Kaggalipura - Krishnarajendra Market,BR523,3,Kaggalipura,Krishnarajendra Market,36,0,Ordinary Variant,Central
BMTC,229A,Gaviyana Palya - Krishnarajendra Market,BR522,3,Gaviyana Palya,Krishnarajendra Market,39,0,Ordinary Variant,Central
BMTC,CBH-SBS,Chikkabettahalli - Shivajinagar Bus Station,BR2830,3,Chikkabettahalli,Shivajinagar Bus Station,43,0,Special,Central
BMTC,V-342,DEPOT-25 HSR Layout - KR Market,BR4087,3,DEPOT-25 HSR Layout,KR Market,31,0,Ordinary,Central
BMTC,KRKG-BEL,Karekall kunigal Road - BEL Circle,BR3641,3,Karekall kunigal Road,BEL Circle,34,0,Special,Other
BMTC,333T,Nagarabhavi BDA Complex - ITPL,BR1706,3,Nagarabhavi BDA Complex,ITPL,30,0,Ordinary Variant,East
BMTC,TGP-MEBP,Talaghattapura Police Station - Manyatha Embasy Business Park,BR3996,3,Talaghattapura Police Station,Manyatha Embasy Business Park,61,0,Special,Other
BMTC,CSB-WGB,Central Silk Board - Wilson Garden Police Station,BR3195,3,Central Silk Board,Wilson Garden Police Station,49,0,Special,Other
BMTC,MRS-SBS,Shivajinagar Bus Station - Marasandra Bagalur,BR3776,3,Shivajinagar Bus Station,Marasandra Bagalur,45,0,Special,Central
BMTC,210UB,Kempegowda Bus Station - Kumaraswamy Layout West,BR247,3,Kempegowda Bus Station,Kumaraswamy Layout West,48,0,Special,Central
BMTC,334E,Domlur - Hosakote Bus Stand,BR1710,3,Domlur,Hosakote Bus Stand,27,0,Ordinary Variant,Other
BMTC,334D,Kempegowda Bus Station - Varthuru,BR1709,3,Kempegowda Bus Station,Varthuru,33,0,Ordinary Variant,Central
BMTC,KBR-SJHS,Kaval Byrasandra - St Joseph High Scholl,BR3516,3,Kaval Byrasandra,St Joseph High Scholl,40,0,Special,Other
BMTC,226A,Kempegowda Bus Station - Hampapura,BR444,3,Kempegowda Bus Station,Hampapura,34,0,Ordinary Variant,Central
BMTC,CCC-1,City Civil Court - City Civil Court,BR2835,3,City Civil Court,City Civil Court,35,1,Ordinary,Other
BMTC,226C,Thimmappana Palya - Krishnarajendra Market,BR446,3,Thimmappana Palya,Krishnarajendra Market,42,0,Ordinary Variant,Central
BMTC,226B,Krishnarajendra Market - Hampapura,BR445,3,Krishnarajendra Market,Hampapura,34,0,Ordinary Variant,Central
BMTC,226E,Channegowdana Doddi - Krishnarajendra Market,BR448,3,Channegowdana Doddi,Krishnarajendra Market,44,0,Ordinary Variant,Central
BMTC,KST-BEML,Kengeri Satelite Town - BEML,BR3658,3,Kengeri Satelite Town,BEML,28,0,Special,South
BMTC,226D,Vajara Halli - Krishnarajendra Market,BR447,3,Vajara Halli,Krishnarajendra Market,37,0,Ordinary Variant,Central
BMTC,330P,Shivajinagar Bus Station - Balagere,BR1683,3,Shivajinagar Bus Station,Balagere,35,0,Ordinary Variant,Central
BMTC,342JB,Kempegowda Bus Station - V Kallahalli Sarjapura Road,BR1771,3,Kempegowda Bus Station,V Kallahalli Sarjapura Road,52,0,Special,Central
BMTC,226N,Bidadi - Kempegowda Bus Station,BR458,3,Bidadi,Kempegowda Bus Station,31,0,Ordinary Variant,Central
BMTC,226P,Karenahalli - Krishnarajendra Market,BR461,3,Karenahalli,Krishnarajendra Market,36,0,Ordinary Variant,Central
BMTC,226Q,Bidadi - Kempegowda Bus Station,BR462,3,Bidadi,Kempegowda Bus Station,31,0,Ordinary Variant,Central
BMTC,226R,Parasanapalya - Krishnarajendra Market,BR463,3,Parasanapalya,Krishnarajendra Market,38,0,Ordinary Variant,Central
BMTC,SBS-BMES,Shivajinagar Bus Station - BM English School Bellahalli,BR3927,3,Shivajinagar Bus Station,BM English School Bellahalli,55,0,Special,Central
BMTC,226S,Anchipura Colony - Krishnarajendra Market,BR464,3,Anchipura Colony,Krishnarajendra Market,41,0,Ordinary Variant,Central
BMTC,226T,Krishnarajendra Market - Talaguppe,BR466,3,Krishnarajendra Market,Talaguppe,34,0,Ordinary Variant,Central
BMTC,226U,Kenchanaguppe - Krishnarajendra Market,BR467,3,Kenchanaguppe,Krishnarajendra Market,38,0,Ordinary Variant,Central
BMTC,D30-YSTF,DEPOT-30 - Yelahanka Satelite Town 5th Phase,BR3230,3,DEPOT-30,Yelahanka Satelite Town 5th Phase,44,0,Special,North
BMTC,226F,Bidadi - Krishnarajendra Market,BR449,3,Bidadi,Krishnarajendra Market,31,0,Ordinary Variant,Central
BMTC,226G,Bidadi - Shivajinagar Bus Station,BR450,3,Bidadi,Shivajinagar Bus Station,33,0,Ordinary Variant,Central
BMTC,226H,Bidadi - Banashankari Bus Station,BR451,3,Bidadi,Banashankari Bus Station,33,0,Ordinary Variant,South
BMTC,331B,Shivajinagar Bus Station - Vaidehi Hospital,BR1687,3,Shivajinagar Bus Station,Vaidehi Hospital,43,0,Ordinary Variant,Central
BMTC,331A,Shivajinagar Bus Station - Kadugodi,BR1686,3,Shivajinagar Bus Station,Kadugodi,35,0,Ordinary Variant,East
BMTC,226J,Thimmappana Palya - Kempegowda Bus Station,BR452,3,Thimmappana Palya,Kempegowda Bus Station,42,0,Ordinary Variant,Central
BMTC,226K,Shanumangala - Krishnarajendra Market,BR453,3,Shanumangala,Krishnarajendra Market,37,0,Ordinary Variant,Central
BMTC,226L,Hakki Pikki Colony - Krishnarajendra Market,BR455,3,Hakki Pikki Colony,Krishnarajendra Market,43,0,Ordinary Variant,Central
BMTC,226M,Krishnarajendra Market - Bidadi,BR456,3,Krishnarajendra Market,Bidadi,31,0,Ordinary Variant,Central
BMTC,331E,Shivajinagar Bus Station - Belathuru,BR1688,3,Shivajinagar Bus Station,Belathuru,36,0,Ordinary Variant,Central
BMTC,227B,Krishnarajendra Market - Tavare Kere,BR477,3,Krishnarajendra Market,Tavare Kere,36,0,Ordinary Variant,Central
BMTC,227A,Krishnarajendra Market - Mayasandra,BR475,3,Krishnarajendra Market,Mayasandra,35,0,Ordinary Variant,Central
BMTC,227F,Chikkanahalli - Krishnarajendra Market,BR483,3,Chikkanahalli,Krishnarajendra Market,38,0,Ordinary Variant,Central
BMTC,227E,Huluvenahalli - Krishnarajendra Market,BR482,3,Huluvenahalli,Krishnarajendra Market,38,0,Ordinary Variant,Central
BMTC,227D,Uddandalli - Krishnarajendra Market,BR481,3,Uddandalli,Krishnarajendra Market,35,0,Ordinary Variant,Central
BMTC,227C,Beemanakuppe - Krishnarajendra Market,BR479,3,Beemanakuppe,Krishnarajendra Market,37,0,Ordinary Variant,Central
BMTC,226Y,Krishnarajendra Market - Katammana Doddi,BR472,3,Krishnarajendra Market,Katammana Doddi,40,0,Ordinary Variant,Central
BMTC,CS-340H,Kempegowda Bus Station - HSR Layout 2nd Sector,BR3145,3,Kempegowda Bus Station,HSR Layout 2nd Sector,46,0,Ordinary Variant,Central
BMTC,226V,Thoredoddi - Krishnarajendra Market,BR468,3,Thoredoddi,Krishnarajendra Market,35,0,Ordinary Variant,Central
BMTC,226Z,Bidadi - Hullalu,BR473,3,Bidadi,Hullalu,16,0,Ordinary Variant,West
BMTC,227Q,Doddamaranahalli - Krishnarajendra Market,BR494,3,Doddamaranahalli,Krishnarajendra Market,41,0,Ordinary Variant,Central
BMTC,227R,Byalalu Janatha Colony - Krishnarajendra Market,BR495,3,Byalalu Janatha Colony,Krishnarajendra Market,47,0,Ordinary Variant,Central
BMTC,CS-340A,Kempegowda Bus Station - Parangipalya,BR3144,3,Kempegowda Bus Station,Parangipalya,37,0,Ordinary Variant,Central
BMTC,227P,Krishnarajendra Market - Hunnigere,BR493,3,Krishnarajendra Market,Hunnigere,34,0,Ordinary Variant,Central
BMTC,227U,Hagalahalli - Krishnarajendra Market,BR499,3,Hagalahalli,Krishnarajendra Market,36,0,Ordinary Variant,Central
BMTC,227V,Manchanabele - Krishnarajendra Market,BR501,3,Manchanabele,Krishnarajendra Market,37,0,Ordinary Variant,Central
BMTC,V-315,Kempegowda Bus Station - K R Puram,BR4053,3,Kempegowda Bus Station,K R Puram,34,0,Ordinary,Central
BMTC,227S,Krishnarajendra Market - Gollahalli,BR497,3,Krishnarajendra Market,Gollahalli,35,0,Ordinary Variant,Central
BMTC,227T,CK Thandya - Krishnarajendra Market,BR498,3,CK Thandya,Krishnarajendra Market,35,0,Ordinary Variant,Central
BMTC,227J,Malligondanahalli - Krishnarajendra Market,BR487,3,Malligondanahalli,Krishnarajendra Market,42,0,Ordinary Variant,Central
BMTC,227G,Krishnarajendra Market - Subbarayappana Palya,BR484,3,Krishnarajendra Market,Subbarayappana Palya,45,0,Ordinary Variant,Central
BMTC,227H,Krishnarajendra Market - Kurubarapalya,BR486,3,Krishnarajendra Market,Kurubarapalya,38,0,Ordinary Variant,Central
BMTC,227M,Krishnarajendra Market - Magadi,BR490,3,Krishnarajendra Market,Magadi,31,0,Ordinary Variant,Central
BMTC,210WA,Kempegowda Bus Station - Thurahalli,BR250,3,Kempegowda Bus Station,Thurahalli,35,0,Special,Central
BMTC,227N,Krishnarajendra Market - Punugumaranahalli,BR491,3,Krishnarajendra Market,Punugumaranahalli,42,0,Ordinary Variant,Central
BMTC,227K,Basammanahalli - Krishnarajendra Market,BR488,3,Basammanahalli,Krishnarajendra Market,39,0,Ordinary Variant,Central
BMTC,227L,Alammana Palya - Krishnarajendra Market,BR489,3,Alammana Palya,Krishnarajendra Market,39,0,Ordinary Variant,Central
BMTC,RTN-SBS,RTNagara - Shivajinagar Bus Station,BR3912,3,RTNagara,Shivajinagar Bus Station,35,0,Special,Central
BMTC,BLCD-ADT,Bellandur Coffee Day - Adithi School,BR2692,3,Bellandur Coffee Day,Adithi School,36,0,Special,Other
BMTC,V-SJP-CSB,Sarjapura Bus Stand - Central Silk Board,BR4188,3,Sarjapura Bus Stand,Central Silk Board,40,0,Special,Other
BMTC,280L,Kempegowda Bus Station - Yarappanahalli,BR1079,3,Kempegowda Bus Station,Yarappanahalli,39,0,Ordinary Variant,Central
BMTC,280M,Krishnarajendra Market - Sampigehalli,BR1080,3,Krishnarajendra Market,Sampigehalli,37,0,Ordinary Variant,Central
BMTC,280K,Kempegowda Bus Station - Mitaganahalli,BR1078,3,Kempegowda Bus Station,Mitaganahalli,38,0,Ordinary Variant,Central
BMTC,223PA,Kempegowda Bus Station - Upkar Residency Layout,BR414,3,Kempegowda Bus Station,Upkar Residency Layout,47,0,Special,Central
BMTC,MRTB-DSC,Dayananda Sagar College - Maratahalli Bridge,BR3777,3,Dayananda Sagar College,Maratahalli Bridge,44,0,Special,Other
BMTC,176D,GKW Layout - Ganga Nagara,BR161,3,GKW Layout,Ganga Nagara,25,0,Ordinary Variant,Other
BMTC,281A,Kempegowda Bus Station - BSF,BR1082,3,Kempegowda Bus Station,BSF,28,0,Ordinary Variant,Central
BMTC,210ZA,Kempegowda Bus Station - Chikkalasandra Ramanjaneya Layout,BR253,3,Kempegowda Bus Station,Chikkalasandra Ramanjaneya Layout,58,0,Special,Central
BMTC,176E,BCC Layout - Kaval Byrasandra,BR162,3,BCC Layout,Kaval Byrasandra,29,0,Ordinary Variant,Other
BMTC,176G,Hampinagara RPC Layout - Ganga Nagara,BR163,3,Hampinagara RPC Layout,Ganga Nagara,37,0,Ordinary Variant,Other
BMTC,176A,MCTC Bus Stand - Kaval Byrasandra,BR158,3,MCTC Bus Stand,Kaval Byrasandra,33,0,Ordinary Variant,Other
BMTC,5F-1,Kengeri TTMC - Bannerghatta Circle,BR2418,3,Kengeri TTMC,Bannerghatta Circle,34,0,Ordinary,South
BMTC,5F-2,Bannerughatta Circle - Kumbalagodu,BR2419,3,Bannerughatta Circle,Kumbalagodu,34,0,Ordinary,Other
BMTC,176C,Chandra Layout - Sulthan Palya,BR159,3,Chandra Layout,Sulthan Palya,30,0,Ordinary Variant,Other
BMTC,5F-3,Bidadi - Girigowdana Doddi,BR2420,3,Bidadi,Girigowdana Doddi,26,0,Ordinary,Other
BMTC,HALLCA-CMHR,HAL-LCA - CMH Road,BR3364,3,HAL-LCA,CMH Road,18,0,Special,Other
BMTC,5F-4,Bidadi Main Bus Stand - KADUJAKKASANDRA,BR2421,3,Bidadi Main Bus Stand,KADUJAKKASANDRA,39,0,Ordinary,Other
BMTC,5F-5,Kengeri TTMC - Gullahatti Kaval,BR2422,3,Kengeri TTMC,Gullahatti Kaval,31,0,Ordinary,South
BMTC,5F-6,Kaggalipura - Kaggalipura,BR2423,3,Kaggalipura,Kaggalipura,25,1,Ordinary,Other
BMTC,281G,Kempegowda Bus Station - Bande Kodigehalli,BR1085,3,Kempegowda Bus Station,Bande Kodigehalli,42,0,Ordinary Variant,Central
BMTC,281F,Kempegowda Bus Station - Mylanahalli,BR1084,3,Kempegowda Bus Station,Mylanahalli,36,0,Ordinary Variant,Central
BMTC,YST-BEL,Yelahanka Satellite Town - BEL Office,BR4267,3,Yelahanka Satellite Town,BEL Office,37,0,Special,North
BMTC,281C,Kempegowda Bus Station - IAF,BR1083,3,Kempegowda Bus Station,IAF,28,0,Ordinary Variant,Central
BMTC,VSD-BDG,Bramha Devara Gudda - Vidhana Soudha,BR4227,3,Bramha Devara Gudda,Vidhana Soudha,36,0,Special,Other
BMTC,CS-342F,Kempegowda Bus Station - Sarjapura Bus Stand,BR3146,3,Kempegowda Bus Station,Sarjapura Bus Stand,44,0,Ordinary Variant,Central
BMTC,330D,Shivajinagar Bus Station - Dodda Kannalli,BR1678,3,Shivajinagar Bus Station,Dodda Kannalli,41,0,Ordinary Variant,Central
BMTC,330E,Shivajinagar Bus Station - Devarabisanahalli,BR1679,3,Shivajinagar Bus Station,Devarabisanahalli,44,0,Ordinary Variant,Central
BMTC,280A,Krishnarajendra Market - Agrahara Layout,BR1074,3,Krishnarajendra Market,Agrahara Layout,40,0,Ordinary Variant,Central
BMTC,CSB-DSCU,DAYANANDA SAGAR COLLEGE - Central Silk Board,BR3189,3,DAYANANDA SAGAR COLLEGE,Central Silk Board,44,0,Special,Other
BMTC,330G,Shivajinagar Bus Station - Doddanekkundi,BR1680,3,Shivajinagar Bus Station,Doddanekkundi,40,0,Ordinary Variant,Central
BMTC,330A,Shivajinagar Bus Station - Lal Bahadur Shastri Nagara,BR1675,3,Shivajinagar Bus Station,Lal Bahadur Shastri Nagara,53,0,Ordinary Variant,Central
BMTC,330B,Shivajinagar Bus Station - AECS Layout,BR1676,3,Shivajinagar Bus Station,AECS Layout,38,0,Ordinary Variant,Central
BMTC,330C,Shivajinagar Bus Station - Basvanagara Bus Station,BR1677,3,Shivajinagar Bus Station,Basvanagara Bus Station,50,0,Ordinary Variant,Central
BMTC,280F,Yelahanka - Hosakote Bus Stand,BR1077,3,Yelahanka,Hosakote Bus Stand,30,0,Ordinary Variant,North
BMTC,330M,Shivajinagar Bus Station - Ashwath Nagara,BR1682,3,Shivajinagar Bus Station,Ashwath Nagara,41,0,Ordinary Variant,Central
BMTC,NBC-VPS,Nagarabhavi Circle - Vidyanikethan Public School,BR3789,3,Nagarabhavi Circle,Vidyanikethan Public School,48,0,Special,Other
BMTC,280C,Krishnarajendra Market - Maruthi Nagara Kannur Road,BR1075,3,Krishnarajendra Market,Maruthi Nagara Kannur Road,51,0,Ordinary Variant,Central
BMTC,330H,Shivajinagar Bus Station - Munnekolalu,BR1681,3,Shivajinagar Bus Station,Munnekolalu,38,0,Ordinary Variant,Central
BMTC,280E,Krishnarajendra Market - Kannuru,BR1076,3,Krishnarajendra Market,Kannuru,32,0,Ordinary Variant,Central
BMTC,GEC-ADT,Golden Enclave - Adithi School,BR3338,3,Golden Enclave,Adithi School,30,0,Special,Other
BMTC,MEBP-KDGB,Manyatha Tech Park - Kadugodi,BR3711,3,Manyatha Tech Park,Kadugodi,29,0,Special,East
BMTC,CS-343E,Kempegowda Bus Station - Beguru,BR3147,3,Kempegowda Bus Station,Beguru,31,0,Ordinary Variant,Central
BMTC,KMT-KMN-KRNHL,Karenahalli - Krishnarajendra Market,BR3620,3,Karenahalli,Krishnarajendra Market,36,0,Special,Central
BMTC,KRKG-KBS,Karekall kunigal Road - Kempegowda Bus Station,BR3642,3,Karekall kunigal Road,Kempegowda Bus Station,46,0,Special,Central
BMTC,GNR-KMT,Ganga Nagara - Krishnarajendra Market,BR3352,3,Ganga Nagara,Krishnarajendra Market,37,0,Special,Central
BMTC,DRP-ODC,Rajkumar Samadhi - Out Door Clothing Company,BR3292,3,Rajkumar Samadhi,Out Door Clothing Company,44,0,Special,Other
BMTC,INDG-ORRCA,India Garrage Lower Agrram Road - Outer Ring Road Company Association,BR3413,3,India Garrage Lower Agrram Road,Outer Ring Road Company Association,69,0,Special,Other
BMTC,BMT22-JHIQ,Depot 22 - ISRO Quarters,BR2746,3,Depot 22,ISRO Quarters,24,0,Special,Other
BMTC,174A,Nandhini Layout Bus Station - Koramangala,BR155,3,Nandhini Layout Bus Station,Koramangala,41,0,Ordinary Variant,Other
BMTC,JPV-252D,Kempegowda Bus Station - Rajani Farm,BR3479,3,Kempegowda Bus Station,Rajani Farm,36,0,Ordinary Variant,Central
BMTC,D25-KBS,Depot-25-BS - Kempegowda Bus Station,BR3227,3,Depot-25-BS,Kempegowda Bus Station,36,0,Special,Central
BMTC,BMSD-BTP,Bommasandra - Bagmane Teck Park,BR2699,3,Bommasandra,Bagmane Teck Park,31,0,Special,Other
BMTC,375GA,Koramangala - Bidadi,BR2091,3,Koramangala,Bidadi,20,0,Special,Other
BMTC,KUSA-JFWTC,Shirke Bus Stand - JFWTC-ITPL,BR3664,3,Shirke Bus Stand,JFWTC-ITPL,29,0,Special,East
BMTC,173A,Koramangala - Chowdeshwari Bus Stand JP Park,BR153,3,Koramangala,Chowdeshwari Bus Stand JP Park,44,0,Ordinary Variant,Other
BMTC,46-A,Kempegowda Bus Station - BANASHANKARI TTMC,BR2309,3,Kempegowda Bus Station,BANASHANKARI TTMC,42,0,Ordinary Variant,South
BMTC,KBS-VGK,Kempegowda Bus Station - Venkatagirikote,BR3564,3,Kempegowda Bus Station,Venkatagirikote,40,0,Special,Central
BMTC,JPV-340A,Kempegowda Bus Station - HSR Layout 2nd Sector,BR3490,3,Kempegowda Bus Station,HSR Layout 2nd Sector,46,0,Ordinary Variant,Central
BMTC,Depot13-SUMH,Depot-13 BS - Summanahalli Signal,BR3267,3,Depot-13 BS,Summanahalli Signal,33,0,Special,Other
BMTC,3B,Jayanagara 9th Block - Banashankari 3rd Stage 2nd Phase,BR2155,3,Jayanagara 9th Block,Banashankari 3rd Stage 2nd Phase,55,0,Ordinary Variant,South
BMTC,35,Kempegowda Swimming Pool - Kempegowda Bus Station,BR1873,3,Kempegowda Swimming Pool,Kempegowda Bus Station,49,0,Ordinary,Central
BMTC,36,Srinagara - Kempegowda Bus Station,BR1935,3,Srinagara,Kempegowda Bus Station,34,0,Ordinary,Central
BMTC,33,Hosakerahalli village - Kempegowda Bus Station,BR1673,3,Hosakerahalli village,Kempegowda Bus Station,46,0,Ordinary,Central
BMTC,34,Hosakerahalli village - Shivajinagar Bus Station,BR1741,3,Hosakerahalli village,Shivajinagar Bus Station,48,0,Ordinary,Central
BMTC,PK-14,Kempegowda Bus Station - Maratahalli,BR3858,3,Kempegowda Bus Station,Maratahalli,36,0,Ordinary,Central
BMTC,37,Srinagar - Shivajinagar Bus Station,BR2050,3,Srinagar,Shivajinagar Bus Station,35,0,Ordinary,Central
BMTC,PK-13,Kempegowda Bus Station - Sai Baba Hospital,BR3856,3,Kempegowda Bus Station,Sai Baba Hospital,42,0,Ordinary,Central
BMTC,38,NRColony - Domlur,BR2112,3,NRColony,Domlur,17,0,Ordinary,Other
BMTC,ANJM-BMT14,Jalli Machine - BMT14,BR2622,3,Jalli Machine,BMT14,21,0,Ordinary,Other
BMTC,GBV-ITPL,Global Village - ITPL,BR3336,3,Global Village,ITPL,21,0,Special,East
BMTC,43,Kempegowda Bus Station - Sri Vidyanagara,BR2284,3,Kempegowda Bus Station,Sri Vidyanagara,40,0,Ordinary,Central
BMTC,MEIL-KMT,KR Market - MEI Layout,BR3724,3,KR Market,MEI Layout,22,0,Special,Central
BMTC,42,Avalahalli BDA Park - Chowdeshwari Bus Stand JP Park,BR2283,3,Avalahalli BDA Park,Chowdeshwari Bus Stand JP Park,52,0,Ordinary,Other
BMTC,41,Gandhi Bazaar - Malleshwaram 18th Cross,BR2249,3,Gandhi Bazaar,Malleshwaram 18th Cross,39,0,Ordinary,West
BMTC,C-45G,Kempegowda Bus Station - Depot-13-BS,BR2825,3,Kempegowda Bus Station,Depot-13-BS,36,0,Ordinary Variant,Central
BMTC,JPV-340H,Kempegowda Bus Station - HSR Layout 2nd Sector,BR3491,3,Kempegowda Bus Station,HSR Layout 2nd Sector,46,0,Ordinary Variant,Central
BMTC,3F,JP Nagara 3rd Phase - Hosakerahalli village,BR2158,3,JP Nagara 3rd Phase,Hosakerahalli village,43,0,Ordinary Variant,South
BMTC,3E,BTM Layout - Banashankari 3rd Stage 2nd Phase,BR2157,3,BTM Layout,Banashankari 3rd Stage 2nd Phase,45,0,Ordinary Variant,South
BMTC,3C,JPNagara 6th Phase - Srinagara,BR2156,3,JPNagara 6th Phase,Srinagara,30,0,Ordinary Variant,Other
BMTC,401EA,Coffee Board Layout - Chandra Layout,BR2187,3,Coffee Board Layout,Chandra Layout,36,0,Special,Other
BMTC,CS-333E,Kempegowda Bus Station - Kadugodi,BR3143,3,Kempegowda Bus Station,Kadugodi,33,0,Ordinary Variant,East
BMTC,RBILO-ITPL,RBI Layout - ITPL,BR3897,3,RBI Layout,ITPL,17,0,Special,East
BMTC,2A,JP Nagara 1st Phase - Kempegowda Bus Station,BR1339,3,JP Nagara 1st Phase,Kempegowda Bus Station,44,0,Ordinary Variant,South
BMTC,22,Byrasandra - Kempegowda Bus Station,BR375,3,Byrasandra,Kempegowda Bus Station,35,0,Ordinary,Central
BMTC,23,JP Nagara 3rd Phase - Yeshawanthapura TTMC,BR525,3,JP Nagara 3rd Phase,Yeshawanthapura TTMC,42,0,Ordinary,South
BMTC,24,BTM Layout - Krishnarajendra Market,BR598,3,BTM Layout,Krishnarajendra Market,35,0,Ordinary,Central
BMTC,25,BTM Layout - Majestic,BR765,3,BTM Layout,Majestic,21,0,Ordinary,Central
BMTC,26,Byrasandra - Kempegowda Bus Station,BR955,3,Byrasandra,Kempegowda Bus Station,35,0,Ordinary,Central
BMTC,27,BTM Layout South - Shivajinagar Bus Station,BR1001,3,BTM Layout South,Shivajinagar Bus Station,43,0,Ordinary,Central
BMTC,356ZA,Kempu Dommasandra - Chandapura,BR1926,3,Kempu Dommasandra,Chandapura,30,0,Special,Other
BMTC,29,JPNagara 6th Phase - Shivajinagar Bus Station,BR1209,3,JPNagara 6th Phase,Shivajinagar Bus Station,45,0,Ordinary,Central
BMTC,KMT-KTP-LDH,Lingadeeranahalli - Krishnarajendra Market,BR3621,3,Lingadeeranahalli,Krishnarajendra Market,42,0,Special,Central
BMTC,2M,JP Nagara 1st Phase - Krishnarajendra Market,BR1343,3,JP Nagara 1st Phase,Krishnarajendra Market,44,0,Ordinary Variant,South
BMTC,CKB-VNC,Chikkabanavara - Vinayakanagara Cross D-43,BR2867,3,Chikkabanavara,Vinayakanagara Cross D-43,42,0,Special,Other
BMTC,32,NRColony - Shivajinagar Bus Station,BR1592,3,NRColony,Shivajinagar Bus Station,35,0,Ordinary,Central
BMTC,31,NRColony - Kempegowda Bus Station,BR1464,3,NRColony,Kempegowda Bus Station,33,0,Ordinary,Central
BMTC,2B,Eliyas Nagar - Kempegowda Bus Station,BR1340,3,Eliyas Nagar,Kempegowda Bus Station,37,0,Ordinary Variant,Central
BMTC,2E,JPNagara 6th Phase - Kempegowda Bus Station,BR1342,3,JPNagara 6th Phase,Kempegowda Bus Station,43,0,Ordinary Variant,Central
BMTC,2D,JPNagara 6th Phase - City Railway Station,BR1341,3,JPNagara 6th Phase,City Railway Station,41,0,Ordinary Variant,Other
BMTC,CRN-500CA,Banashankari Bus Station - ITPL,BR3065,3,Banashankari Bus Station,ITPL,31,0,Special,South
BMTC,342AA,Krishnarajendra Market - TChuddadenahalli,BR1762,3,Krishnarajendra Market,TChuddadenahalli,41,0,Special,Central
BMTC,PK-37,Shivajinagar Bus Station - Srinagara,BR3875,3,Shivajinagar Bus Station,Srinagara,36,0,Ordinary,Central
BMTC,MF-1,Kempegowda Bus Station - Kempegowda Bus Station,BR3725,3,Kempegowda Bus Station,Kempegowda Bus Station,47,1,Ordinary,Central
BMTC,18,Jayanagara 9th Block - Kempegowda Bus Station,BR165,3,Jayanagara 9th Block,Kempegowda Bus Station,45,0,Ordinary,South
BMTC,15,Banashankari BDA Complex - Krishnarajendra Market,BR104,3,Banashankari BDA Complex,Krishnarajendra Market,49,0,Ordinary,South
BMTC,MF-3,BANASHANKARI TTMC - Shivajinagar Bus Station,BR3727,3,BANASHANKARI TTMC,Shivajinagar Bus Station,44,0,Ordinary,South
BMTC,250TD,Yeshawanthapura TTMC - Yeshwanthpur TTMC,BR798,3,Yeshawanthapura TTMC,Yeshwanthpur TTMC,40,0,Special,West
BMTC,250TA,Meenakshi Layout - Krishnarajendra Market,BR797,3,Meenakshi Layout,Krishnarajendra Market,41,0,Special,Central
BMTC,13,BANASHANKARI TTMC - Shivajinagar Bus Station,BR56,3,BANASHANKARI TTMC,Shivajinagar Bus Station,44,0,Ordinary,South
BMTC,KDHG-CHLC,Kodigehalli gate - Cristal House School,BR3576,3,Kodigehalli gate,Cristal House School,39,0,Special,Other
BMTC,14,Malleshwaram 18th Cross - Banashankari Bus Station,BR78,3,Malleshwaram 18th Cross,Banashankari Bus Station,50,0,Ordinary,South
BMTC,11,BANASHANKARI TTMC - Krishnarajendra Market,BR12,3,BANASHANKARI TTMC,Krishnarajendra Market,42,0,Ordinary,South
BMTC,335EK,Kempegowda Bus Station - Hosakote Bus Stand,BR1720,3,Kempegowda Bus Station,Hosakote Bus Stand,43,0,Special,Central
BMTC,12,BANASHANKARI TTMC - Kempegowda Bus Station,BR31,3,BANASHANKARI TTMC,Kempegowda Bus Station,42,0,Ordinary,South
BMTC,21,Byrasandra - Krishnarajendra Market,BR208,3,Byrasandra,Krishnarajendra Market,35,0,Ordinary,Central
BMTC,PK-30,Kempegowda Bus Station - Koramangala Kendriya Sadan,BR3869,3,Kempegowda Bus Station,Koramangala Kendriya Sadan,51,0,Ordinary,Central
BMTC,20,Jayanagara 9th Block - Shivajinagar Bus Station,BR182,3,Jayanagara 9th Block,Shivajinagar Bus Station,47,0,Ordinary,South
BMTC,306RA,HAL Main Gate - Devanagundi,BR1451,3,HAL Main Gate,Devanagundi,27,0,Special,Other
BMTC,JPV-342F,Kempegowda Bus Station - Sarjapura Bus Stand,BR3492,3,Kempegowda Bus Station,Sarjapura Bus Stand,44,0,Ordinary Variant,Central
BMTC,1F,BTM Layout - Krishnarajendra Market,BR180,3,BTM Layout,Krishnarajendra Market,35,0,Ordinary Variant,Central
BMTC,1E,JPNagara 6th Phase - Chowdeshwari Bus Stand JP Park,BR179,3,JPNagara 6th Phase,Chowdeshwari Bus Stand JP Park,51,0,Ordinary Variant,Other
BMTC,V-201R,Srinagara - C V Ramanagra,BR4031,3,Srinagara,C V Ramanagra,25,0,Ordinary Variant,Other
BMTC,PK-29,Shivajinagar Bus Station - JP Nagar 6th Phase,BR3865,3,Shivajinagar Bus Station,JP Nagar 6th Phase,45,0,Ordinary,South
BMTC,PK-25,Kempegowda Bus Station - Kuvempunagar,BR3864,3,Kempegowda Bus Station,Kuvempunagar,37,0,Ordinary,Central
BMTC,Depot-13-KPC,Depot-13-BS - Kenchanapura Cross,BR3243,3,Depot-13-BS,Kenchanapura Cross,32,0,Special,Other
BMTC,PK-21,Mathikere - Banashankari Bus Station,BR3862,3,Mathikere,Banashankari Bus Station,36,0,Ordinary,South
BMTC,250SA,Kudhurgere Madhanayakanahalli - Kempegowda Bus Station,BR795,3,Kudhurgere Madhanayakanahalli,Kempegowda Bus Station,54,0,Special,Central
BMTC,ESML-CSB,Esteem Mall - Central Silk Board,BR3304,3,Esteem Mall,Central Silk Board,32,0,Special,Other
BMTC,245TC,Madanayakanahalli - Kadabagere gate,BR723,3,Madanayakanahalli,Kadabagere gate,35,0,Special,Other
BMTC,250RG,Kempegowda Bus Station - Raghavendra Badavane,BR793,3,Kempegowda Bus Station,Raghavendra Badavane,45,0,Special,Central
BMTC,JPV-343E,Kempegowda Bus Station - Beguru,BR3493,3,Kempegowda Bus Station,Beguru,31,0,Ordinary Variant,Central
BMTC,V-276,Kempegowda Bus Station - Vidyaranyapura,BR4046,3,Kempegowda Bus Station,Vidyaranyapura,39,0,Ordinary,North
BMTC,V-201H,Avalahalli BDA Park - Koramangala,BR4030,3,Avalahalli BDA Park,Koramangala,33,0,Ordinary Variant,Other
BMTC,78,Yeshwanthpur TTMC - Yeshwanthpur TTMC,BR2494,3,Yeshwanthpur TTMC,Yeshwanthpur TTMC,37,1,Ordinary,West
BMTC,77,Mahalakshmi Layout - Krishnarajendra Market,BR2487,3,Mahalakshmi Layout,Krishnarajendra Market,43,0,Ordinary,Central
BMTC,BTP-BSK,BAGMANE TECH PARK - Banashankari Bus Station,BR2809,3,BAGMANE TECH PARK,Banashankari Bus Station,44,0,Special,South
BMTC,MTR-SDH,Sidedahalli - Mind Tree Global Villiage,BR3786,3,Sidedahalli,Mind Tree Global Villiage,39,0,Special,Other
BMTC,ADT-IAF,Adithi School - IAF,BR2597,3,Adithi School,IAF,19,0,Special,Other
BMTC,V-25A,Kempegowda Bus Station - MICO Layout,BR4045,3,Kempegowda Bus Station,MICO Layout,36,0,Ordinary Variant,Central
BMTC,258TAA,Kannamangala - Krishnarajendra Market,BR925,3,Kannamangala,Krishnarajendra Market,37,0,Special,Central
BMTC,7F,JPNagara 6th Phase - Jeevan Bhimanagara Bus stand,BR2508,3,JPNagara 6th Phase,Jeevan Bhimanagara Bus stand,49,0,Ordinary Variant,Other
BMTC,STP-VNS,Sulthan Palya - Vidyaniketan School,BR3985,3,Sulthan Palya,Vidyaniketan School,35,0,Special,Other
BMTC,7E,JPNagara 6th Phase - Domlur,BR2507,3,JPNagara 6th Phase,Domlur,27,0,Ordinary Variant,Other
BMTC,V-CRS-MRHB,Contonment Railway Station - Marathahalli Bridge,BR4178,3,Contonment Railway Station,Marathahalli Bridge,48,0,Special,Other
BMTC,7D,BANASHANKARI TTMC - Jeevan Bhimanagara Bus stand,BR2506,3,BANASHANKARI TTMC,Jeevan Bhimanagara Bus stand,48,0,Ordinary Variant,South
BMTC,401AB,Jalahalli Cross - Bagaluru,BR2173,3,Jalahalli Cross,Bagaluru,26,0,Special,North
BMTC,KBS-KGR-MDP,Kempegowda Bus Station - Madapatna,BR3545,3,Kempegowda Bus Station,Madapatna,34,0,Special,Central
BMTC,401AC,Devanahalli - Yeshawanthapura TTMC,BR2174,3,Devanahalli,Yeshawanthapura TTMC,34,0,Special,Other
BMTC,7H,Jayanagara Bus Stand - Jayanagara Bus Stand,BR2509,3,Jayanagara Bus Stand,Jayanagara Bus Stand,43,1,Ordinary Variant,South
BMTC,240DA,Kottige Palya Magadi Road - Kempegowda Bus Station,BR604,3,Kottige Palya Magadi Road,Kempegowda Bus Station,50,0,Special,Central
BMTC,82,Kempegowda Bus Station - Kempegowda Bus Station,BR2524,3,Kempegowda Bus Station,Kempegowda Bus Station,47,1,Ordinary,Central
BMTC,83,Bandi Reddy Circle - Krishnarajendra Market,BR2529,3,Bandi Reddy Circle,Krishnarajendra Market,43,0,Ordinary,Central
BMTC,80,Mahalakshmi Layout - Kempegowda Bus Station,BR2511,3,Mahalakshmi Layout,Kempegowda Bus Station,43,0,Ordinary,Central
BMTC,245MA,Kammasandra - Kempegowda Bus Station,BR718,3,Kammasandra,Kempegowda Bus Station,36,0,Special,Central
BMTC,86,KHB Colony - Kempegowda Bus Station,BR2533,3,KHB Colony,Kempegowda Bus Station,35,0,Ordinary,Central
BMTC,211RA,Krishnarajendra Market - Byramangala,BR274,3,Krishnarajendra Market,Byramangala,36,0,Special,Central
BMTC,401AE,Thara Hunise - Peenya 2nd stage,BR2175,3,Thara Hunise,Peenya 2nd stage,31,0,Special,North
BMTC,87,Hampinagara RPC Layout - Kempegowda Bus Station,BR2535,3,Hampinagara RPC Layout,Kempegowda Bus Station,47,0,Ordinary,Central
BMTC,401AF,Yelahanka - Kengeri TTMC,BR2176,3,Yelahanka,Kengeri TTMC,24,0,Special,North
BMTC,84,Laggere Bridge - Krishnarajendra Market,BR2532,3,Laggere Bridge,Krishnarajendra Market,39,0,Ordinary,Central
BMTC,401AG,Yelahanka - Bande Maramma Bus Station,BR2177,3,Yelahanka,Bande Maramma Bus Station,37,0,Special,North
BMTC,66,KHB Colony - Shivajinagar Bus Station,BR2475,3,KHB Colony,Shivajinagar Bus Station,37,0,Ordinary,Central
BMTC,BTP-BTM,Bagmane Teck Park - BTM Layout Bus Stop,BR2811,3,Bagmane Teck Park,BTM Layout Bus Stop,39,0,Special,Other
BMTC,CR-500R,Hebbala Bridge - Nerige,BR3011,3,Hebbala Bridge,Nerige,23,0,Ordinary Variant,North
BMTC,68,Kamalanagara BEML Layout - Shivajinagar Bus Station,BR2476,3,Kamalanagara BEML Layout,Shivajinagar Bus Station,51,0,Ordinary,Central
BMTC,401AM,Devanahalli - Peenya 2nd stage,BR2178,3,Devanahalli,Peenya 2nd stage,30,0,Special,North
BMTC,V-298M,Kempegowda Bus Station - Devanahalli,BR4050,3,Kempegowda Bus Station,Devanahalli,36,0,Ordinary Variant,Central
BMTC,Depot-13-SRS,Depot 13 - Sarakki Signal B S,BR3247,3,Depot 13,Sarakki Signal B S,29,0,Special,Other
BMTC,BMT26-KBH,Depot 26 - Kurubarahalli,BR2754,3,Depot 26,Kurubarahalli,24,0,Special,Other
BMTC,CR-500K,Vijayanagara - ITPL,BR3009,3,Vijayanagara,ITPL,19,0,Ordinary Variant,South
BMTC,401BC,Yelahanka - Basaveshwara Nagara,BR2181,3,Yelahanka,Basaveshwara Nagara,31,0,Special,North
BMTC,CR-500A,Depot 4 - NRColony,BR3001,3,Depot 4,NRColony,18,0,Ordinary Variant,Other
BMTC,PK402-D,Kempegowda Bus Station - Yelahanka Satelite Town 5th Phase,BR3886,3,Kempegowda Bus Station,Yelahanka Satelite Town 5th Phase,58,0,Ordinary Variant,North
BMTC,401BA,Yelahanka - Chikkallasandra Bus Stand,BR2180,3,Yelahanka,Chikkallasandra Bus Stand,37,0,Special,North
BMTC,CR-500F,BTM Layout - Kadugodi,BR3006,3,BTM Layout,Kadugodi,21,0,Ordinary Variant,East
BMTC,CR-500C,BMTC Depot-6 - DRDO 2ND Phase,BR3002,3,BMTC Depot-6,DRDO 2ND Phase,29,0,Ordinary Variant,Other
BMTC,401BK,Bagaluru - Jalahalli Cross,BR2182,3,Bagaluru,Jalahalli Cross,26,0,Special,North
BMTC,74,Rajaji Nagara Ramamandira - Shivajinagar Bus Station,BR2477,3,Rajaji Nagara Ramamandira,Shivajinagar Bus Station,52,0,Ordinary,Central
BMTC,76,Iskcon Temple - Krishnarajendra Market,BR2485,3,Iskcon Temple,Krishnarajendra Market,38,0,Ordinary,Central
BMTC,59,Vijayanagara TTMC - Krishnarajendra Market,BR2411,3,Vijayanagara TTMC,Krishnarajendra Market,42,0,Ordinary,South
BMTC,401BR,Yeshwanathapura new railway station - Yelahanka,BR2183,3,Yeshwanathapura new railway station,Yelahanka,47,0,Special,North
BMTC,58,Timber Yard Layout - Kempegowda Bus Station,BR2410,3,Timber Yard Layout,Kempegowda Bus Station,43,0,Ordinary,Central
BMTC,56,Jagajeevanram Nagara - Kempegowda Bus Station,BR2407,3,Jagajeevanram Nagara,Kempegowda Bus Station,45,0,Ordinary,Central
BMTC,BEML-VJN,BEML - Vijayanagara,BR2678,3,BEML,Vijayanagara,19,0,Special,South
BMTC,64,Hampinagara RPC Layout - Shivajinagar Bus Station,BR2472,3,Hampinagara RPC Layout,Shivajinagar Bus Station,49,0,Ordinary,Central
BMTC,65,KHB Colony - Krishnarajendra Market,BR2473,3,KHB Colony,Krishnarajendra Market,35,0,Ordinary,Central
BMTC,271L.,Jalahalli Village - Krishnarajendra Market,BR1024,3,Jalahalli Village,Krishnarajendra Market,42,0,Ordinary,North
BMTC,V-319H,Gollarahatti - ITPL,BR4058,3,Gollarahatti,ITPL,19,0,Ordinary Variant,East
BMTC,63,BCC Layout - Shivajinagar Bus Station,BR2469,3,BCC Layout,Shivajinagar Bus Station,37,0,Ordinary,Central
BMTC,271KG,Gangamma Circle - Jalahalli Cross,BR1022,3,Gangamma Circle,Jalahalli Cross,33,0,Special,North
BMTC,61,Kempegowda Bus Station - Vijayanagara TTMC,BR2458,3,Kempegowda Bus Station,Vijayanagara TTMC,42,0,Ordinary,South
BMTC,SRP-ORRCA,Sarjapura Bus Stand - Outer Ring Road Company Association,BR3981,3,Sarjapura Bus Stand,Outer Ring Road Company Association,57,0,Special,Other
BMTC,49,Brudavana Nagara Jinke vana - Kempegowda Bus Station,BR2311,3,Brudavana Nagara Jinke vana,Kempegowda Bus Station,52,0,Ordinary,Central
BMTC,PK-300H,Kempegowda Bus Station - ITI Circle,BR3870,3,Kempegowda Bus Station,ITI Circle,35,0,Ordinary Variant,Central
BMTC,45,Chennamma kere Achukattu - Krishnarajendra Market,BR2298,3,Chennamma kere Achukattu,Krishnarajendra Market,49,0,Ordinary,Central
BMTC,44,Banashankari 3rd Stage 2nd Phase - RTNagara,BR2296,3,Banashankari 3rd Stage 2nd Phase,RTNagara,43,0,Ordinary,South
BMTC,47,Padmanabha Nagara Rock - Yeshwanathapura new railway station,BR2310,3,Padmanabha Nagara Rock,Yeshwanathapura new railway station,60,0,Ordinary,Other
BMTC,46,Koramangala - Kempegowda Bus Station,BR2308,3,Koramangala,Kempegowda Bus Station,36,0,Ordinary,Central
BMTC,JFWTC-CPR,JFWTC - Chandapura,BR3431,3,JFWTC,Chandapura,18,0,Special,Other
BMTC,335HD,HAL Main Gate - K Dommasandra,BR1724,3,HAL Main Gate,K Dommasandra,29,0,Special,Other
BMTC,CR-502J,Uttarahalli - Tin Factory,BR3012,3,Uttarahalli,Tin Factory,25,0,Ordinary Variant,Other
BMTC,52,Raghavendra Colony TR Mill - Yeshwanthpura,BR2402,3,Raghavendra Colony TR Mill,Yeshwanthpura,42,0,Ordinary,West
BMTC,CR45D,KSIT COLLEGE - Kempegowda Bus Station,BR3056,3,KSIT COLLEGE,Kempegowda Bus Station,37,0,Ordinary Variant,Central
BMTC,VBN-MEBP,Veerabhadranagar - Manyatha Embasy Business Park,BR4193,3,Veerabhadranagar,Manyatha Embasy Business Park,48,0,Special,Other
BMTC,54,Vinayaka Nagara - Krishnarajendra Market,BR2404,3,Vinayaka Nagara,Krishnarajendra Market,40,0,Ordinary,Central
BMTC,50,Brundavananagara Jinke Park - Shivajinagar Bus Station,BR2314,3,Brundavananagara Jinke Park,Shivajinagar Bus Station,54,0,Ordinary,Central
BMTC,BMT13-PPLO,Depot-13-BS - Poornapragna Layout,BR2728,3,Depot-13-BS,Poornapragna Layout,33,0,Special,Other
BMTC,KNSS-PSS,Kuvempu Nagara 2nd Stage - Peenya 2nd stage,BR3637,3,Kuvempu Nagara 2nd Stage,Peenya 2nd stage,43,0,Special,North
BMTC,401MS,Kengeri TTMC - Yelahanka,BR2206,3,Kengeri TTMC,Yelahanka,24,0,Special,North
BMTC,D12-BEML,BMTC Depot-12 Gate Kengeri - BEML,BR3204,3,BMTC Depot-12 Gate Kengeri,BEML,33,0,Special,South
BMTC,279T,JPNagara 6th Phase - Boopa Sandra,BR1069,3,JPNagara 6th Phase,Boopa Sandra,33,0,Ordinary Variant,Other
BMTC,401MN,BANASHANKARI TTMC - Yeshwanthpura,BR2205,3,BANASHANKARI TTMC,Yeshwanthpura,33,0,Special,South
BMTC,CR-505E,Central Silk Board - Depot 6,BR3013,3,Central Silk Board,Depot 6,28,0,Ordinary Variant,Other
BMTC,401MK,Kengeri TTMC - Yelahanka,BR2204,3,Kengeri TTMC,Yelahanka,24,0,Special,North
BMTC,VDH-VNC,Vaderahalli - Vinayakanagara Cross D-43,BR4197,3,Vaderahalli,Vinayakanagara Cross D-43,39,0,Special,Other
BMTC,401MD,Doddabasti - Yeshwanthpur TTMC,BR2203,3,Doddabasti,Yeshwanthpur TTMC,30,0,Special,West
BMTC,CR-256K,Adarsha Nagara - Kempegowda Bus Station,BR2926,3,Adarsha Nagara,Kempegowda Bus Station,39,0,Ordinary Variant,Central
BMTC,401MB,Mallathahalli - Hebbala,BR2201,3,Mallathahalli,Hebbala,23,0,Special,North
BMTC,401MC,Kengeri TTMC - Devasandra Chikkamaranahalli,BR2202,3,Kengeri TTMC,Devasandra Chikkamaranahalli,43,0,Special,South
BMTC,401MA,Kengeri TTMC - RMV 2nd Stage,BR2200,3,Kengeri TTMC,RMV 2nd Stage,28,0,Special,South
BMTC,V-316G,Kempegowda Bus Station - Mandooru,BR4054,3,Kempegowda Bus Station,Mandooru,33,0,Ordinary Variant,Central
BMTC,256MA,Tore Hosahalli - Kempegowda Bus Station,BR887,3,Tore Hosahalli,Kempegowda Bus Station,39,0,Special,Central
BMTC,CR43D,Virabhadranagara Cross - Shivajinagar Bus Station,BR3054,3,Virabhadranagara Cross,Shivajinagar Bus Station,49,0,Ordinary Variant,Central
BMTC,256MB,Motaganahalli - Krishnarajendra Market,BR888,3,Motaganahalli,Krishnarajendra Market,38,0,Special,Central
BMTC,CR-306RA,HAL Main Gate - Tin Factory,BR2935,3,HAL Main Gate,Tin Factory,27,0,Special,Other
BMTC,HBL-AYJC,Hebbala - Jalahalli Cross Ayyappa Temple,BR3372,3,Hebbala,Jalahalli Cross Ayyappa Temple,40,0,Special,North
BMTC,V-317A,Kempegowda Bus Station - Hosakote Bus Stand,BR4055,3,Kempegowda Bus Station,Hosakote Bus Stand,43,0,Ordinary Variant,Central
BMTC,BMT23-PTWN,BMT-23 - Pottery Town,BR2750,3,BMT-23,Pottery Town,21,0,Special,Other
BMTC,278B,Jeevan Bhimanagara Bus stand - Nagashettyhalli,BR1059,3,Jeevan Bhimanagara Bus stand,Nagashettyhalli,46,0,Ordinary Variant,Other
BMTC,278A,Shivajinagar Bus Station - Tata Nagara,BR1058,3,Shivajinagar Bus Station,Tata Nagara,38,0,Ordinary Variant,Central
BMTC,CR-507A,Chikkabanavara - White Field TTMC,BR3015,3,Chikkabanavara,White Field TTMC,33,0,Ordinary Variant,Other
BMTC,MEBP-DHL,Manyatha Embasy Business Park - Deo Hights Layout Arch,BR3701,3,Manyatha Embasy Business Park,Deo Hights Layout Arch,54,0,Special,Other
BMTC,MRHB-SJHS,Kala Mandir Marathalli - St John High School,BR3770,3,Kala Mandir Marathalli,St John High School,44,0,Special,Other
BMTC,240BA,Krishnarajendra Market - Maruthi Markandayanagara,BR601,3,Krishnarajendra Market,Maruthi Markandayanagara,49,0,Special,Central
BMTC,278K,Shivajinagar Bus Station - Patelappa Layout,BR1061,3,Shivajinagar Bus Station,Patelappa Layout,43,0,Ordinary Variant,Central
BMTC,CS-115A,Kaval Byrasandra - Kamalanagar BEML layout,BR3074,3,Kaval Byrasandra,Kamalanagar BEML layout,42,0,Ordinary Variant,Other
BMTC,C-500CA,Banashankari Bus Station - ITPL,BR2827,3,Banashankari Bus Station,ITPL,31,0,Special,South
BMTC,278E,Shivajinagar Bus Station - Boopa Sandra,BR1060,3,Shivajinagar Bus Station,Boopa Sandra,39,0,Ordinary Variant,Central
BMTC,279C,Kempegowda Bus Station - Tata Nagara,BR1064,3,Kempegowda Bus Station,Tata Nagara,36,0,Ordinary Variant,Central
BMTC,LKP-YBS,Lakshmipura MS Palya - Yeshwanthpur TTMC,BR3673,3,Lakshmipura MS Palya,Yeshwanthpur TTMC,40,0,Special,West
BMTC,49A,Brudavana Nagara Jinke vana - Brudavana Nagara Jinke vana,BR2312,3,Brudavana Nagara Jinke vana,Brudavana Nagara Jinke vana,57,1,Ordinary Variant,Other
BMTC,279A,Krishnarajendra Market - Boopa Sandra,BR1063,3,Krishnarajendra Market,Boopa Sandra,37,0,Ordinary Variant,Central
BMTC,96,Kempegowda Bus Station - Kempegowda Bus Station,BR2574,3,Kempegowda Bus Station,Kempegowda Bus Station,47,1,Ordinary,Central
BMTC,250JA,Kempegowda Bus Station - Thotada Guddadahalli,BR787,3,Kempegowda Bus Station,Thotada Guddadahalli,45,0,Special,Central
BMTC,95,Kamalanagar BEML layout - Shivajinagar Bus Station,BR2566,3,Kamalanagar BEML layout,Shivajinagar Bus Station,50,0,Ordinary,Central
BMTC,V-314B,Kempegowda Bus Station - Halasuru Laxmipura Road,BR4052,3,Kempegowda Bus Station,Halasuru Laxmipura Road,48,0,Ordinary Variant,Central
BMTC,91,Srinagara - Yeshwanthpura Railway Station,BR2556,3,Srinagara,Yeshwanthpura Railway Station,41,0,Ordinary,West
BMTC,KBS-KGR-KMGT,Kempegowda Bus Station - Kommagatta,BR3544,3,Kempegowda Bus Station,Kommagatta,35,0,Special,Central
BMTC,245LA,Baleveerana Halli - Krishnarajendra Market,BR716,3,Baleveerana Halli,Krishnarajendra Market,42,0,Special,Central
BMTC,BTP-GGBS,Bagmane Teck Park - Gottigere,BR2814,3,Bagmane Teck Park,Gottigere,29,0,Special,Other
BMTC,279K,Kempegowda Bus Station - Patelappa Layout,BR1068,3,Kempegowda Bus Station,Patelappa Layout,41,0,Ordinary Variant,Central
BMTC,279H,Kempegowda Bus Station - Boopa Sandra,BR1067,3,Kempegowda Bus Station,Boopa Sandra,37,0,Ordinary Variant,Central
BMTC,279F,Chikkallasandra Bus Stand - Boopa Sandra,BR1066,3,Chikkallasandra Bus Stand,Boopa Sandra,40,0,Ordinary Variant,Other
BMTC,95AB,Krishnarajendra Market - Kamalanagar BEML layout,BR2568,3,Krishnarajendra Market,Kamalanagar BEML layout,48,0,Special,Central
BMTC,88,Basaveshwara Nagara - Kempegowda Bus Station,BR2541,3,Basaveshwara Nagara,Kempegowda Bus Station,44,0,Ordinary,Central
BMTC,279E,Kempegowda Bus Station - Boopa Sandra,BR1065,3,Kempegowda Bus Station,Boopa Sandra,37,0,Ordinary Variant,Central
BMTC,89,Kurubarahalli - Kempegowda Bus Station,BR2544,3,Kurubarahalli,Kempegowda Bus Station,38,0,Ordinary,Central
BMTC,V-226ELC,Bidadi Bus Stand - Electronics City,BR4036,3,Bidadi Bus Stand,Electronics City,35,0,Special,Other
BMTC,YST-YST-5,Yelahanka Satellite Town - Yelahanka Satelite Town 5th Phase,BR4268,3,Yelahanka Satellite Town,Yelahanka Satelite Town 5th Phase,60,0,Ordinary,North
BMTC,NML-BLJ,Nelamangala - Bilijaji,BR3829,3,Nelamangala,Bilijaji,22,0,Special,Other
BMTC,KSGH-KBS,Kodegehalli Sigehalli Bus Stand - Kempegowda Bus Station,BR3654,3,Kodegehalli Sigehalli Bus Stand,Kempegowda Bus Station,56,0,Special,Central
BMTC,MF-4,Kalyananagara Bus Stand - Central Silk Board,BR3728,3,Kalyananagara Bus Stand,Central Silk Board,44,0,Ordinary,Other
BMTC,MF-5,Central Silk Board - Old Bayappanahalli,BR3729,3,Central Silk Board,Old Bayappanahalli,39,0,Ordinary,Other
BMTC,MF-6,Thambuchetty Palya - Mangammana Palya,BR3730,3,Thambuchetty Palya,Mangammana Palya,37,0,Ordinary,Other
BMTC,MF-7,Srinivasapura - Kadugodi,BR3731,3,Srinivasapura,Kadugodi,24,0,Ordinary,East
BMTC,HBL-SCMSP,Hebbala - Sambram College MS Palya,BR3380,3,Hebbala,Sambram College MS Palya,34,0,Special,North
BMTC,MF-9,Domlur - ITI Gate,BR3732,3,Domlur,ITI Gate,17,0,Ordinary,Other
BMTC,PSS-SAEC,Peenya 2nd stage - Sri Ayyapa Educational Center,BR3892,3,Peenya 2nd stage,Sri Ayyapa Educational Center,48,0,Special,North
BMTC,401JA,Yeshwanthpura - Razak Palya,BR2191,3,Yeshwanthpura,Razak Palya,27,0,Special,West
BMTC,D12-NBC-SMH,BMTC Depot-12 Gate Kengeri - Summanahalli,BR3206,3,BMTC Depot-12 Gate Kengeri,Summanahalli,41,0,Special,South
BMTC,401JC,Yeshwanthpura - Bande Kodigehalli,BR2192,3,Yeshwanthpura,Bande Kodigehalli,33,0,Special,West
BMTC,CR215K,Patalamma Temple Uthrahalli - KM SCHOOL,BR3043,3,Patalamma Temple Uthrahalli,KM SCHOOL,39,0,Ordinary Variant,Other
BMTC,245GA,Kadabagere - Kempegowda Bus Station,BR712,3,Kadabagere,Kempegowda Bus Station,35,0,Special,Central
BMTC,MP-45F,Chennamma kere Achukattu - Kempegowda Bus Station,BR3754,3,Chennamma kere Achukattu,Kempegowda Bus Station,49,0,Ordinary Variant,Central
BMTC,D16-VPS,Deepanjalinagara Depot-16 - Vidyaniketan School,BR3213,3,Deepanjalinagara Depot-16,Vidyaniketan School,47,0,Special,Other
BMTC,MP-45G,Kempegowda Bus Station - Depot-13-BS,BR3755,3,Kempegowda Bus Station,Depot-13-BS,36,0,Ordinary Variant,Central
BMTC,401KM,Malleshwaram Bus Station - Kengeri TTMC,BR2197,3,Malleshwaram Bus Station,Kengeri TTMC,39,0,Special,South
BMTC,SBS-BDG,Shivajinagar Bus Station - Budigere,BR3926,3,Shivajinagar Bus Station,Budigere,35,0,Special,Central
BMTC,VSD-ATB,Vidhana Soudha - Attibele,BR4226,3,Vidhana Soudha,Attibele,25,0,Special,Other
BMTC,KHC-STP,Karnataka High Court - Sulthan Palya,BR3590,3,Karnataka High Court,Sulthan Palya,36,0,Special,Other
BMTC,YBS-BEL,Yeshwanthpur TTMC - BEL Office,BR4249,3,Yeshwanthpur TTMC,BEL Office,30,0,Special,West
BMTC,401KA,Ramasandra - Yelahanka,BR2194,3,Ramasandra,Yelahanka,22,0,Special,North
BMTC,V-KBS-SRN,Kempegowda Bus Station - Suryanagar,BR4187,3,Kempegowda Bus Station,Suryanagar,35,0,Special,Central
BMTC,335AA,Kempegowda Bus Station - Kadugodi,BR1715,3,Kempegowda Bus Station,Kadugodi,33,0,Special,East
BMTC,HBL-MEBP,Hebbala - Manyatha Embasy Business Park,BR3378,3,Hebbala,Manyatha Embasy Business Park,39,0,Special,North
BMTC,271TA,Kempegowda Garden - Kempegowda Bus Station,BR1030,3,Kempegowda Garden,Kempegowda Bus Station,42,0,Special,Central
BMTC,401KC,Kengeri TTMC - Devasandra,BR2196,3,Kengeri TTMC,Devasandra,25,0,Special,South
BMTC,401KB,Kengeri TTMC - Yeshwanthpura,BR2195,3,Kengeri TTMC,Yeshwanthpura,28,0,Special,South
BMTC,KMT-WLFR,Krishnarajendra Market - Walker Land Long Fora Road,BR3626,3,Krishnarajendra Market,Walker Land Long Fora Road,51,0,Special,Central
BMTC,VNC-BMT43,Vinayakanagara Cross D-43 - BMT-43,BR4204,3,Vinayakanagara Cross D-43,BMT-43,34,0,Ordinary,Other
BMTC,KBS-MEICL,Kempegowda Bus Station - MEI Colony,BR3550,3,Kempegowda Bus Station,MEI Colony,35,0,Special,Central
BMTC,HAL-ELC,HAL Main Gate - Electronic City,BR3359,3,HAL Main Gate,Electronic City,31,0,Special,Other
BMTC,306MA,Tin Factory - Jayamangala,BR1447,3,Tin Factory,Jayamangala,25,0,Special,Other
BMTC,KNR-SMH,Kamalanagar BEML layout - Summanahalli Magadi Road,BR3631,3,Kamalanagar BEML layout,Summanahalli Magadi Road,50,0,Special,Other
BMTC,BMT11-BGLC,Depot 11 - Bagaluru Cross,BR2721,3,Depot 11,Bagaluru Cross,25,0,Special,Other
BMTC,D41-GJR,Depot-41 - Ganjoor,BR3235,3,Depot-41,Ganjoor,18,0,Special,Other
BMTC,317VVV,Hosakote Bus Stand - Maratahalli,BR1568,3,Hosakote Bus Stand,Maratahalli,32,0,Special,Other
BMTC,BTTS-KRM,Bittasandra - Krishnarajendra Market,BR2819,3,Bittasandra,Krishnarajendra Market,36,0,Special,Central
BMTC,BIGBLUE-3,Peenya 2nd stage - Electronic City Wipro Gate,BR2689,3,Peenya 2nd stage,Electronic City Wipro Gate,45,0,Ordinary,North
BMTC,338,Krishnarajendra Market - Munnekolalu,BR1736,3,Krishnarajendra Market,Munnekolalu,36,0,Ordinary,Central
BMTC,347A,Kempegowda Bus Station - Chikkabegur,BR1834,3,Kempegowda Bus Station,Chikkabegur,36,0,Ordinary Variant,Central
BMTC,HBL-AIT,Hebbala - Dr Ambedkar Institute Of Technology,BR3371,3,Hebbala,Dr Ambedkar Institute Of Technology,45,0,Special,North
BMTC,347C,Krishnarajendra Market - Chikkabegur,BR1836,3,Krishnarajendra Market,Chikkabegur,36,0,Ordinary Variant,Central
BMTC,347B,Kempegowda Bus Station - Kudlu,BR1835,3,Kempegowda Bus Station,Kudlu,30,0,Ordinary Variant,Central
BMTC,347E,Kempegowda Bus Station - Somasundarapalya,BR1838,3,Kempegowda Bus Station,Somasundarapalya,41,0,Ordinary Variant,Central
BMTC,347D,Krishnarajendra Market - Somasundarapalya,BR1837,3,Krishnarajendra Market,Somasundarapalya,41,0,Ordinary Variant,Central
BMTC,332,Krishnarajendra Market - Balgere,BR1689,3,Krishnarajendra Market,Balgere,32,0,Ordinary,Central
BMTC,346V,Kempegowda Bus Station - DODDANAGAMANGALA,BR1832,3,Kempegowda Bus Station,DODDANAGAMANGALA,41,0,Ordinary Variant,Central
BMTC,BMW-YLKOT,Bommawara - Yelahanka Old Town,BR2776,3,Bommawara,Yelahanka Old Town,30,0,Special,North
BMTC,333,Kempegowda Bus Station - Maratahalli Bridge,BR1690,3,Kempegowda Bus Station,Maratahalli Bridge,43,0,Ordinary,Central
BMTC,330,Shivajinagar Bus Station - Maratahalli Bridge,BR1674,3,Shivajinagar Bus Station,Maratahalli Bridge,45,0,Ordinary,Central
BMTC,331,Shivajinagar Bus Station - Kadugodi,BR1685,3,Shivajinagar Bus Station,Kadugodi,35,0,Ordinary,East
BMTC,Depo-13-ANG,Depot-13-BS - Avalahalli Nandi Garden,BR3241,3,Depot-13-BS,Avalahalli Nandi Garden,37,0,Special,Other
BMTC,336,Krishnarajendra Market - Panathuru,BR1732,3,Krishnarajendra Market,Panathuru,34,0,Ordinary,Central
BMTC,337,Krishnarajendra Market - Doddanekkundi,BR1735,3,Krishnarajendra Market,Doddanekkundi,38,0,Ordinary,Central
BMTC,BMT14-GHL,BMT14 - Gangenahalli,BR2734,3,BMT14,Gangenahalli,20,0,Special,Other
BMTC,335,Krishnarajendra Market - Sai Baba Hospital,BR1713,3,Krishnarajendra Market,Sai Baba Hospital,42,0,Ordinary,Central
BMTC,347N,Subhash Nagara - Kempegowda Bus Station,BR1845,3,Subhash Nagara,Kempegowda Bus Station,39,0,Ordinary Variant,Central
BMTC,CR 45D,Chennamma kere Achukattu - Kempegowda Bus Station,BR2880,3,Chennamma kere Achukattu,Kempegowda Bus Station,49,0,Ordinary Variant,Central
BMTC,KMT-TRDHS,Thoredoddi High School - Krishnarajendra Market,BR3625,3,Thoredoddi High School,Krishnarajendra Market,47,0,Special,Central
BMTC,347F,Kempegowda Bus Station - Central Jail,BR1839,3,Kempegowda Bus Station,Central Jail,37,0,Ordinary Variant,Central
BMTC,RKH-ITPL,Ramakrishna Hegde Nagara - ITPL,BR3904,3,Ramakrishna Hegde Nagara,ITPL,31,0,Special,East
BMTC,347G,Shivajinagar Bus Station - Central Jail,BR1840,3,Shivajinagar Bus Station,Central Jail,39,0,Ordinary Variant,Central
BMTC,32E,Indira Nursing Home Tyagarajanagar - Shivajinagar Bus Station,BR1672,3,Indira Nursing Home Tyagarajanagar,Shivajinagar Bus Station,61,0,Ordinary Variant,Central
BMTC,347K,Krishnarajendra Market - AECS,BR1842,3,Krishnarajendra Market,AECS,29,0,Ordinary Variant,Central
BMTC,347L,Kempegowda Bus Station - Hosa Palya,BR1843,3,Kempegowda Bus Station,Hosa Palya,35,0,Ordinary Variant,Central
BMTC,347M,Krishnarajendra Market - Subhash Nagara,BR1844,3,Krishnarajendra Market,Subhash Nagara,39,0,Ordinary Variant,Central
BMTC,348B,Kempegowda Bus Station - Parangipalya,BR1848,3,Kempegowda Bus Station,Parangipalya,37,0,Ordinary Variant,Central
BMTC,349,Krishnarajendra Market - Huskur,BR1857,3,Krishnarajendra Market,Huskur,31,0,Ordinary,Central
BMTC,348A,Kempegowda Bus Station - Mangammana Palya,BR1847,3,Kempegowda Bus Station,Mangammana Palya,41,0,Ordinary Variant,Central
BMTC,348F,Kempegowda Bus Station - Parangipalya,BR1852,3,Kempegowda Bus Station,Parangipalya,37,0,Ordinary Variant,Central
BMTC,348E,Mangammana Palya - YPR RMC,BR1851,3,Mangammana Palya,YPR RMC,26,0,Ordinary Variant,Other
BMTC,348D,Shivajinagar Bus Station - Mangammana Palya,BR1850,3,Shivajinagar Bus Station,Mangammana Palya,43,0,Ordinary Variant,Central
BMTC,348C,Kempegowda Bus Station - Somasundarapalya,BR1849,3,Kempegowda Bus Station,Somasundarapalya,41,0,Ordinary Variant,Central
BMTC,341,Krishnarajendra Market - Bellandru,BR1754,3,Krishnarajendra Market,Bellandru,34,0,Ordinary,Central
BMTC,342,Krishnarajendra Market - Dommasandra,BR1760,3,Krishnarajendra Market,Dommasandra,36,0,Ordinary,Central
BMTC,343,Krishnarajendra Market - Beguru,BR1791,3,Krishnarajendra Market,Beguru,31,0,Ordinary,Central
BMTC,345,Krishnarajendra Market - Hulimangala,BR1809,3,Krishnarajendra Market,Hulimangala,36,0,Ordinary,Central
BMTC,346,Krishnarajendra Market - JJN THIMMAREDDY LAYOUT,BR1813,3,Krishnarajendra Market,JJN THIMMAREDDY LAYOUT,47,0,Ordinary,Central
BMTC,347,Krishnarajendra Market - Kudlu,BR1833,3,Krishnarajendra Market,Kudlu,30,0,Ordinary,Central
BMTC,348,Kempegowda Bus Station - Mangammana Palya,BR1846,3,Kempegowda Bus Station,Mangammana Palya,41,0,Ordinary,Central
BMTC,RTPS-GDLH,RT Nagara Police Station - Geddala Halli,BR3913,3,RT Nagara Police Station,Geddala Halli,40,0,Special,Other
BMTC,340,Krishnarajendra Market - Gunjur Palya,BR1742,3,Krishnarajendra Market,Gunjur Palya,37,0,Ordinary,Central
BMTC,348J,Kempegowda Bus Station - Mangammana Palya,BR1855,3,Kempegowda Bus Station,Mangammana Palya,41,0,Ordinary Variant,Central
BMTC,348G,Kempegowda Bus Station - Hosapallya,BR1853,3,Kempegowda Bus Station,Hosapallya,35,0,Ordinary Variant,Central
BMTC,348H,Kempegowda Bus Station - HSR 19th Main 13th Cross,BR1854,3,Kempegowda Bus Station,HSR 19th Main 13th Cross,49,0,Ordinary Variant,Central
BMTC,33E,Banashankari 3rd Stage 2nd Phase - Kamalanagara BEML Layout,BR1739,3,Banashankari 3rd Stage 2nd Phase,Kamalanagara BEML Layout,59,0,Ordinary Variant,South
BMTC,KAE-MEBP,Konappana Agrahara - Manyatha Embasy Business Park,BR3511,3,Konappana Agrahara,Manyatha Embasy Business Park,50,0,Special,Other
BMTC,348L,Krishnarajendra Market - Hosa Palya,BR1856,3,Krishnarajendra Market,Hosa Palya,35,0,Ordinary Variant,Central
BMTC,349E,Krishnarajendra Market - Chinthala Madiwala,BR1862,3,Krishnarajendra Market,Chinthala Madiwala,43,0,Ordinary Variant,Central
BMTC,349D,Krishnarajendra Market - Huskur,BR1861,3,Krishnarajendra Market,Huskur,31,0,Ordinary Variant,Central
BMTC,349F,Krishnarajendra Market - Chikka Thimmasandra,BR1863,3,Krishnarajendra Market,Chikka Thimmasandra,44,0,Ordinary Variant,Central
BMTC,318,Krishnarajendra Market - Jyothipura,BR1577,3,Krishnarajendra Market,Jyothipura,35,0,Ordinary,Central
BMTC,349A,Krishnarajendra Market - Handenahalli Gate,BR1858,3,Krishnarajendra Market,Handenahalli Gate,42,0,Ordinary Variant,Central
BMTC,319,Krishnarajendra Market - Khazi Sonnehalli,BR1580,3,Krishnarajendra Market,Khazi Sonnehalli,41,0,Ordinary,Central
BMTC,316,Krishnarajendra Market - Budigere,BR1525,3,Krishnarajendra Market,Budigere,33,0,Ordinary,Central
BMTC,349C,Kempegowda Bus Station - Huskur,BR1860,3,Kempegowda Bus Station,Huskur,31,0,Ordinary Variant,Central
BMTC,317,Krishnarajendra Market - Hosakote Bus Stand,BR1544,3,Krishnarajendra Market,Hosakote Bus Stand,43,0,Ordinary,Central
BMTC,349B,Krishnarajendra Market - Gattahalli,BR1859,3,Krishnarajendra Market,Gattahalli,35,0,Ordinary Variant,Central
BMTC,314,Shivajinagar Bus Station - CGHS Nagavar Palya,BR1493,3,Shivajinagar Bus Station,CGHS Nagavar Palya,45,0,Ordinary,Central
BMTC,315,Kempegowda Bus Station - K R Puram,BR1511,3,Kempegowda Bus Station,K R Puram,34,0,Ordinary,Central
BMTC,312,Shivajinagar Bus Station - Kittaganur,BR1477,3,Shivajinagar Bus Station,Kittaganur,37,0,Ordinary,Central
BMTC,GTG-MEBP,Gottigere - Manyatha Embasy Business Park,BR3355,3,Gottigere,Manyatha Embasy Business Park,41,0,Special,Other
BMTC,310,Shivajinagar Bus Station - KR Puram,BR1465,3,Shivajinagar Bus Station,KR Puram,35,0,Ordinary,East
BMTC,311,Shivajinagar Bus Station - K R Puram,BR1471,3,Shivajinagar Bus Station,K R Puram,36,0,Ordinary,Central
BMTC,CLO-GKVK,Chandra Layout - GKVK,BR2869,3,Chandra Layout,GKVK,21,0,Special,Other
BMTC,WGB-CSB,Wilson Garden police Station - Central Silk Board,BR4243,3,Wilson Garden police Station,Central Silk Board,49,0,Special,Other
BMTC,30E,NRColony - Sulthan Palya,BR1463,3,NRColony,Sulthan Palya,24,0,Ordinary Variant,Other
BMTC,349L,Kempegowda Bus Station - Shanthipura,BR1866,3,Kempegowda Bus Station,Shanthipura,36,0,Ordinary Variant,Central
BMTC,NDH-BSK,Nagadevanahalli Kengeri - BANASHANKARI TTMC,BR3797,3,Nagadevanahalli Kengeri,BANASHANKARI TTMC,43,0,Special,South
BMTC,30C,Gangenahalli - Kempegowda Bus Station,BR1462,3,Gangenahalli,Kempegowda Bus Station,37,0,Ordinary Variant,Central
BMTC,349M,Krishnarajendra Market - KAGGALIPURA,BR1867,3,Krishnarajendra Market,KAGGALIPURA,36,0,Ordinary Variant,Central
BMTC,BMT10-IOL,Depot 10 - Indian Oil,BR2713,3,Depot 10,Indian Oil,21,0,Special,Other
BMTC,MEBP-ELC,Manyatha Embasy Business Park - Electronic City,BR3702,3,Manyatha Embasy Business Park,Electronic City,47,0,Special,Other
BMTC,349J,Harohalli - Krishnarajendra Market,BR1864,3,Harohalli,Krishnarajendra Market,34,0,Ordinary Variant,Central
BMTC,300DA,BChannasandra - Shivajinagar Bus Station,BR1350,3,BChannasandra,Shivajinagar Bus Station,40,0,Special,Central
BMTC,349K,Shivajinagar Bus Station - Huskur,BR1865,3,Shivajinagar Bus Station,Huskur,33,0,Ordinary Variant,Central
BMTC,327,Krishnarajendra Market - Gunjoor,BR1637,3,Krishnarajendra Market,Gunjoor,32,0,Ordinary,Central
BMTC,328,Krishnarajendra Market - Varthuru,BR1647,3,Krishnarajendra Market,Varthuru,33,0,Ordinary,Central
BMTC,BOSCH-NYDH-KST,Hoysala Circle Kengeri Satellite Town - BOSCH,BR2784,3,Hoysala Circle Kengeri Satellite Town,BOSCH,45,0,Special,South
BMTC,329,Krishnarajendra Market - Muthsandra,BR1660,3,Krishnarajendra Market,Muthsandra,35,0,Ordinary,Central
BMTC,323,Krishnarajendra Market - Baguru,BR1613,3,Krishnarajendra Market,Baguru,31,0,Ordinary,Central
BMTC,324,Krishnarajendra Market - Immdahalli,BR1627,3,Krishnarajendra Market,Immdahalli,35,0,Ordinary,Central
BMTC,HPPCR-ADT,HP Petrol Bunk Coles Road - Adithi School,BR3399,3,HP Petrol Bunk Coles Road,Adithi School,41,0,Special,Other
BMTC,325,Krishnarajendra Market - Harohalli,BR1633,3,Krishnarajendra Market,Harohalli,34,0,Ordinary,Central
BMTC,KMT-ISEC,Krishnarajendra Market - institute of Social Economic College,BR3618,3,Krishnarajendra Market,institute of Social Economic College,61,0,Special,Central
BMTC,320,Shivajinagar Bus Station - Immadihalli,BR1593,3,Shivajinagar Bus Station,Immadihalli,38,0,Ordinary,Central
BMTC,321,Krishnarajendra Market - Muthkuru,BR1601,3,Krishnarajendra Market,Muthkuru,33,0,Ordinary,Central
BMTC,322,Krishnarajendra Market - Muthugadahalli,BR1607,3,Krishnarajendra Market,Muthugadahalli,39,0,Ordinary,Central
BMTC,CR500F,Kadugodi - Koli Farm Gate Bannerghatta Road,BR3058,3,Kadugodi,Koli Farm Gate Bannerghatta Road,43,0,Ordinary Variant,East
BMTC,31B,Dattatreya Temple - Kempegowda Bus Station,BR1590,3,Dattatreya Temple,Kempegowda Bus Station,42,0,Ordinary Variant,Central
BMTC,JFWTC-NDH,JFWTC - Nagadevanahalli Kengeri,BR3442,3,JFWTC,Nagadevanahalli Kengeri,31,0,Special,South
BMTC,31E,Indira Nursing Home Tyagarajanagar - Kempegowda Bus Station,BR1591,3,Indira Nursing Home Tyagarajanagar,Kempegowda Bus Station,59,0,Ordinary Variant,Central
BMTC,NLO-CMNR,Nandini Layout - Chamundi Nagara,BR3824,3,Nandini Layout,Chamundi Nagara,32,0,Special,Other
BMTC,31A,Thyagaraja Nagara - Kempegowda Bus Station,BR1589,3,Thyagaraja Nagara,Kempegowda Bus Station,42,0,Ordinary Variant,Central
BMTC,MKT-12HK,Krishnarajendra Market - Hosakote Bus Stand,BR3736,3,Krishnarajendra Market,Hosakote Bus Stand,43,0,Special,Central
BMTC,BMES-RMSP,BM English School Bellahalli - Ramaswamy Palya,BR2693,3,BM English School Bellahalli,Ramaswamy Palya,46,0,Special,Other
BMTC,GTG-JFWTC,Gottigere - JFWTC,BR3354,3,Gottigere,JFWTC,17,0,Special,Other
BMTC,JPV-171,Koramangala - Kempegowda Bus Station,BR3473,3,Koramangala,Kempegowda Bus Station,36,0,Ordinary,Central
BMTC,300,Shivajinagar Bus Station - Banaswadi,BR1345,3,Shivajinagar Bus Station,Banaswadi,36,0,Ordinary,Central
BMTC,302,Shivajinagar Bus Station - Kammana Halli,BR1369,3,Shivajinagar Bus Station,Kammana Halli,40,0,Ordinary,Central
BMTC,301,K Chansandra - Krishnarajendra Market,BR1361,3,K Chansandra,Krishnarajendra Market,37,0,Ordinary,Central
BMTC,0,Kengeri TTMC - Banashankari Bus Station,BR1,3,Kengeri TTMC,Banashankari Bus Station,39,0,Ordinary,South
BMTC,BMT23-SJHS,BMT-23 - StJosephs College,BR2751,3,BMT-23,StJosephs College,26,0,Special,Other
BMTC,304,Arehalli - Krishnarajendra Market,BR1390,3,Arehalli,Krishnarajendra Market,33,0,Ordinary,Central
BMTC,V-331G,Yeshwanthpura - White Field TTMC,BR4067,3,Yeshwanthpura,White Field TTMC,32,0,Ordinary Variant,West
BMTC,303,Banaswadi - Krishnarajendra Market,BR1382,3,Banaswadi,Krishnarajendra Market,34,0,Ordinary,Central
BMTC,306,Krishnarajendra Market - Devanagundi,BR1434,3,Krishnarajendra Market,Devanagundi,36,0,Ordinary,Central
BMTC,V-226ELC-1,Electronic City Wipro Gate - Wonderla Amusement Park,BR4037,3,Electronic City Wipro Gate,Wonderla Amusement Park,52,0,Ordinary,Other
BMTC,305,Krishnarajendra Market - Naduvatti,BR1414,3,Krishnarajendra Market,Naduvatti,34,0,Ordinary,Central
BMTC,308,Krishnarajendra Market - Gunduru Colony,BR1458,3,Krishnarajendra Market,Gunduru Colony,39,0,Ordinary,Central
BMTC,307,Krishnarajendra Market - Rampura,BR1454,3,Krishnarajendra Market,Rampura,32,0,Ordinary,Central
BMTC,V-331A,Contonment Railway Station - Kadugodi,BR4061,3,Contonment Railway Station,Kadugodi,37,0,Ordinary Variant,East
BMTC,309,Krishnarajendra Market - DRDO TOWNSHIP BUS STAND,BR1461,3,Krishnarajendra Market,DRDO TOWNSHIP BUS STAND,48,0,Ordinary,Central
BMTC,AVG-BDD-KBS,Avaragere - Kempegowda Bus Station,BR2650,3,Avaragere,Kempegowda Bus Station,34,0,Special,Central
BMTC,VSD-CKB,Vidhana Soudha - Chikkabanawara,BR4229,3,Vidhana Soudha,Chikkabanawara,31,0,Special,Other
BMTC,LCA-YSTF,HAL/LCA - Yelahanka Satelite Town 5th Phase,BR3670,3,HAL/LCA,Yelahanka Satelite Town 5th Phase,43,0,Special,North
BMTC,510A,BANASHANKARI TTMC - BANASHANKARI TTMC,BR2401,3,BANASHANKARI TTMC,BANASHANKARI TTMC,37,1,Ordinary Variant,South
BMTC,501BA,Hebbal - Hebbala Bridge,BR2352,3,Hebbal,Hebbala Bridge,23,0,Special,North
BMTC,JPV-150,Krishnarajendra Market - Shivajinagar Bus Station,BR3471,3,Krishnarajendra Market,Shivajinagar Bus Station,49,0,Ordinary,Central
BMTC,501BH,Banashankari Bus Station - Hebbala Bridge,BR2353,3,Banashankari Bus Station,Hebbala Bridge,41,0,Special,North
BMTC,BRWNR-BEL,Beereshwaralayout - BEL FACTORY,BR2791,3,Beereshwaralayout,BEL FACTORY,31,0,Special,Other
BMTC,V-333Z,Mahalakshmi Layout - Kadugodi,BR4071,3,Mahalakshmi Layout,Kadugodi,29,0,Ordinary Variant,East
BMTC,258YA,Hanchipura - Kempegowda Bus Station,BR940,3,Hanchipura,Kempegowda Bus Station,35,0,Special,Central
BMTC,V-333W,Kempegowda Bus Station - Dodda Kannalli,BR4070,3,Kempegowda Bus Station,Dodda Kannalli,39,0,Ordinary Variant,Central
BMTC,V-333T,Nagarabhavi BDA Complex - Kadugodi,BR4069,3,Nagarabhavi BDA Complex,Kadugodi,34,0,Ordinary Variant,East
BMTC,CR,Vijayanagara - Vijayanagara,BR2879,3,Vijayanagara,Vijayanagara,27,1,Special,South
BMTC,KBP-KWS,Kambipura - Kengeri KSRTC Regional Workshop,BR3513,3,Kambipura,Kengeri KSRTC Regional Workshop,43,0,Special,South
BMTC,162E,Rajaji Nagar 1st Block - BTM Layout Bus Stop,BR123,3,Rajaji Nagar 1st Block,BTM Layout Bus Stop,44,0,Ordinary Variant,Other
BMTC,3F-4,Huskur - Attibele,BR2162,3,Huskur,Attibele,17,0,Ordinary,Other
BMTC,3F-5,Sarjapura Bus Stand - Anekal,BR2163,3,Sarjapura Bus Stand,Anekal,28,0,Ordinary,Other
BMTC,3F-2,Jigani APC Cricle - Attibele,BR2160,3,Jigani APC Cricle,Attibele,28,0,Ordinary,Other
BMTC,3F-3,Sarjapura Bus Stand - Jigani APC Circle,BR2161,3,Sarjapura Bus Stand,Jigani APC Circle,39,0,Ordinary,Other
BMTC,3F-6,Sarjapura Bus Stand - DASANAPURA,BR2164,3,Sarjapura Bus Stand,DASANAPURA,32,0,Ordinary,Other
BMTC,3F-7,NARASAPURA - Samanduru,BR2165,3,NARASAPURA,Samanduru,22,0,Ordinary,Other
BMTC,162A,Kempegowda Bus Station - Kempegowda Bus Station,BR122,3,Kempegowda Bus Station,Kempegowda Bus Station,47,1,Ordinary Variant,Central
BMTC,3F-1,Sarjapura Bus Stand - Anekal,BR2159,3,Sarjapura Bus Stand,Anekal,28,0,Ordinary,Other
BMTC,NLM-VSD,Nelamangala - Vidhana Soudha,BR3819,3,Nelamangala,Vidhana Soudha,28,0,Special,Other
BMTC,403A,Shirke KHB Quarters - Kempegowda Bus Station,BR2231,3,Shirke KHB Quarters,Kempegowda Bus Station,44,0,Ordinary Variant,Central
BMTC,JPV-138,Kempegowda Bus Station - Jeevan Bhimanagara Bus stand,BR3467,3,Kempegowda Bus Station,Jeevan Bhimanagara Bus stand,53,0,Ordinary,Central
BMTC,403B,Shirke KHB Quarters - Krishnarajendra Market,BR2232,3,Shirke KHB Quarters,Krishnarajendra Market,44,0,Ordinary Variant,Central
BMTC,319CT,Kempegowda Bus Station - Vaidehi Hospital,BR1583,3,Kempegowda Bus Station,Vaidehi Hospital,41,0,Special,Central
BMTC,BMT30-SHS,Depot 30 - Sophiya School,BR2763,3,Depot 30,Sophiya School,25,0,Special,Other
BMTC,161F,Shivajinagar Bus Station - BALAJINAGARA,BR121,3,Shivajinagar Bus Station,BALAJINAGARA,39,0,Ordinary Variant,Central
BMTC,340G,Kempegowda Bus Station - HSR BDA Complex,BR1747,3,Kempegowda Bus Station,HSR BDA Complex,40,0,Ordinary Variant,Central
BMTC,402N,Kempegowda Bus Station - Kempanahalli,BR2230,3,Kempegowda Bus Station,Kempanahalli,37,0,Ordinary Variant,Central
BMTC,161D,BTM Layout - Shivajinagar Bus Station,BR120,3,BTM Layout,Shivajinagar Bus Station,37,0,Ordinary Variant,Central
BMTC,340I,Krishnarajendra Market - Devarabisanahalli,BR1748,3,Krishnarajendra Market,Devarabisanahalli,42,0,Ordinary Variant,Central
BMTC,340J,Krishnarajendra Market - Huskur,BR1749,3,Krishnarajendra Market,Huskur,31,0,Ordinary Variant,Central
BMTC,340K,Krishnarajendra Market - Somasundarapalya,BR1750,3,Krishnarajendra Market,Somasundarapalya,41,0,Ordinary Variant,Central
BMTC,340L,Kempegowda Bus Station - Hosa Road,BR1751,3,Kempegowda Bus Station,Hosa Road,34,0,Ordinary Variant,Central
BMTC,402G,Yelahanka Satelite Town 5th Phase - Kumaraswamy Layout,BR2227,3,Yelahanka Satelite Town 5th Phase,Kumaraswamy Layout,54,0,Ordinary Variant,North
BMTC,340A,Kempegowda Bus Station - HSR Layout 2nd Sector,BR1743,3,Kempegowda Bus Station,HSR Layout 2nd Sector,46,0,Ordinary Variant,Central
BMTC,161B,Jaibheemanagara - Shivajinagar Bus Station,BR118,3,Jaibheemanagara,Shivajinagar Bus Station,42,0,Ordinary Variant,Central
BMTC,161C,Old Gurrappana Palya - Shivajinagar Bus Station,BR119,3,Old Gurrappana Palya,Shivajinagar Bus Station,47,0,Ordinary Variant,Central
BMTC,340D,Krishnarajendra Market - Kuguru,BR1745,3,Krishnarajendra Market,Kuguru,31,0,Ordinary Variant,Central
BMTC,402J,Jayanagara 9th Block - Yelahanka Satelite Town,BR2228,3,Jayanagara 9th Block,Yelahanka Satelite Town,46,0,Ordinary Variant,North
BMTC,402M,Yelahanka Satelite Town 5th Phase - Chikkallasandra Bus Stand,BR2229,3,Yelahanka Satelite Town 5th Phase,Chikkallasandra Bus Stand,61,0,Ordinary Variant,North
BMTC,340F,Shivajinagar Bus Station - Parangipalya,BR1746,3,Shivajinagar Bus Station,Parangipalya,39,0,Ordinary Variant,Central
BMTC,402A,Krishnarajendra Market - Atturu,BR2223,3,Krishnarajendra Market,Atturu,31,0,Ordinary Variant,Central
BMTC,402B,Kempegowda Bus Station - Yelahanka Satelite Town 5th Phase,BR2224,3,Kempegowda Bus Station,Yelahanka Satelite Town 5th Phase,58,0,Ordinary Variant,North
BMTC,402C,Kempegowda Bus Station - Atturu,BR2225,3,Kempegowda Bus Station,Atturu,31,0,Ordinary Variant,Central
BMTC,402D,Kempegowda Bus Station - Yelahanka Satelite Town 5th Phase,BR2226,3,Kempegowda Bus Station,Yelahanka Satelite Town 5th Phase,58,0,Ordinary Variant,North
BMTC,401W,Yelahanka Satelite Town 5th Phase - Peenya 2nd stage,BR2218,3,Yelahanka Satelite Town 5th Phase,Peenya 2nd stage,52,0,Ordinary Variant,North
BMTC,401X,Central Silk Board - Bidadi,BR2219,3,Central Silk Board,Bidadi,27,0,Ordinary Variant,Other
BMTC,401Y,Yeshwanthpur TTMC - Meesaganahalli,BR2220,3,Yeshwanthpur TTMC,Meesaganahalli,34,0,Ordinary Variant,West
BMTC,401Z,Bidadi - Yeshwanthpura TTMC,BR2221,3,Bidadi,Yeshwanthpura TTMC,27,0,Ordinary Variant,West
BMTC,401T,MATTHAHALLI - Yelahanka,BR2217,3,MATTHAHALLI,Yelahanka,23,0,Ordinary Variant,North
BMTC,401R,BEML Layout 5th Stage - Yelahanka,BR2210,3,BEML Layout 5th Stage,Yelahanka,33,0,Ordinary Variant,North
BMTC,401Q,Yelahanka - MCTC Bus Stand,BR2209,3,Yelahanka,MCTC Bus Stand,26,0,Ordinary Variant,North
BMTC,401P,Kengeri Bande Mata - Muthyalaya Nagar,BR2208,3,Kengeri Bande Mata,Muthyalaya Nagar,37,0,Ordinary Variant,South
BMTC,401N,Hampinagara RPC Layout - Yelahanka,BR2207,3,Hampinagara RPC Layout,Yelahanka,34,0,Ordinary Variant,North
BMTC,401M,Kengeri TTMC - Yeshwanthpura,BR2199,3,Kengeri TTMC,Yeshwanthpura,28,0,Ordinary Variant,South
BMTC,401L,Yeshawanthapura TTMC - Kaggalipura,BR2198,3,Yeshawanthapura TTMC,Kaggalipura,34,0,Ordinary Variant,Other
BMTC,33PG,Shivajinagar Bus Station - Ganjoor,BR1740,3,Shivajinagar Bus Station,Ganjoor,34,0,Special,Central
BMTC,401K,Kengeri TTMC - Yelahanka,BR2193,3,Kengeri TTMC,Yelahanka,24,0,Ordinary Variant,North
BMTC,341D,Kempegowda Bus Station - Bellandru,BR1758,3,Kempegowda Bus Station,Bellandru,34,0,Ordinary Variant,Central
BMTC,401J,Yeshwanthpura - HUNASOORU,BR2190,3,Yeshwanthpura,HUNASOORU,25,0,Ordinary Variant,West
BMTC,341E,Kempegowda Bus Station - Haralur,BR1759,3,Kempegowda Bus Station,Haralur,32,0,Ordinary Variant,Central
BMTC,341B,Krishnarajendra Market - Chudasandra,BR1756,3,Krishnarajendra Market,Chudasandra,36,0,Ordinary Variant,Central
BMTC,401H,Yelahanka - Hampinagara RPC Layout,BR2189,3,Yelahanka,Hampinagara RPC Layout,34,0,Ordinary Variant,North
BMTC,341C,Krishnarajendra Market - Kodanandarama Nagara,BR1757,3,Krishnarajendra Market,Kodanandarama Nagara,45,0,Ordinary Variant,Central
BMTC,401G,Yelahanka Satelite Town 5th Phase - Hampinagara RPC Layout,BR2188,3,Yelahanka Satelite Town 5th Phase,Hampinagara RPC Layout,58,0,Ordinary Variant,North
BMTC,MLP-KBS,Malleshwaram 8th Main - Kempegowda Bus Station,BR3740,3,Malleshwaram 8th Main,Kempegowda Bus Station,46,0,Special,West
BMTC,341A,Krishnarajendra Market - Haralur,BR1755,3,Krishnarajendra Market,Haralur,32,0,Ordinary Variant,Central
BMTC,401E,Yelahanka - Chandra Layout,BR2186,3,Yelahanka,Chandra Layout,26,0,Ordinary Variant,North
BMTC,401C,Peenya Satellite Bus Station - Gottigere,BR2184,3,Peenya Satellite Bus Station,Gottigere,40,0,Ordinary Variant,North
BMTC,401D,Yelahanaka NES Office - Yeshawanthapura TTMC,BR2185,3,Yelahanaka NES Office,Yeshawanthapura TTMC,44,0,Ordinary Variant,Other
BMTC,SPGC-HBL,Sapthagiri College Chikka Banawara - Hebbala,BR3972,3,Sapthagiri College Chikka Banawara,Hebbala,44,0,Special,North
BMTC,401A,Yelahanka - Peenya 2nd stage,BR2172,3,Yelahanka,Peenya 2nd stage,28,0,Ordinary Variant,North
BMTC,401B,Yelahanka - Hampinagara RPC Layout,BR2179,3,Yelahanka,Hampinagara RPC Layout,34,0,Ordinary Variant,North
BMTC,500TA,Hebbala Bridge - Boganahalli,BR2347,3,Hebbala Bridge,Boganahalli,28,0,Special,North
BMTC,HS-4,Krishnarajendra Market - Jayadeva Hospital,BR3402,3,Krishnarajendra Market,Jayadeva Hospital,42,0,Ordinary,Central
BMTC,340T,Kempegowda Bus Station - Agara Junction,BR1753,3,Kempegowda Bus Station,Agara Junction,39,0,Ordinary Variant,Central
BMTC,340S,Shivajinagar Bus Station - Somasundarapalya,BR1752,3,Shivajinagar Bus Station,Somasundarapalya,43,0,Ordinary Variant,Central
BMTC,400V,Vidyaranyapura - KR Puram,BR2170,3,Vidyaranyapura,KR Puram,25,0,Ordinary Variant,North
BMTC,342M,Krishnarajendra Market - Chikka Tirupathi,BR1774,3,Krishnarajendra Market,Chikka Tirupathi,41,0,Ordinary Variant,Central
BMTC,342N,Krishnarajendra Market - Kommasandra,BR1776,3,Krishnarajendra Market,Kommasandra,36,0,Ordinary Variant,Central
BMTC,163K,Koramangala - Krishnarajendra Market,BR131,3,Koramangala,Krishnarajendra Market,36,0,Ordinary Variant,Central
BMTC,342J,Krishnarajendra Market - V Kallahalli Sarjapura Road,BR1770,3,Krishnarajendra Market,V Kallahalli Sarjapura Road,52,0,Ordinary Variant,Central
BMTC,163F,Ejipura - AGS Layout,BR129,3,Ejipura,AGS Layout,20,0,Ordinary Variant,Other
BMTC,342K,Krishnarajendra Market - Adigara Kallahalli,BR1772,3,Krishnarajendra Market,Adigara Kallahalli,43,0,Ordinary Variant,Central
BMTC,163G,Koramangala - Krishnarajendra Market,BR130,3,Koramangala,Krishnarajendra Market,36,0,Ordinary Variant,Central
BMTC,342L,Krishnarajendra Market - Dodda Thimmasandra,BR1773,3,Krishnarajendra Market,Dodda Thimmasandra,43,0,Ordinary Variant,Central
BMTC,163D,Karnataka Housing Complex - Jayanagara 9th Block,BR127,3,Karnataka Housing Complex,Jayanagara 9th Block,48,0,Ordinary Variant,South
BMTC,342E,Krishnarajendra Market - Thindlu,BR1766,3,Krishnarajendra Market,Thindlu,32,0,Ordinary Variant,Central
BMTC,163E,Ejipura - AGS Layout,BR128,3,Ejipura,AGS Layout,20,0,Ordinary Variant,Other
BMTC,342F,Kempegowda Bus Station - Sarjapura Bus Stand,BR1767,3,Kempegowda Bus Station,Sarjapura Bus Stand,44,0,Ordinary Variant,Central
BMTC,342G,Krishnarajendra Market - Bikkanahosahalli,BR1768,3,Krishnarajendra Market,Bikkanahosahalli,41,0,Ordinary Variant,Central
BMTC,163C,Lakshman Rao Nagara - Krishnarajendra Market,BR126,3,Lakshman Rao Nagara,Krishnarajendra Market,44,0,Ordinary Variant,Central
BMTC,342H,St John Hospital - Sarjapura,BR1769,3,St John Hospital,Sarjapura,28,0,Ordinary Variant,Other
BMTC,342A,Krishnarajendra Market - Sarjapura Bus Stand,BR1761,3,Krishnarajendra Market,Sarjapura Bus Stand,44,0,Ordinary Variant,Central
BMTC,163A,Koramangala - Krishnarajendra Market,BR125,3,Koramangala,Krishnarajendra Market,36,0,Ordinary Variant,Central
BMTC,342B,Krishnarajendra Market - Muttanallur,BR1763,3,Krishnarajendra Market,Muttanallur,36,0,Ordinary Variant,Central
BMTC,342C,Krishnarajendra Market - Chokkasandra,BR1764,3,Krishnarajendra Market,Chokkasandra,37,0,Ordinary Variant,Central
BMTC,Chakra-10,Allalasandra Janapriya Apartmet - Allalasandra Janapriya Apartmet,BR2841,3,Allalasandra Janapriya Apartmet,Allalasandra Janapriya Apartmet,65,1,Ordinary,Other
BMTC,342D,Krishnarajendra Market - Varthuru,BR1765,3,Krishnarajendra Market,Varthuru,33,0,Ordinary Variant,Central
BMTC,400F,BNagasandra - KR Puram,BR2169,3,BNagasandra,KR Puram,22,0,Ordinary Variant,East
BMTC,400A,HAL Main Gate - KR Puram,BR2168,3,HAL Main Gate,KR Puram,24,0,Ordinary Variant,East
BMTC,JPV-129,Shivajinagar Bus Station - White Field Post Office,BR3465,3,Shivajinagar Bus Station,White Field Post Office,50,0,Ordinary,Central
BMTC,BMT26-JGA,Depot 26 - Janapriya Greenwood Apartments,BR2753,3,Depot 26,Janapriya Greenwood Apartments,41,0,Special,Other
BMTC,BMT11-VGK,Depot 11 - Venkatagirikote,BR2725,3,Depot 11,Venkatagirikote,26,0,Special,Other
BMTC,343E,Kempegowda Bus Station - Beguru,BR1795,3,Kempegowda Bus Station,Beguru,31,0,Ordinary Variant,Central
BMTC,343D,Krishnarajendra Market - Kodi Chikkanahalli,BR1794,3,Krishnarajendra Market,Kodi Chikkanahalli,43,0,Ordinary Variant,Central
BMTC,KMT-KDG,Krishnarajendra Market - Kuduragere Betta Halasuru,BR3619,3,Krishnarajendra Market,Kuduragere Betta Halasuru,50,0,Special,Central
BMTC,343B,Kempegowda Bus Station - Kodi Chikkanahalli,BR1793,3,Kempegowda Bus Station,Kodi Chikkanahalli,43,0,Ordinary Variant,Central
BMTC,343H,Krishnarajendra Market - Hongasandra Mico Layout,BR1798,3,Krishnarajendra Market,Hongasandra Mico Layout,48,0,Ordinary Variant,Central
BMTC,343G,St John Hospital - Yelenahalli,BR1797,3,St John Hospital,Yelenahalli,30,0,Ordinary Variant,Other
BMTC,343F,Krishnarajendra Market - Viratanagara Cross,BR1796,3,Krishnarajendra Market,Viratanagara Cross,43,0,Ordinary Variant,Central
BMTC,343M,Krishnarajendra Market - Mylasandra Cross,BR1801,3,Krishnarajendra Market,Mylasandra Cross,41,0,Ordinary Variant,Central
BMTC,343L,Kempegowda Bus Station - Hongasandra mico layout,BR1800,3,Kempegowda Bus Station,Hongasandra mico layout,48,0,Ordinary Variant,Central
BMTC,343K,Kempegowda Bus Station - Vishwapriya Layout,BR1799,3,Kempegowda Bus Station,Vishwapriya Layout,43,0,Ordinary Variant,Central
BMTC,343N,Krishnarajendra Market - Beguru,BR1802,3,Krishnarajendra Market,Beguru,31,0,Ordinary Variant,Central
BMTC,342S,Jn of Hosur Road - Doddakannalli,BR1779,3,Jn of Hosur Road,Doddakannalli,32,0,Ordinary Variant,Other
BMTC,342T,Krishnarajendra Market - Sollepura,BR1781,3,Krishnarajendra Market,Sollepura,34,0,Ordinary Variant,Central
BMTC,342Q,Krishnarajendra Market - Kodathi,BR1777,3,Krishnarajendra Market,Kodathi,32,0,Ordinary Variant,Central
BMTC,342R,Shivajinagar Bus Station - Sarjapura,BR1778,3,Shivajinagar Bus Station,Sarjapura,36,0,Ordinary Variant,Central
BMTC,342W,Krishnarajendra Market - Chikka Dasarahalli,BR1786,3,Krishnarajendra Market,Chikka Dasarahalli,43,0,Ordinary Variant,Central
BMTC,342X,Krishnarajendra Market - Kada Agrahara,BR1788,3,Krishnarajendra Market,Kada Agrahara,38,0,Ordinary Variant,Central
BMTC,342U,Krishnarajendra Market - Pandithana Agrahara,BR1783,3,Krishnarajendra Market,Pandithana Agrahara,44,0,Ordinary Variant,Central
BMTC,342V,Krishnarajendra Market - Areneru,BR1784,3,Krishnarajendra Market,Areneru,32,0,Ordinary Variant,Central
BMTC,CR-ELCFDR1,Kempegowda Bus Station - Neeladri Nagara,BR3025,3,Kempegowda Bus Station,Neeladri Nagara,40,0,Ordinary,Central
BMTC,342Y,Krishnarajendra Market - Thiruranga,BR1789,3,Krishnarajendra Market,Thiruranga,35,0,Ordinary Variant,Central
BMTC,BVK-1,Kempegowda Bus Station - Kempegowda Bus Station,BR2820,3,Kempegowda Bus Station,Kempegowda Bus Station,47,1,Ordinary,Central
BMTC,342Z,Krishnarajendra Market - Muttana Halli,BR1790,3,Krishnarajendra Market,Muttana Halli,38,0,Ordinary Variant,Central
BMTC,343A,Kempegowda Bus Station - HULLAHALLI,BR1792,3,Kempegowda Bus Station,HULLAHALLI,35,0,Ordinary Variant,Central
BMTC,165C,Kempegowda Bus Station - Adugodi,BR133,3,Kempegowda Bus Station,Adugodi,32,0,Ordinary Variant,Central
BMTC,344D,Krishnarajendra Market - Bettadasanapura,BR1806,3,Krishnarajendra Market,Bettadasanapura,40,0,Ordinary Variant,Central
BMTC,344C,Krishnarajendra Market - Bettadasanapura,BR1805,3,Krishnarajendra Market,Bettadasanapura,40,0,Ordinary Variant,Central
BMTC,344F,Krishnarajendra Market - Podu,BR1808,3,Krishnarajendra Market,Podu,29,0,Ordinary Variant,Central
BMTC,344E,Krishnarajendra Market - Anekal,BR1807,3,Krishnarajendra Market,Anekal,31,0,Ordinary Variant,Central
BMTC,165E,Adugodi Police Quarters - Kempegowda Bus Station,BR134,3,Adugodi Police Quarters,Kempegowda Bus Station,48,0,Ordinary Variant,Central
BMTC,BMT30-KHR,Depot 30 - Koyira Devana Halli Road,BR2761,3,Depot 30,Koyira Devana Halli Road,35,0,Special,Other
BMTC,JFWTC-MEICL,JFWTC-ITPL - MEI Colony,BR3440,3,JFWTC-ITPL,MEI Colony,23,0,Special,East
BMTC,MRHB-BTP,Marathahalli Bridge - BAGMANE TECH PARK,BR3769,3,Marathahalli Bridge,BAGMANE TECH PARK,39,0,Special,Other
BMTC,344A,Krishnarajendra Market - Haragadde,BR1803,3,Krishnarajendra Market,Haragadde,34,0,Ordinary Variant,Central
BMTC,344B,Kempegowda Bus Station - Bettadasanapura,BR1804,3,Kempegowda Bus Station,Bettadasanapura,40,0,Ordinary Variant,Central
BMTC,PHS3,Krishnarajendra Market - GPO,BR3853,3,Krishnarajendra Market,GPO,28,0,Ordinary,Central
BMTC,168D,Kempegowda Bus Station - Tavare Kere,BR140,3,Kempegowda Bus Station,Tavare Kere,36,0,Ordinary Variant,Central
BMTC,345E,Krishnarajendra Market - Kyalasanahalli,BR1812,3,Krishnarajendra Market,Kyalasanahalli,39,0,Ordinary Variant,Central
BMTC,168E,Jaibheemanagara - Kempegowda Bus Station,BR141,3,Jaibheemanagara,Kempegowda Bus Station,40,0,Ordinary Variant,Central
BMTC,345C,Krishnarajendra Market - Nanjapura,BR1811,3,Krishnarajendra Market,Nanjapura,34,0,Ordinary Variant,Central
BMTC,168A,Jaibheemanagara - Krishnarajendra Market,BR139,3,Jaibheemanagara,Krishnarajendra Market,40,0,Ordinary Variant,Central
BMTC,CR-201MD,Koramangala TTMC - JP Nagar 6th Phase,BR2901,3,Koramangala TTMC,JP Nagar 6th Phase,37,0,Special,South
BMTC,345A,KR Market - Hulimangala,BR1810,3,KR Market,Hulimangala,23,0,Ordinary Variant,Central
BMTC,346J,Krishnarajendra Market - Bangalore Central Jail,BR1825,3,Krishnarajendra Market,Bangalore Central Jail,47,0,Ordinary Variant,Central
BMTC,346K,Krishnarajendra Market - Hulimangala,BR1826,3,Krishnarajendra Market,Hulimangala,36,0,Ordinary Variant,Central
BMTC,346F,Krishnarajendra Market - Jigani,BR1822,3,Krishnarajendra Market,Jigani,31,0,Ordinary Variant,Central
BMTC,346E,Krishnarajendra Market - DODDA THOGOOR,BR1821,3,Krishnarajendra Market,DODDA THOGOOR,38,0,Ordinary Variant,Central
BMTC,346H,Kempegowda Bus Station - Parappana Agrahara,BR1824,3,Kempegowda Bus Station,Parappana Agrahara,43,0,Ordinary Variant,Central
BMTC,346G,Krishnarajendra Market - Parappana Agrahara,BR1823,3,Krishnarajendra Market,Parappana Agrahara,43,0,Ordinary Variant,Central
BMTC,346T,Krishnarajendra Market - Dodda Thugur Muneshwara Temple,BR1831,3,Krishnarajendra Market,Dodda Thugur Muneshwara Temple,55,0,Ordinary Variant,Central
BMTC,346S,Krishnarajendra Market - Veerasandra,BR1830,3,Krishnarajendra Market,Veerasandra,36,0,Ordinary Variant,Central
BMTC,346N,Kempegowda Bus Station - DODDA THOGOOR,BR1828,3,Kempegowda Bus Station,DODDA THOGOOR,38,0,Ordinary Variant,Central
BMTC,346M,Krishnarajendra Market - Gollahalli,BR1827,3,Krishnarajendra Market,Gollahalli,35,0,Ordinary Variant,Central
BMTC,KTGP-YSTF,Kottige Palya Magadi Road - Yelahanka Satelite Town 5th Phase,BR3663,3,Kottige Palya Magadi Road,Yelahanka Satelite Town 5th Phase,61,0,Special,North
BMTC,346P,Shivajinagar Bus Station - Shikaripalya,BR1829,3,Shivajinagar Bus Station,Shikaripalya,39,0,Ordinary Variant,Central
BMTC,ANJ-BTP,Anjanapura - BAGMANE TECH PARK,BR2621,3,Anjanapura,BAGMANE TECH PARK,30,0,Special,Other
BMTC,346A,Krishnarajendra Market - Shikaripalya,BR1814,3,Krishnarajendra Market,Shikaripalya,37,0,Ordinary Variant,Central
BMTC,346B,Krishnarajendra Market - DODDANAGAMANGALA,BR1815,3,Krishnarajendra Market,DODDANAGAMANGALA,41,0,Ordinary Variant,Central
BMTC,346C,Kempegowda Bus Station - Rayasandra,BR1816,3,Kempegowda Bus Station,Rayasandra,35,0,Ordinary Variant,Central
BMTC,346D,Krishnarajendra Market - CHIKKANAGAMANGALA,BR1820,3,Krishnarajendra Market,CHIKKANAGAMANGALA,42,0,Ordinary Variant,Central
BMTC,MTH-DSP,Mathahalli - Dasanapura,BR3781,3,Mathahalli,Dasanapura,23,0,Special,Other
BMTC,BMT-13-NDH,Depot-13 BS - Nagadevanahalli Kengeri,BR2702,3,Depot-13 BS,Nagadevanahalli Kengeri,37,0,Special,South
BMTC,CR-8,Shivajinagar Bus Station - Bagmane Teck Park,BR3020,3,Shivajinagar Bus Station,Bagmane Teck Park,44,0,Ordinary,Central
BMTC,CR-6,City Civil Court - Kempegowda Bus Station,BR3016,3,City Civil Court,Kempegowda Bus Station,41,0,Ordinary,Central
BMTC,CR-4,Uttarahalli - Bagmane Teck Park,BR2992,3,Uttarahalli,Bagmane Teck Park,31,0,Ordinary,Other
BMTC,CR-2,Chennamma kere Achukattu - Avalahalli BDA Park,BR2898,3,Chennamma kere Achukattu,Avalahalli BDA Park,46,0,Ordinary,Other
BMTC,CS-32,Shivajinagar Bus Station - Marathahalli Bridge,BR3140,3,Shivajinagar Bus Station,Marathahalli Bridge,46,0,Ordinary,Central
BMTC,CS-31,Kempegowda Bus Station - Kengeri TTMC,BR3138,3,Kempegowda Bus Station,Kengeri TTMC,37,0,Ordinary,South
BMTC,CS-30,Krishnarajendra Market - Rajarajeshwari Temple,BR3132,3,Krishnarajendra Market,Rajarajeshwari Temple,46,0,Ordinary,Central
BMTC,CS-29,Kempegowda Bus Station - Rajarajeshwari Temple,BR3127,3,Kempegowda Bus Station,Rajarajeshwari Temple,46,0,Ordinary,Central
BMTC,KRR-JFWTC,K R Road - JFWTC,BR3652,3,K R Road,JFWTC,16,0,Special,Other
BMTC,CS-KMLBEML-BEL,Kamalanagara BEML Layout - BEL FACTORY,BR3187,3,Kamalanagara BEML Layout,BEL FACTORY,38,0,Special,Other
BMTC,CS-28,Shivajinagar Bus Station - Krishnarajendra Market,BR3125,3,Shivajinagar Bus Station,Krishnarajendra Market,49,0,Ordinary,Central
BMTC,CS-25,Banashankari Bus Station - Marathahalli Bridge,BR3114,3,Banashankari Bus Station,Marathahalli Bridge,46,0,Ordinary,South
BMTC,CS-26,Kempegowda Bus Station - Srinagara,BR3121,3,Kempegowda Bus Station,Srinagara,34,0,Ordinary,Central
BMTC,MLH-VNC,Mylanahalli - Vinayakanagara Cross D-43,BR3738,3,Mylanahalli,Vinayakanagara Cross D-43,39,0,Special,Other
BMTC,270HA,Jayanagara 9th Block - HMT Auditorium,BR1009,3,Jayanagara 9th Block,HMT Auditorium,37,0,Special,South
BMTC,CS-40,Central Silk Board - Maratahalli Bridge,BR3160,3,Central Silk Board,Maratahalli Bridge,39,0,Ordinary,Other
BMTC,BTP-ATB,Bagmane Teck Park - Attibele,BR2807,3,Bagmane Teck Park,Attibele,28,0,Special,Other
BMTC,CS-37,Hebbala - KR Puram,BR3154,3,Hebbala,KR Puram,18,0,Ordinary,North
BMTC,CS-38,BANASHANKARI TTMC - Tin Factory,BR3156,3,BANASHANKARI TTMC,Tin Factory,31,0,Ordinary,South
BMTC,CS-39,Central Silk Board - Maratahalli Bridge,BR3157,3,Central Silk Board,Maratahalli Bridge,39,0,Ordinary,Other
BMTC,CS-3B,Jayanagara 9th Block - Banashankari 3rd Stage 2nd Phase,BR3158,3,Jayanagara 9th Block,Banashankari 3rd Stage 2nd Phase,55,0,Ordinary Variant,South
BMTC,CS-3C,JPNagara 6th Phase - Srinagara,BR3159,3,JPNagara 6th Phase,Srinagara,30,0,Ordinary Variant,Other
BMTC,SORL-ITPL,Sai Arcade Layout - ITPL,BR3971,3,Sai Arcade Layout,ITPL,24,0,Special,East
BMTC,MP-SJP-CSB,Sarjapura Bus Stand - Central Silk Board,BR3761,3,Sarjapura Bus Stand,Central Silk Board,40,0,Special,Other
BMTC,V-VRP-DEPOT-28,Vidyaranyapura - DEPOT-28,BR4190,3,Vidyaranyapura,DEPOT-28,25,0,Ordinary,North
BMTC,JPN-MEBP,JPNagar B K Circle - Manyatha Embasy Business Park,BR3455,3,JPNagar B K Circle,Manyatha Embasy Business Park,50,0,Special,Other
BMTC,CS-13,Kempegowda Bus Station - Sai Baba Hospital,BR3076,3,Kempegowda Bus Station,Sai Baba Hospital,42,0,Ordinary,Central
BMTC,SHC-YBS,Sindhi High School - Yeshwanthpur TTMC,BR3950,3,Sindhi High School,Yeshwanthpur TTMC,38,0,Special,West
BMTC,CS-12,Kempegowda Bus Station - Sai Baba Hospital,BR3075,3,Kempegowda Bus Station,Sai Baba Hospital,42,0,Ordinary,Central
BMTC,CR368E,Kamakya Talkies - Valley School,BR3051,3,Kamakya Talkies,Valley School,31,0,Ordinary Variant,Other
BMTC,TATA-ELEXI-ITPL,TATA ELEXI LIMITED - ITPL,BR3989,3,TATA ELEXI LIMITED,ITPL,25,0,Special,East
BMTC,JFWTC-Halasuru,JFWTC-ITPL - Halasuru Laxmipura Road,BR3435,3,JFWTC-ITPL,Halasuru Laxmipura Road,36,0,Special,East
BMTC,CS-1F,BTM Layout - Krishnarajendra Market,BR3093,3,BTM Layout,Krishnarajendra Market,35,0,Ordinary Variant,Central
BMTC,CR-223A,Doddabasthi - Basavanagara,BR2921,3,Doddabasthi,Basavanagara,26,0,Ordinary Variant,Other
BMTC,CR369A,Depot 34 - Elita Promenade Aparatment,BR3052,3,Depot 34,Elita Promenade Aparatment,37,0,Ordinary Variant,Other
BMTC,CS-20,Kempegowda Bus Station - Chennamma kere Achukattu,BR3095,3,Kempegowda Bus Station,Chennamma kere Achukattu,49,0,Ordinary,Central
BMTC,BMT10-NTKH,Depot 10 - Narendra Talkies kadugondanahalli,BR2718,3,Depot 10,Narendra Talkies kadugondanahalli,44,0,Special,Other
BMTC,CS-22,BANASHANKARI TTMC - Hebbala,BR3109,3,BANASHANKARI TTMC,Hebbala,27,0,Ordinary,North
BMTC,409A,Nelamangala - Hosakote Bus Stand,BR2248,3,Nelamangala,Hosakote Bus Stand,32,0,Ordinary Variant,Other
BMTC,CS-21,Kempegowda Bus Station - KR Puram Railway Station,BR3099,3,Kempegowda Bus Station,KR Puram Railway Station,49,0,Ordinary,East
BMTC,CS-24,Kempegowda Bus Station - Kadugodi,BR3111,3,Kempegowda Bus Station,Kadugodi,33,0,Ordinary,East
BMTC,HNB-KDG,Hennur Cross - Kadugodi,BR3393,3,Hennur Cross,Kadugodi,23,0,Special,East
BMTC,MPAC-362C,Beguru - Shivajinagar Bus Station,BR3763,3,Beguru,Shivajinagar Bus Station,33,0,Ordinary Variant,Central
BMTC,285RA,Krishnarajendra Market - Haniyur,BR1144,3,Krishnarajendra Market,Haniyur,32,0,Special,Central
BMTC,285RB,Krishnarajendra Market - Kanasawadi Madhure Temple,BR1145,3,Krishnarajendra Market,Kanasawadi Madhure Temple,50,0,Special,Central
BMTC,CR-411,ISRO Layout - Koramangala,BR2995,3,ISRO Layout,Koramangala,25,0,Ordinary,Other
BMTC,500QA,Hebbala - Jn of Tumkur Road,BR2341,3,Hebbala,Jn of Tumkur Road,27,0,Special,North
BMTC,ALRP-VNC,Aluru Palya - Vinayakanagara Cross D-43,BR2610,3,Aluru Palya,Vinayakanagara Cross D-43,39,0,Special,Other
BMTC,500QG,KR Puram - Goragunte Palya,BR2343,3,KR Puram,Goragunte Palya,26,0,Special,East
BMTC,500QD,Chowdeshwari Bus Stand JP Park - Central Silk Board,BR2342,3,Chowdeshwari Bus Stand JP Park,Central Silk Board,51,0,Special,Other
BMTC,CR-270HA,Jayanagara 9th Block - Sharada Nagara,BR2930,3,Jayanagara 9th Block,Sharada Nagara,37,0,Special,South
BMTC,500QK,Kadugodi - Chowdeshwari Bus Stand JP Park,BR2344,3,Kadugodi,Chowdeshwari Bus Stand JP Park,41,0,Special,East
BMTC,CS-348D,Shivajinagar Bus Station - Mangammana Palya,BR3148,3,Shivajinagar Bus Station,Mangammana Palya,43,0,Ordinary Variant,Central
BMTC,RRNBEML-MEBP,Rajarajeshwarinagara BEML Layout - Manyatha Embasy Business Park,BR3909,3,Rajarajeshwarinagara BEML Layout,Manyatha Embasy Business Park,64,0,Special,Other
BMTC,CR365D,HDFC BANK - BOSCH,BR3049,3,HDFC BANK,BOSCH,17,0,Ordinary Variant,Other
BMTC,HBR5-HBL,HBR Layout 5th Block - Hebbala Bridge,BR3383,3,HBR Layout 5th Block,Hebbala Bridge,37,0,Special,North
BMTC,CR28,Chandapura - Infosys,BR3044,3,Chandapura,Infosys,20,0,Ordinary,Other
BMTC,407B,Yelahanka - Yelahanka,BR2241,3,Yelahanka,Yelahanka,21,1,Ordinary Variant,North
BMTC,407A,Yelahanka - Hesaraghatta Village,BR2240,3,Yelahanka,Hesaraghatta Village,32,0,Ordinary Variant,North
BMTC,407D,Yeshwanthpura - Yeshwanthpura,BR2243,3,Yeshwanthpura,Yeshwanthpura,29,1,Ordinary Variant,West
BMTC,407C,Yelahanka - Yelahanka,BR2242,3,Yelahanka,Yelahanka,21,1,Ordinary Variant,North
BMTC,407F,Yelahanka - Nelamangala,BR2245,3,Yelahanka,Nelamangala,23,0,Ordinary Variant,North
BMTC,407E,Yelahanka - Nelamangala,BR2244,3,Yelahanka,Nelamangala,23,0,Ordinary Variant,North
BMTC,AGKR-KDG,Ardendale Gate Kannamangala - Kadugodi,BR2603,3,Ardendale Gate Kannamangala,Kadugodi,38,0,Special,East
BMTC,BMT30-BLR,Depot 30 - Bagaluru,BR2757,3,Depot 30,Bagaluru,19,0,Special,Other
BMTC,404C,Atturu - Shivajinagar Bus Station,BR2234,3,Atturu,Shivajinagar Bus Station,33,0,Ordinary Variant,Central
BMTC,404E,Shivajinagar Bus Station - Yelahanka Satelite Town 5th Phase,BR2235,3,Shivajinagar Bus Station,Yelahanka Satelite Town 5th Phase,60,0,Ordinary Variant,North
BMTC,350A,Krishnarajendra Market - Thirupalya,BR1875,3,Krishnarajendra Market,Thirupalya,35,0,Ordinary Variant,Central
BMTC,404J,Yelahanka Satelite Town 5th Phase - Shanthi Nagara Bus Station,BR2236,3,Yelahanka Satelite Town 5th Phase,Shanthi Nagara Bus Station,62,0,Ordinary Variant,North
BMTC,Depot 11-VRP,Yelahanka - Hampinagara RPC Layout,BR3242,3,Yelahanka,Hampinagara RPC Layout,34,0,Special,North
BMTC,v-333P,Kempegowda Bus Station - Satya Sai Hospital,BR4068,3,Kempegowda Bus Station,Satya Sai Hospital,43,0,Ordinary Variant,Central
BMTC,350E,Kempegowda Bus Station - Nanjapura,BR1878,3,Kempegowda Bus Station,Nanjapura,34,0,Ordinary Variant,Central
BMTC,350D,Krishnarajendra Market - Sampige,BR1877,3,Krishnarajendra Market,Sampige,32,0,Ordinary Variant,Central
BMTC,350B,Krishnarajendra Market - Muthanallur,BR1876,3,Krishnarajendra Market,Muthanallur,36,0,Ordinary Variant,Central
BMTC,350H,Krishnarajendra Market - KAMASANDRA,BR1880,3,Krishnarajendra Market,KAMASANDRA,35,0,Ordinary Variant,Central
BMTC,350G,Krishnarajendra Market - Bommasandra Indl Area,BR1879,3,Krishnarajendra Market,Bommasandra Indl Area,46,0,Ordinary Variant,Central
BMTC,BVNR-KBR,Bhuvaneshwari Nagara - Kaval Byrasandra Bus Stand,BR2821,3,Bhuvaneshwari Nagara,Kaval Byrasandra Bus Stand,49,0,Special,Other
BMTC,BSK-ANDA,BANASHANKARI TTMC - Avalahalli Nandi Garden,BR2797,3,BANASHANKARI TTMC,Avalahalli Nandi Garden,43,0,Special,South
BMTC,KSTCB-KGR,Kengeri Satellite Town Corporation Bank - Kengeri TTMC,BR3662,3,Kengeri Satellite Town Corporation Bank,Kengeri TTMC,54,0,Special,South
BMTC,CR210-V,Banashankari Bus Station - MIND TREE,BR3040,3,Banashankari Bus Station,MIND TREE,36,0,Ordinary Variant,South
BMTC,405M,Anchipura Colony - Kempegowda Bus Station,BR2237,3,Anchipura Colony,Kempegowda Bus Station,41,0,Ordinary Variant,Central
BMTC,CNSB-HALLCA,Channasandra - HAL/LCA,BR2873,3,Channasandra,HAL/LCA,22,0,Special,Other
BMTC,BMT12-VNKN,BMTC Depot-12 Gate Kengeri - Vinayaka Nagara,BR2726,3,BMTC Depot-12 Gate Kengeri,Vinayaka Nagara,44,0,Special,South
BMTC,KGR-YSTF,Kengeri TTMC - Yelahanka Satelite Town 5th Phase,BR3583,3,Kengeri TTMC,Yelahanka Satelite Town 5th Phase,48,0,Special,North
BMTC,BNWF-INFY,Banasawadi Fire Statiion - Infosys,BR2781,3,Banasawadi Fire Statiion,Infosys,34,0,Special,Other
BMTC,AMD-KBS,AMD Private Limited - Kempegowda Bus Station,BR2615,3,AMD Private Limited,Kempegowda Bus Station,44,0,Special,Central
BMTC,CR500,NRColony - Yeshwanthpura TTMC,BR3057,3,NRColony,Yeshwanthpura TTMC,29,0,Ordinary,West
BMTC,CS-60G,Brudavana Nagara Jinke vana - BTM Layout Bus Stop,BR3174,3,Brudavana Nagara Jinke vana,BTM Layout Bus Stop,49,0,Ordinary Variant,Other
BMTC,342VA,Krishnarajendra Market - Handenahalli,BR1785,3,Krishnarajendra Market,Handenahalli,37,0,Special,Central
BMTC,CS-60D,JP Nagara 6th Phase - Chamarajpet Play Ground,BR3173,3,JP Nagara 6th Phase,Chamarajpet Play Ground,45,0,Ordinary Variant,South
BMTC,BHRT-CHLS,Jai Bharath Nagara - Christel House Learning School,BR2686,3,Jai Bharath Nagara,Christel House Learning School,51,0,Special,Other
BMTC,284jj,Yelahanka - Kundana Devanahalli,BR1111,3,Yelahanka,Kundana Devanahalli,31,0,Special,North
BMTC,AS-10,Bommasandra - Jigani APC Circle,BR2629,3,Bommasandra,Jigani APC Circle,31,0,Ordinary,Other
BMTC,AS-13,Indian Express - Shampura,BR2631,3,Indian Express,Shampura,25,0,Express,Other
BMTC,CS-60A,Vijayanagara TTMC - Jayanagara 9th Block,BR3172,3,Vijayanagara TTMC,Jayanagara 9th Block,40,0,Ordinary Variant,South
BMTC,AS-12,Chikkabanavara - Leggere,BR2630,3,Chikkabanavara,Leggere,24,0,Ordinary,Other
BMTC,300MB,Marenahalli - Jn of Ring Road Channasandra,BR1357,3,Marenahalli,Jn of Ring Road Channasandra,42,0,Special,Other
BMTC,AS-15,Jayanagara Bus Stand - Byatarayana Doddi Cross,BR2633,3,Jayanagara Bus Stand,Byatarayana Doddi Cross,46,0,Ordinary,South
BMTC,AS-14,Banashankari Bus Station - Judicial Layout,BR2632,3,Banashankari Bus Station,Judicial Layout,42,0,Ordinary,South
BMTC,RICHP-HSS,Richmond Park - Head Start School Gate,BR3899,3,Richmond Park,Head Start School Gate,38,0,Special,Other
BMTC,AS-18,Krishnarajendra Market - Chandranagara,BR2635,3,Krishnarajendra Market,Chandranagara,38,0,Ordinary,Central
BMTC,AS-19,Krishnarajendra Market - Kadirenahalli Park,BR2636,3,Krishnarajendra Market,Kadirenahalli Park,43,0,Ordinary,Central
BMTC,DEPOT-25-JPNBG,Depot-25 - JP Nagar 7th Phase Brigade Gardenia,BR3255,3,Depot-25,JP Nagar 7th Phase Brigade Gardenia,46,0,Special,South
BMTC,342WA,Shanthi Nagara Bus Station - Ittuguru,BR1787,3,Shanthi Nagara Bus Station,Ittuguru,37,0,Special,Other
BMTC,AS-17,Krishnarajendra Market - Hosakerahalli village,BR2634,3,Krishnarajendra Market,Hosakerahalli village,46,0,Ordinary,Central
BMTC,285KA,Krishnarajendra Market - Bettenahalli,BR1132,3,Krishnarajendra Market,Bettenahalli,37,0,Special,Central
BMTC,HALLCA-TCP,HAL/LCA - Thambuchetty Palya,BR3368,3,HAL/LCA,Thambuchetty Palya,28,0,Special,Other
BMTC,Srinagar-JFWTC,Srinagara - JFWTC,BR3977,3,Srinagara,JFWTC,17,0,Special,Other
BMTC,CR31,MTR - Kempegowda Bus Station,BR3045,3,MTR,Kempegowda Bus Station,28,0,Ordinary,Central
BMTC,500CF,BANASHANKARI TTMC - Sarjapura Bus Stand,BR2326,3,BANASHANKARI TTMC,Sarjapura Bus Stand,39,0,Special,South
BMTC,342TA,Krishnarajendra Market - Handenahalli,BR1782,3,Krishnarajendra Market,Handenahalli,37,0,Special,Central
BMTC,500CA,BANASHANKARI TTMC - ITPL,BR2325,3,BANASHANKARI TTMC,ITPL,24,0,Special,South
BMTC,342SH,St John Hospital - St John Hospital,BR1780,3,St John Hospital,St John Hospital,35,1,Special,Other
BMTC,NLMF-1,Peenya 2nd stage - Chikkabanawara,BR3820,3,Peenya 2nd stage,Chikkabanawara,33,0,Ordinary,North
BMTC,285JC,Krishnarajendra Market - Juttanahalli,BR1129,3,Krishnarajendra Market,Juttanahalli,37,0,Special,Central
BMTC,YLHMD-BTP,Mother Dairy - Bagmane Teck Park,BR4258,3,Mother Dairy,Bagmane Teck Park,32,0,Special,Other
BMTC,285JE,Dyavarahalli - Krishnarajendra Market,BR1130,3,Dyavarahalli,Krishnarajendra Market,37,0,Special,Central
BMTC,ITCF-ITPL,ITC - ITPL,BR3421,3,ITC,ITPL,10,0,Special,East
BMTC,NLMF-2,Govardhan Talkies - Hesaraghatta Village,BR3821,3,Govardhan Talkies,Hesaraghatta Village,40,0,Ordinary,Other
BMTC,CS-95,Shivajinagar Bus Station - Kamalanagar Bus Stop,BR3184,3,Shivajinagar Bus Station,Kamalanagar Bus Stop,47,0,Ordinary,Central
BMTC,285JB,Tindlu - Krishnarajendra Market,BR1128,3,Tindlu,Krishnarajendra Market,31,0,Special,Central
BMTC,285JA,Aradeshanahalli - Krishnarajendra Market,BR1127,3,Aradeshanahalli,Krishnarajendra Market,40,0,Special,Central
BMTC,CR40,INTEL - Hebbala Bridge,BR3053,3,INTEL,Hebbala Bridge,22,0,Ordinary,North
BMTC,390,Hoskote - Chikka Tirupathi,BR2146,3,Hoskote,Chikka Tirupathi,26,0,Ordinary,East
BMTC,500DK,Hebbala Bridge - Koramangala TTMC,BR2334,3,Hebbala Bridge,Koramangala TTMC,33,0,Special,North
BMTC,500DH,Hebbala Bridge - Attibele,BR2333,3,Hebbala Bridge,Attibele,25,0,Special,North
BMTC,500DG,Nelamangala - Central Silk Board,BR2332,3,Nelamangala,Central Silk Board,32,0,Special,Other
BMTC,500DF,Hebbala Bridge - Hope Form,BR2331,3,Hebbala Bridge,Hope Form,26,0,Special,North
BMTC,JPV-317A,Kempegowda Bus Station - Hosakote Bus Stand,BR3487,3,Kempegowda Bus Station,Hosakote Bus Stand,43,0,Ordinary Variant,Central
BMTC,500DC,Hebbala Bridge - Chandapura,BR2330,3,Hebbala Bridge,Chandapura,27,0,Special,North
BMTC,500DA,Yelahanka Satelite Town 4th Phase - Infosys Parking Lot,BR2329,3,Yelahanka Satelite Town 4th Phase,Infosys Parking Lot,55,0,Special,North
BMTC,HALLCA-BMT10,HAL/LCA - Depot 10,BR3362,3,HAL/LCA,Depot 10,18,0,Ordinary,Other
BMTC,500CT,Tin Factory - Central Silk Board,BR2327,3,Tin Factory,Central Silk Board,32,0,Special,Other
BMTC,CR45,KSIT COLLEGE - Kempegowda Bus Station,BR3055,3,KSIT COLLEGE,Kempegowda Bus Station,37,0,Ordinary,Central
BMTC,399,Hosakote Bus Stand - Electronic City,BR2149,3,Hosakote Bus Stand,Electronic City,36,0,Ordinary,Other
BMTC,37F,Girinagara Extention - Shivajinagar Bus Station,BR2111,3,Girinagara Extention,Shivajinagar Bus Station,47,0,Ordinary Variant,Central
BMTC,KDG-BTP,Kadugodi - Bagmane Teck Park,BR3566,3,Kadugodi,Bagmane Teck Park,28,0,Special,East
BMTC,37D,Kempegowda Swimming Pool - Shivajinagar Bus Station,BR2109,3,Kempegowda Swimming Pool,Shivajinagar Bus Station,51,0,Ordinary Variant,Central
BMTC,37E,Girinagara Circle - Shivajinagar Bus Station,BR2110,3,Girinagara Circle,Shivajinagar Bus Station,44,0,Ordinary Variant,Central
BMTC,383,Krishnarajendra Market - Vaghata Near Hoskote,BR2141,3,Krishnarajendra Market,Vaghata Near Hoskote,45,0,Ordinary,East
BMTC,JPV-314A,Shivajinagar Bus Station - DRDO 2ND Phase,BR3485,3,Shivajinagar Bus Station,DRDO 2ND Phase,41,0,Ordinary Variant,Central
BMTC,381,Kempegowda Bus Station - Thimmasandra,BR2124,3,Kempegowda Bus Station,Thimmasandra,37,0,Ordinary,Central
BMTC,382,Krishnarajendra Market - Kallahalli,BR2135,3,Krishnarajendra Market,Kallahalli,35,0,Ordinary,Central
BMTC,380,Krishnarajendra Market - Kolathur,BR2113,3,Krishnarajendra Market,Kolathur,33,0,Ordinary,Central
BMTC,CR95,DRDO TOWNSHIP BUS STAND - Anekal,BR3062,3,DRDO TOWNSHIP BUS STAND,Anekal,32,0,Ordinary,Other
BMTC,NMG-KGR-KMT,Krishnarajendra Market - Nelamangala,BR3828,3,Krishnarajendra Market,Nelamangala,36,0,Special,Central
BMTC,VSP-FDR-1,Vasanthapura - Vasanthapura,BR4236,3,Vasanthapura,Vasanthapura,27,1,Ordinary,Other
BMTC,CS-74,Rajaji Nagara Ramamandira - Shivajinagar Bus Station,BR3175,3,Rajaji Nagara Ramamandira,Shivajinagar Bus Station,52,0,Ordinary,Central
BMTC,36G,Avalahalli New BDA Layout - Kempegowda Bus Station,BR2049,3,Avalahalli New BDA Layout,Kempegowda Bus Station,50,0,Ordinary Variant,Central
BMTC,241CN,Ashraya Badavane - Krishnarajendra Market,BR621,3,Ashraya Badavane,Krishnarajendra Market,41,0,Special,Central
BMTC,36D,Muneshwara Block - Kempegowda Bus Station,BR2047,3,Muneshwara Block,Kempegowda Bus Station,41,0,Ordinary Variant,Central
BMTC,36F,Kalidasa Layout - Kempegowda Bus Station,BR2048,3,Kalidasa Layout,Kempegowda Bus Station,40,0,Ordinary Variant,Central
BMTC,370,Krishnarajendra Market - Shivanahalli,BR2051,3,Krishnarajendra Market,Shivanahalli,37,0,Ordinary,Central
BMTC,372,Krishnarajendra Market - Indlawadi,BR2058,3,Krishnarajendra Market,Indlawadi,34,0,Ordinary,Central
BMTC,KMK-VJN-SWN,Depot-13-BS - Saraswathi Nagara Vijayanagara,BR3609,3,Depot-13-BS,Saraswathi Nagara Vijayanagara,44,0,Special,South
BMTC,241CJ,Gnanashakti Nagar - Krishnarajendra Market,BR620,3,Gnanashakti Nagar,Krishnarajendra Market,42,0,Special,Central
BMTC,HMTWFC-BMSCC,HMT Watch Factory - BMS College Campus,BR3391,3,HMT Watch Factory,BMS College Campus,38,0,Special,Other
BMTC,CS-89,Kurubarahalli - Kempegowda Bus Station,BR3182,3,Kurubarahalli,Kempegowda Bus Station,38,0,Ordinary,Central
BMTC,379,Central Silk Board - Tavare Kere Magadi Road,BR2106,3,Central Silk Board,Tavare Kere Magadi Road,44,0,Ordinary,Other
BMTC,168-DA,Kempegowda Bus Station - Kempegowda Bus Station,BR138,3,Kempegowda Bus Station,Kempegowda Bus Station,47,1,Special,Central
BMTC,378,Electronic City - Kengeri TTMC,BR2097,3,Electronic City,Kengeri TTMC,30,0,Ordinary,South
BMTC,241CB,Yale Kodigehalli - Kempegowda Bus Station,BR619,3,Yale Kodigehalli,Kempegowda Bus Station,41,0,Special,Central
BMTC,375,Shirke KHB Quarters - Byrasandra,BR2083,3,Shirke KHB Quarters,Byrasandra,32,0,Ordinary,Other
BMTC,374,Jayanagara Bus Stand - Thurahalli,BR2073,3,Jayanagara Bus Stand,Thurahalli,33,0,Ordinary,South
BMTC,JPNBKC-KBS,JPNagar B K Circle - Kempegowda Bus Station,BR3461,3,JPNagar B K Circle,Kempegowda Bus Station,43,0,Special,Central
BMTC,377,Kaggalipura - Nelamangala,BR2094,3,Kaggalipura,Nelamangala,25,0,Ordinary,Other
BMTC,37A,Muneshwara Block - Shivajinagar Bus Station,BR2107,3,Muneshwara Block,Shivajinagar Bus Station,43,0,Ordinary Variant,Central
BMTC,600-KD,Vijayanagara TTMC - Electronic City Wipro Gate,BR2427,3,Vijayanagara TTMC,Electronic City Wipro Gate,46,0,Special,South
BMTC,VSD-BSN,Vidhana Soudha - Basaveshwara Nagara,BR4228,3,Vidhana Soudha,Basaveshwara Nagara,36,0,Special,Other
BMTC,CS-82,Kempegowda Bus Station - Kempegowda Bus Station,BR3180,3,Kempegowda Bus Station,Kempegowda Bus Station,47,1,Ordinary,Central
BMTC,37B,Timber Yard Layout - Shivajinagar Bus Station,BR2108,3,Timber Yard Layout,Shivajinagar Bus Station,45,0,Ordinary Variant,Central
BMTC,35E,Nandhini Layout Bus Station - Gavigangadeshwara Temple,BR1934,3,Nandhini Layout Bus Station,Gavigangadeshwara Temple,54,0,Ordinary Variant,Other
BMTC,35B,Ramakrishna Ashrama - Kempegowda Bus Station,BR1933,3,Ramakrishna Ashrama,Kempegowda Bus Station,44,0,Ordinary Variant,Central
BMTC,MP-201RC,Chikkallasandra Bus Stand - CV Raman Nagara,BR3745,3,Chikkallasandra Bus Stand,CV Raman Nagara,43,0,Special,Other
BMTC,361,Krishnarajendra Market - Sidihosakote,BR1949,3,Krishnarajendra Market,Sidihosakote,37,0,Ordinary,Central
BMTC,362,Shivajinagar Bus Station - Vijaya Bank Layout,BR1955,3,Shivajinagar Bus Station,Vijaya Bank Layout,45,0,Ordinary,Central
BMTC,360,Krishnarajendra Market - Attibele,BR1936,3,Krishnarajendra Market,Attibele,33,0,Ordinary,Central
BMTC,BMT-40-BHSG,Depot 40 - Bilejaji B.S.,BR2706,3,Depot 40,Bilejaji B.S.,24,0,Special,Other
BMTC,366,Krishnarajendra Market - Bannerghatta National Park,BR1989,3,Krishnarajendra Market,Bannerghatta National Park,51,0,Ordinary,Central
BMTC,MBC-HAL,Bank Colony - HAL-LCA,BR3677,3,Bank Colony,HAL-LCA,21,0,Special,Other
BMTC,365,Kempegowda Bus Station - Bannerghatta National Park,BR1973,3,Kempegowda Bus Station,Bannerghatta National Park,51,0,Ordinary,Central
BMTC,364,Krishnarajendra Market - Yelenahalli,BR1963,3,Krishnarajendra Market,Yelenahalli,36,0,Ordinary,Central
BMTC,CS-55,Kempegowda Bus Station - Maratahalli Bridge,BR3170,3,Kempegowda Bus Station,Maratahalli Bridge,43,0,Ordinary,Central
BMTC,369,Krishnarajendra Market - Hulimavu,BR2029,3,Krishnarajendra Market,Hulimavu,33,0,Ordinary,Central
BMTC,368,Shivajinagar Bus Station - Bannerghatta National Park,BR2022,3,Shivajinagar Bus Station,Bannerghatta National Park,53,0,Ordinary,Central
BMTC,367,Krishnarajendra Market - Ramasandra,BR2016,3,Krishnarajendra Market,Ramasandra,35,0,Ordinary,Central
BMTC,BHSG-OUTD,Bilejaji B.S. - Out Door Clothing Company,BR2688,3,Bilejaji B.S.,Out Door Clothing Company,41,0,Special,Other
BMTC,NDL-BTP,Nandhini Layout Bus Station - Bagmane Teck Park,BR3800,3,Nandhini Layout Bus Station,Bagmane Teck Park,47,0,Special,Other
BMTC,36B,Girinagara Extention - Kempegowda Bus Station,BR2046,3,Girinagara Extention,Kempegowda Bus Station,45,0,Ordinary Variant,Central
BMTC,36A,Avalahalli BDA Park - Kempegowda Bus Station,BR2045,3,Avalahalli BDA Park,Kempegowda Bus Station,44,0,Ordinary Variant,Central
BMTC,GGP-MSP,Goragunte Palya - MS Palya,BR3342,3,Goragunte Palya,MS Palya,26,0,Special,Other
BMTC,34A,Banashankari 3rd Stage 2nd Phase - Shivajinagar Bus Station,BR1868,3,Banashankari 3rd Stage 2nd Phase,Shivajinagar Bus Station,59,0,Ordinary Variant,South
BMTC,285MP,Yelahanka - Doddaballapura,BR1140,3,Yelahanka,Doddaballapura,26,0,Special,North
BMTC,34B,Vivekanada Nagara - Shivajinagar Bus Station,BR1869,3,Vivekanada Nagara,Shivajinagar Bus Station,44,0,Ordinary Variant,Central
BMTC,AVLB-ORRCA,Avalahalli BDA Park - Outer Ring Road Company Association,BR2652,3,Avalahalli BDA Park,Outer Ring Road Company Association,57,0,Special,Other
BMTC,34C,Muneshwara nagara Kerekodi - Shivajinagar Bus Station,BR1870,3,Muneshwara nagara Kerekodi,Shivajinagar Bus Station,53,0,Ordinary Variant,Central
BMTC,CR-45D,Vidyapeeta Circle - KSIT COLLEGE,BR2999,3,Vidyapeeta Circle,KSIT COLLEGE,32,0,Ordinary Variant,Other
BMTC,SRS-MEBP,Sarakki Signal B S - Manyatha Embasy Business Park,BR3982,3,Sarakki Signal B S,Manyatha Embasy Business Park,50,0,Special,Other
BMTC,34F,Krishnappa Layout - Shivajinagar Bus Station,BR1871,3,Krishnappa Layout,Shivajinagar Bus Station,44,0,Ordinary Variant,Central
BMTC,CR-45B,Bhuvaneshwari Nagara Mahalakshmi Temple - Vidhana Soudha,BR2998,3,Bhuvaneshwari Nagara Mahalakshmi Temple,Vidhana Soudha,56,0,Ordinary Variant,Other
BMTC,350,Krishnarajendra Market - Adigondana Halli,BR1874,3,Krishnarajendra Market,Adigondana Halli,41,0,Ordinary,Central
BMTC,351,Krishnarajendra Market - Narayana Ghatta,BR1881,3,Krishnarajendra Market,Narayana Ghatta,40,0,Ordinary,Central
BMTC,353,Krishnarajendra Market - Ramakrishnapura,BR1890,3,Krishnarajendra Market,Ramakrishnapura,40,0,Ordinary,Central
BMTC,285MA,Cauvery Bhavana - Doddaballapura,BR1135,3,Cauvery Bhavana,Doddaballapura,32,0,Special,Other
BMTC,352,Krishnarajendra Market - Hennagara,BR1886,3,Krishnarajendra Market,Hennagara,34,0,Ordinary,Central
BMTC,355,Krishnarajendra Market - SRIRAMPURA,BR1899,3,Krishnarajendra Market,SRIRAMPURA,35,0,Ordinary,Central
BMTC,34S,Chennamma kere Achukattu - Shivajinagar Bus Station,BR1872,3,Chennamma kere Achukattu,Shivajinagar Bus Station,51,0,Ordinary Variant,Central
BMTC,354,Krishnarajendra Market - Shettihalli,BR1895,3,Krishnarajendra Market,Shettihalli,36,0,Ordinary,Central
BMTC,357,Krishnarajendra Market - Bandapura Village,BR1927,3,Krishnarajendra Market,Bandapura Village,42,0,Ordinary,Central
BMTC,SBCH-NMG,Syndicate bank Colony Andrahalli - Nelamangala,BR3919,3,Syndicate bank Colony Andrahalli,Nelamangala,46,0,Special,West
BMTC,CS-287E,Krishnarajendra Market - Cholanayakanahalli,BR3126,3,Krishnarajendra Market,Cholanayakanahalli,43,0,Ordinary Variant,Central
BMTC,356,Kempegowda Bus Station - Chandapura,BR1905,3,Kempegowda Bus Station,Chandapura,35,0,Ordinary,Central
BMTC,359,Kempegowda Bus Station - Guddahatti,BR1931,3,Kempegowda Bus Station,Guddahatti,35,0,Ordinary,Central
BMTC,285MC,Yelahanaka NES Office - Doddaballapura,BR1136,3,Yelahanaka NES Office,Doddaballapura,38,0,Special,Other
BMTC,358,Krishnarajendra Market - Mayasandra,BR1929,3,Krishnarajendra Market,Mayasandra,35,0,Ordinary,Central
BMTC,V-328B,Sarjapura Bus Stand - Hosakote Bus Stand,BR4059,3,Sarjapura Bus Stand,Hosakote Bus Stand,40,0,Ordinary Variant,Other
BMTC,285MF,Kempegowda Bus Station - Kodigehalli-Doddaballapura,BR1137,3,Kempegowda Bus Station,Kodigehalli-Doddaballapura,51,0,Special,Central
BMTC,285MG,Krishnarajendra Market - Bannimangala,BR1138,3,Krishnarajendra Market,Bannimangala,37,0,Special,Central
BMTC,285MK,Krishnarajendra Market - Doddaballapura,BR1139,3,Krishnarajendra Market,Doddaballapura,39,0,Special,Central
BMTC,V-340E,Kempegowda Bus Station - CPWD Quarters,BR4086,3,Kempegowda Bus Station,CPWD Quarters,38,0,Ordinary Variant,Central
BMTC,CR-25Q,Twinkler School - Jayanagara Bus Stand,BR2929,3,Twinkler School,Jayanagara Bus Stand,38,0,Ordinary Variant,South
BMTC,291JA,Yelahanka 5th Phase - Krishnarajendra Market,BR1246,3,Yelahanka 5th Phase,Krishnarajendra Market,44,0,Special,North
BMTC,SRKN-KBS,Shivarama karanth layout 10th Cross - Kempegowda Bus Station,BR3979,3,Shivarama karanth layout 10th Cross,Kempegowda Bus Station,60,0,Special,Central
BMTC,285AA,Mekhri Circle - Rajanukunte,BR1114,3,Mekhri Circle,Rajanukunte,27,0,Special,Other
BMTC,KMT-NGVF,Krishnarajendra Market - National Games Village Frint Gate,BR3624,3,Krishnarajendra Market,National Games Village Frint Gate,58,0,Special,Central
BMTC,CR-25H,Kempegowda Bus Station - Mind Tree,BR2928,3,Kempegowda Bus Station,Mind Tree,34,0,Ordinary Variant,Central
BMTC,CR-25G,BTM Layout Bus Stop - Kumarans School Mallasandra,BR2927,3,BTM Layout Bus Stop,Kumarans School Mallasandra,49,0,Ordinary Variant,Other
BMTC,MPAC-210AA,Kempegowda Bus Station - ISRO Layout,BR3762,3,Kempegowda Bus Station,ISRO Layout,36,0,Special,Central
BMTC,VSD-KBS-BVN2nd,Bhavani Nagara 2nd Stage - Vidhana Soudha,BR4231,3,Bhavani Nagara 2nd Stage,Vidhana Soudha,41,0,Special,Other
BMTC,D12-JP6th,BMTC Depot-12 Gate Kengeri - JP Nagara 6th Phase,BR3205,3,BMTC Depot-12 Gate Kengeri,JP Nagara 6th Phase,48,0,Special,South
BMTC,202,Kumaraswamy Layout - Yeshwanthpur TTMC,BR206,3,Kumaraswamy Layout,Yeshwanthpur TTMC,38,0,Ordinary,West
BMTC,203,JP Nagara 3rd Phase - Yeshwanthpur TTMC,BR207,3,JP Nagara 3rd Phase,Yeshwanthpur TTMC,39,0,Ordinary,South
BMTC,BMT30-HALLCA,Depot 30 - LCA,BR2758,3,Depot 30,LCA,14,0,Special,Other
BMTC,201,Srinagara - Domlur TTMC Bus Stand,BR183,3,Srinagara,Domlur TTMC Bus Stand,33,0,Ordinary,Other
BMTC,201A,Srinagara - Domlur,BR185,3,Srinagara,Domlur,18,0,Ordinary Variant,Other
BMTC,201B,Domlur TTMC Bus Stand - Girinagara 2ND Stage,BR186,3,Domlur TTMC Bus Stand,Girinagara 2ND Stage,44,0,Ordinary Variant,Other
BMTC,201H,Avalahalli BDA Park - Koramangala,BR190,3,Avalahalli BDA Park,Koramangala,33,0,Ordinary Variant,Other
BMTC,201G,Jeevan Bhimanagara Bus stand - Banashankari Bus Station,BR189,3,Jeevan Bhimanagara Bus stand,Banashankari Bus Station,55,0,Ordinary Variant,South
BMTC,201J,Padmanabha Nagara Rock - Jeevan Bhimanagara Bus stand,BR192,3,Padmanabha Nagara Rock,Jeevan Bhimanagara Bus stand,53,0,Ordinary Variant,Other
BMTC,201D,Central Silk Board - Binnamangala,BR188,3,Central Silk Board,Binnamangala,33,0,Ordinary Variant,Other
BMTC,201C,Banashankari Bus Station - Madiwala,BR187,3,Banashankari Bus Station,Madiwala,35,0,Ordinary Variant,South
BMTC,201P,Hosakerahalli village - Neela sandra,BR200,3,Hosakerahalli village,Neela sandra,36,0,Ordinary Variant,Other
BMTC,VNS-ISRO,Vidyaniketan School - ISRO Layout,BR4213,3,Vidyaniketan School,ISRO Layout,33,0,Special,Other
BMTC,201R,Srinagara - C V Ramanagra,BR202,3,Srinagara,C V Ramanagra,25,0,Ordinary Variant,Other
BMTC,201Q,Central Silk Board - Jeevan Bhimanagara Bus stand,BR201,3,Central Silk Board,Jeevan Bhimanagara Bus stand,49,0,Ordinary Variant,Other
BMTC,201L,Srinagara - Domlur TTMC Bus Stand,BR194,3,Srinagara,Domlur TTMC Bus Stand,33,0,Ordinary Variant,Other
BMTC,201K,Jaraganahalli House Building Co-Op-Society Layout - Domlur TTMC Bus Stand,BR193,3,Jaraganahalli House Building Co-Op-Society Layout,Domlur TTMC Bus Stand,73,0,Ordinary Variant,Other
BMTC,201N,Srinagara - Domlur TTMC Bus Stand,BR199,3,Srinagara,Domlur TTMC Bus Stand,33,0,Ordinary Variant,Other
BMTC,201M,Hampinagara 7th Main - Jeevan Bhimanagara Bus stand,BR195,3,Hampinagara 7th Main,Jeevan Bhimanagara Bus stand,51,0,Ordinary Variant,Other
BMTC,211,Krishnarajendra Market - Somanahalli,BR254,3,Krishnarajendra Market,Somanahalli,36,0,Ordinary,Central
BMTC,212,Krishnarajendra Market - Agara,BR277,3,Krishnarajendra Market,Agara,30,0,Ordinary,Central
BMTC,210,Krishnarajendra Market - Uttarahalli,BR209,3,Krishnarajendra Market,Uttarahalli,36,0,Ordinary,Central
BMTC,215,Krishnarajendra Market - Amruth Nagara,BR322,3,Krishnarajendra Market,Amruth Nagara,38,0,Ordinary,Central
BMTC,216,Krishnarajendra Market - Banjara Palya,BR361,3,Krishnarajendra Market,Banjara Palya,38,0,Ordinary,Central
BMTC,KSTCB-BSK,Kengeri Satellite Town Corporation Bank - Banashankari Bus Station,BR3661,3,Kengeri Satellite Town Corporation Bank,Banashankari Bus Station,66,0,Special,South
BMTC,213,Krishnarajendra Market - Ravogodlu,BR284,3,Krishnarajendra Market,Ravogodlu,34,0,Ordinary,Central
BMTC,214,Krishnarajendra Market - Tattaguppe,BR309,3,Krishnarajendra Market,Tattaguppe,35,0,Ordinary,Central
BMTC,ARSP-GLRB,Aero Space HAL - Geleyara Balaga Bus Stand,BR2627,3,Aero Space HAL,Geleyara Balaga Bus Stand,42,0,Special,Other
BMTC,219,Krishnarajendra Market - Krishnarajendra Market,BR373,3,Krishnarajendra Market,Krishnarajendra Market,47,1,Ordinary,Central
BMTC,MBS-12,Maratahalli Bridge - Annapoorneshwari Nagara,BR3679,3,Maratahalli Bridge,Annapoorneshwari Nagara,44,0,Ordinary,Other
BMTC,MBS-15,Kadugodi - Nagarabhavi Circle,BR3681,3,Kadugodi,Nagarabhavi Circle,29,0,Ordinary,East
BMTC,217,Sompura - Krishnarajendra Market,BR364,3,Sompura,Krishnarajendra Market,32,0,Ordinary,Central
BMTC,MBS-14,JP Nagara 3rd Phase - Ramakrishna Hegde Nagara,BR3680,3,JP Nagara 3rd Phase,Ramakrishna Hegde Nagara,46,0,Ordinary,South
BMTC,218,Kambipura - Krishnarajendra Market,BR370,3,Kambipura,Krishnarajendra Market,34,0,Ordinary,Central
BMTC,359A,Kempegowda Bus Station - Adigondana Halli,BR1932,3,Kempegowda Bus Station,Adigondana Halli,41,0,Ordinary Variant,Central
BMTC,MBS-17,Jalahalli Cross - Kala Mandir Marathalli,BR3682,3,Jalahalli Cross,Kala Mandir Marathalli,40,0,Ordinary,North
BMTC,285CA,Krishnarajendra Market - Jinke Bachahalli,BR1117,3,Krishnarajendra Market,Jinke Bachahalli,41,0,Special,Central
BMTC,285CC,Krishnarajendra Market - Chikka Tumakur,BR1119,3,Krishnarajendra Market,Chikka Tumakur,39,0,Special,Central
BMTC,MBS-18,Jayanagara 9th Block - Sunkadakatte,BR3683,3,Jayanagara 9th Block,Sunkadakatte,35,0,Ordinary,South
BMTC,285CB,Krishnarajendra Market - Kakkehalli,BR1118,3,Krishnarajendra Market,Kakkehalli,35,0,Special,Central
BMTC,MEBP-MSC,Manyatha Embasy Business Park - Arekere MICO Layout,BR3714,3,Manyatha Embasy Business Park,Arekere MICO Layout,51,0,Special,Other
BMTC,MBS-11,Jambu Savari Dinne - Vishwanatha Nagenahalli,BR3678,3,Jambu Savari Dinne,Vishwanatha Nagenahalli,44,0,Ordinary,Other
BMTC,CR-27E,JP Nagara 3rd Phase - Attibele,BR2931,3,JP Nagara 3rd Phase,Attibele,30,0,Ordinary Variant,South
BMTC,V-401BV,Orian Mall Yeshwanthpura - Yelahanaka NES Office,BR4114,3,Orian Mall Yeshwanthpura,Yelahanaka NES Office,48,0,Special,West
BMTC,221,Krishnarajendra Market - Gulganjanahalli,BR380,3,Krishnarajendra Market,Gulganjanahalli,40,0,Ordinary,Central
BMTC,222,Kengeri Satelite Town - Krishnarajendra Market,BR391,3,Kengeri Satelite Town,Krishnarajendra Market,46,0,Ordinary,South
BMTC,223,Krishnarajendra Market - Mallathahalli,BR401,3,Krishnarajendra Market,Mallathahalli,38,0,Ordinary,Central
BMTC,224,Krishnarajendra Market - Karubele,BR416,3,Krishnarajendra Market,Karubele,33,0,Ordinary,Central
BMTC,MEBP-VPLO,Manyatha Embasy Business Park - Vishwapriya Layout,BR3721,3,Manyatha Embasy Business Park,Vishwapriya Layout,50,0,Special,Other
BMTC,225,Channasandra - Krishnarajendra Market,BR422,3,Channasandra,Krishnarajendra Market,37,0,Ordinary,Central
BMTC,KBR-NDH,Nagadevanahalli Kengeri - Kaval Byrasandra,BR3515,3,Nagadevanahalli Kengeri,Kaval Byrasandra,42,0,Special,South
BMTC,226,Billa Kempanahalli - Krishnarajendra Market,BR443,3,Billa Kempanahalli,Krishnarajendra Market,43,0,Ordinary,Central
BMTC,227,Krishnarajendra Market - Ramohalli,BR474,3,Krishnarajendra Market,Ramohalli,34,0,Ordinary,Central
BMTC,228,Krishnarajendra Market - Gonipura,BR510,3,Krishnarajendra Market,Gonipura,33,0,Ordinary,Central
BMTC,229,Gaviyana Palya - Krishnarajendra Market,BR521,3,Gaviyana Palya,Krishnarajendra Market,39,0,Ordinary,Central
BMTC,285DA,Yelahanaka NES Office - Hesaraghatta,BR1121,3,Yelahanaka NES Office,Hesaraghatta,36,0,Special,Other
BMTC,242ZD,Kallur - Kempegowda Bus Station,BR681,3,Kallur,Kempegowda Bus Station,31,0,Special,Central
BMTC,MP-362B,Beguru - Ganganagara HMT Layout,BR3751,3,Beguru,Ganganagara HMT Layout,31,0,Ordinary Variant,Other
BMTC,KYB-LCA,Kaval Byrasandra - LCA,BR3667,3,Kaval Byrasandra,LCA,22,0,Special,Other
BMTC,MP-362C,Shivajinagar Bus Station - Beguru,BR3752,3,Shivajinagar Bus Station,Beguru,33,0,Ordinary Variant,Central
BMTC,KDH-BMT14,Kodigehalli - BMT14,BR3572,3,Kodigehalli,BMT14,19,0,Ordinary,Other
BMTC,242ZB,Kallur - Krishnarajendra Market,BR679,3,Kallur,Krishnarajendra Market,31,0,Special,Central
BMTC,242ZC,Kothaganahalli - Krishnarajendra Market,BR680,3,Kothaganahalli,Krishnarajendra Market,39,0,Special,Central
BMTC,JFWTC-WGB,JFWTC - Wilson Garden police Station,BR3445,3,JFWTC,Wilson Garden police Station,36,0,Special,Other
BMTC,CR-600G,ISRO Layout - Electronic City Wipro Gate,BR3018,3,ISRO Layout,Electronic City Wipro Gate,40,0,Ordinary Variant,Other
BMTC,CS-291H,Kempegowda Bus Station - Ramakrishna Hegde Nagara,BR3129,3,Kempegowda Bus Station,Ramakrishna Hegde Nagara,49,0,Ordinary Variant,Central
BMTC,CR-600F,Attibele - Rajarajeshwarinagar Swargarani School,BR3017,3,Attibele,Rajarajeshwarinagar Swargarani School,48,0,Ordinary Variant,Other
BMTC,BMT10-HENB,Depot 10 - Ramakrishna Hegde Nagara,BR2712,3,Depot 10,Ramakrishna Hegde Nagara,35,0,Special,Other
BMTC,RRNG-INF,Rajarajeshwarinagara Gate - Infosys,BR3910,3,Rajarajeshwarinagara Gate,Infosys,35,0,Special,Other
BMTC,CS-291J,Ramakrishna Hegde Nagara - Krishnarajendra Market,BR3130,3,Ramakrishna Hegde Nagara,Krishnarajendra Market,49,0,Ordinary Variant,Central
BMTC,VMM-D3,Maruthi mandira - BMTC Depot-03,BR4203,3,Maruthi mandira,BMTC Depot-03,31,0,Ordinary,Other
BMTC,CBI-ITPL,CBI Office - ITPL,BR2831,3,CBI Office,ITPL,17,0,Special,East
BMTC,CS-146D,Regional Passport Office - Kempegowda Bus Station,BR3082,3,Regional Passport Office,Kempegowda Bus Station,49,0,Ordinary Variant,Central
BMTC,BMT40-DSP,Depot 40 - Dasanapura,BR2768,3,Depot 40,Dasanapura,21,0,Special,Other
BMTC,CS-500,Banashankari Bus Station - Banashankari Bus Station,BR3166,3,Banashankari Bus Station,Banashankari Bus Station,51,1,Ordinary,South
BMTC,CR-G-1,BMTC Depot-6 - Kadugodi,BR3026,3,BMTC Depot-6,Kadugodi,23,0,Ordinary,East
BMTC,BMH-JBN,Bommanahalli - Jeevan Bhimanagara Bus stand,BR2698,3,Bommanahalli,Jeevan Bhimanagara Bus stand,43,0,Special,Other
BMTC,CS-290M,Kempegowda Bus Station - Telecom Layout,BR3128,3,Kempegowda Bus Station,Telecom Layout,39,0,Ordinary Variant,Central
BMTC,STJW-MEBP,St John Wood Apartments - Manyatha Embasy Business Park,BR3984,3,St John Wood Apartments,Manyatha Embasy Business Park,55,0,Special,Other
BMTC,KBS-KGSNP,Kempegowda Bus Station - KG Shrinivaspura,BR3546,3,Kempegowda Bus Station,KG Shrinivaspura,41,0,Special,Central
BMTC,ABISRO-KBS,Arybhata ISRO Head Office - Kempegowda Bus Station,BR2591,3,Arybhata ISRO Head Office,Kempegowda Bus Station,50,0,Special,Central
BMTC,BMEU-BMES,BM English School Ulsoor - BM English School Bellahalli,BR2695,3,BM English School Ulsoor,BM English School Bellahalli,55,0,Special,Other
BMTC,D2-SNBS,Depot-02 - Shanthinagar TTMC,BR3218,3,Depot-02,Shanthinagar TTMC,28,0,Special,Other
BMTC,367CA,Krishnarajendra Market - Chinnaiahna Palya,BR2019,3,Krishnarajendra Market,Chinnaiahna Palya,42,0,Special,Central
BMTC,CR600,Rajarajeshwarinagar Swargarani School - BOSCH- Bommamahalli,BR3060,3,Rajarajeshwarinagar Swargarani School,BOSCH- Bommamahalli,59,0,Ordinary,Other
BMTC,V-403A,Shirke Bus Stand - Kempegowda Bus Station,BR4118,3,Shirke Bus Stand,Kempegowda Bus Station,41,0,Ordinary Variant,Central
BMTC,500C,Central Silk Board - KR Puram,BR2324,3,Central Silk Board,KR Puram,29,0,Ordinary Variant,East
BMTC,JPV-29B,Shivajinagar Bus Station - Umara Bhagh Layout,BR3482,3,Shivajinagar Bus Station,Umara Bhagh Layout,45,0,Ordinary Variant,Central
BMTC,500D,Hebbala Bridge - Central Silk Board,BR2328,3,Hebbala Bridge,Central Silk Board,35,0,Ordinary Variant,North
BMTC,500A,BANASHANKARI TTMC - Hebbala,BR2318,3,BANASHANKARI TTMC,Hebbala,27,0,Ordinary Variant,North
BMTC,V-342A,KR Market - Sarjapura,BR4088,3,KR Market,Sarjapura,21,0,Ordinary Variant,Central
BMTC,500B,Yeshwanthpura TTMC - Central Silk Board,BR2322,3,Yeshwanthpura TTMC,Central Silk Board,39,0,Ordinary Variant,West
BMTC,TCP-HBL,Tambuchettipalya - Hebbala Bridge,BR3991,3,Tambuchettipalya,Hebbala Bridge,33,0,Special,North
BMTC,V-342F,Kempegowda Bus Station - Sarjapura,BR4089,3,Kempegowda Bus Station,Sarjapura,34,0,Ordinary Variant,Central
BMTC,VBN-BTP,Veerabhadranagar - Bagmane Teck Park,BR4192,3,Veerabhadranagar,Bagmane Teck Park,36,0,Special,Other
BMTC,500AL,BANASHANKARI TTMC - BEL Circle,BR2321,3,BANASHANKARI TTMC,BEL Circle,30,0,Special,South
BMTC,V-342H,Sarjapura Bus Stand - St John Hospital,BR4092,3,Sarjapura Bus Stand,St John Hospital,38,0,Ordinary Variant,Other
BMTC,CS-210A,Kempegowda Bus Station - ISRO Layout,BR3100,3,Kempegowda Bus Station,ISRO Layout,36,0,Ordinary Variant,Central
BMTC,BSK-NDH,BANASHANKARI TTMC - Nagadevanahalli Kengeri,BR2801,3,BANASHANKARI TTMC,Nagadevanahalli Kengeri,43,0,Special,South
BMTC,500T,Hebbala Bridge - Marathahalli Bridge,BR2346,3,Hebbala Bridge,Marathahalli Bridge,36,0,Ordinary Variant,North
BMTC,500R,Hebbala Bridge - Nerige,BR2345,3,Hebbala Bridge,Nerige,23,0,Ordinary Variant,North
BMTC,500Q,KR Puram - Chowdeshwari Bus Stop,BR2340,3,KR Puram,Chowdeshwari Bus Stop,32,0,Ordinary Variant,East
BMTC,BRWNR-SBS,Beereshwaralayout - Shivajinagar Bus Station,BR2793,3,Beereshwaralayout,Shivajinagar Bus Station,44,0,Special,Central
BMTC,500BA,Yeshwanthpur TTMC - Maratahalli Bridge,BR2323,3,Yeshwanthpur TTMC,Maratahalli Bridge,38,0,Special,West
BMTC,500H,Chandapura - KR Puram,BR2338,3,Chandapura,KR Puram,21,0,Ordinary Variant,East
BMTC,500G,Devasandra Chikkamaranahalli - Central Silk Board,BR2337,3,Devasandra Chikkamaranahalli,Central Silk Board,49,0,Ordinary Variant,Other
BMTC,500F,Central Silk Board - Kadugodi,BR2336,3,Central Silk Board,Kadugodi,29,0,Ordinary Variant,East
BMTC,500E,BTM water Tank - Kadugodi,BR2335,3,BTM water Tank,Kadugodi,25,0,Ordinary Variant,East
BMTC,CPR-JPN6thPhase,Chandapura - JPNagara 6th Phase,BR2876,3,Chandapura,JPNagara 6th Phase,31,0,Special,Other
BMTC,500L,BANASHANKARI TTMC - Tin Factory,BR2339,3,BANASHANKARI TTMC,Tin Factory,31,0,Ordinary Variant,South
BMTC,GEC-SBS,Golden Enclave - Shivajinagar Bus Station,BR3339,3,Golden Enclave,Shivajinagar Bus Station,41,0,Special,Central
BMTC,RMC-ADT,Richmond Road Tower - Adithi School,BR3907,3,Richmond Road Tower,Adithi School,35,0,Special,Other
BMTC,K-6,Jambu Savari Dinne - Kalyananagara Bus Stand,BR3509,3,Jambu Savari Dinne,Kalyananagara Bus Stand,44,0,Ordinary,Other
BMTC,GABN-KTP502FB,Globale Academy Bangarappa Nagara - Kottige Palya Magadi Road,BR3332,3,Globale Academy Bangarappa Nagara,Kottige Palya Magadi Road,61,0,Special,Other
BMTC,K-3,Basaveshwara Nagara - CPWD Quarters,BR3506,3,Basaveshwara Nagara,CPWD Quarters,35,0,Ordinary,Other
BMTC,K-2,Hebbala - Bapuji Nagara,BR3505,3,Hebbala,Bapuji Nagara,23,0,Ordinary,North
BMTC,K-5,Yellu Kunte - Mallasandra Bagalagunte,BR3508,3,Yellu Kunte,Mallasandra Bagalagunte,37,0,Ordinary,Other
BMTC,K-4,Nagarabhavi BDA Complex - CV Raman Nagara,BR3507,3,Nagarabhavi BDA Complex,CV Raman Nagara,41,0,Ordinary,Other
BMTC,K-1,Central Silk Board - Yeshwanthapura New Railway Station,BR3504,3,Central Silk Board,Yeshwanthapura New Railway Station,55,0,Ordinary,Other
BMTC,SCS-CHK,Chunchanakuppe - St. Clare School,BR3940,3,Chunchanakuppe,St. Clare School,33,0,Special,Other
BMTC,500AB,BANASHANKARI TTMC - Hebbala,BR2320,3,BANASHANKARI TTMC,Hebbala,27,0,Special,North
BMTC,500AA,Jn of Marathalli Bridge - Yelahanka Satelite Town 4th Phase,BR2319,3,Jn of Marathalli Bridge,Yelahanka Satelite Town 4th Phase,59,0,Special,North
BMTC,CS-210T,Hebbala Bridge - Central Silk Board,BR3101,3,Hebbala Bridge,Central Silk Board,35,0,Ordinary Variant,North
BMTC,CS-210V,Central Silk Board - Kadugodi,BR3102,3,Central Silk Board,Kadugodi,29,0,Ordinary Variant,East
BMTC,MRHB-AMD,Marathahalli Bridge - AMD Private Limited,BR3768,3,Marathahalli Bridge,AMD Private Limited,41,0,Special,Other
BMTC,353E,Krishnarajendra Market - Hinnakki,BR1894,3,Krishnarajendra Market,Hinnakki,33,0,Ordinary Variant,Central
BMTC,CPR-RMH,Chandapura - Rachamanahalli Attibele Road,BR2877,3,Chandapura,Rachamanahalli Attibele Road,41,0,Special,Other
BMTC,353C,Kempegowda Bus Station - Jigani Bus Stand,BR1893,3,Kempegowda Bus Station,Jigani Bus Stand,41,0,Ordinary Variant,Central
BMTC,353A,Krishnarajendra Market - Rajapura,BR1891,3,Krishnarajendra Market,Rajapura,33,0,Ordinary Variant,Central
BMTC,HBL-KRP,Hebbala - KR Puram,BR3377,3,Hebbala,KR Puram,18,0,Special,North
BMTC,353B,Huskur - Jigani,BR1892,3,Huskur,Jigani,15,0,Ordinary Variant,Other
BMTC,GJH-VNC,Gejjagadahalli - Vinayakanagara Cross D-43,BR3345,3,Gejjagadahalli,Vinayakanagara Cross D-43,42,0,Special,Other
BMTC,CRN-45G,Kempegowda Bus Station - BMTC Depot-13,BR3064,3,Kempegowda Bus Station,BMTC Depot-13,38,0,Ordinary Variant,Central
BMTC,TGP-BTP,Thalaghattapura - Bagmane Teck Park,BR3995,3,Thalaghattapura,Bagmane Teck Park,35,0,Special,Other
BMTC,V-401K,Kengeri TTMC - Yelahanka,BR4115,3,Kengeri TTMC,Yelahanka,24,0,Ordinary Variant,North
BMTC,BMT14-KNPC,Depot 14 - K NarayanaPura Cross,BR2737,3,Depot 14,K NarayanaPura Cross,31,0,Special,Other
BMTC,KST-HST,Hoysala Circle Kengeri Satellite Town - Hullala Upanagara,BR3660,3,Hoysala Circle Kengeri Satellite Town,Hullala Upanagara,57,0,Special,South
BMTC,242PA,Huluvenahalli Gate - Krishnarajendra Market,BR660,3,Huluvenahalli Gate,Krishnarajendra Market,43,0,Special,Central
BMTC,KBS-DVG,Devagere - Kempegowda Bus Station,BR3535,3,Devagere,Kempegowda Bus Station,33,0,Special,Central
BMTC,KBS-DVH,Kempegowda Bus Station - Devanahalli,BR3536,3,Kempegowda Bus Station,Devanahalli,36,0,Special,Central
BMTC,ADT-CCRL,Adithi School - Casappa Cola Residency Road,BR2595,3,Adithi School,Casappa Cola Residency Road,43,0,Special,Other
BMTC,354B,Kempegowda Bus Station - Shettihalli,BR1897,3,Kempegowda Bus Station,Shettihalli,36,0,Ordinary Variant,Central
BMTC,354C,Kempegowda Bus Station - MARSUR,BR1898,3,Kempegowda Bus Station,MARSUR,31,0,Ordinary Variant,Central
BMTC,TGP-BSK,Talaghattapura Police Station - Banashankari Bus Station,BR3994,3,Talaghattapura Police Station,Banashankari Bus Station,56,0,Special,South
BMTC,V-402T,Yehanka 5th phase - ITPL,BR4117,3,Yehanka 5th phase,ITPL,24,0,Ordinary Variant,East
BMTC,Depot28-THL,DEPOT-28 - Thindlu,BR3276,3,DEPOT-28,Thindlu,18,0,Special,Other
BMTC,CS-141B,Shivajinagar Bus Station - Koramangala 8th Block,BR3080,3,Shivajinagar Bus Station,Koramangala 8th Block,48,0,Ordinary Variant,Central
BMTC,354A,Krishnarajendra Market - Marasur,BR1896,3,Krishnarajendra Market,Marasur,32,0,Ordinary Variant,Central
BMTC,HGV-NML,Hesaraghatta Village - Nelamangala,BR3387,3,Hesaraghatta Village,Nelamangala,34,0,Special,Other
BMTC,351A,Kempegowda Bus Station - Narayana Ghatta,BR1882,3,Kempegowda Bus Station,Narayana Ghatta,40,0,Ordinary Variant,Central
BMTC,ODC-KGR,Kengeri TTMC - Out Door Clothing Company,BR3835,3,Kengeri TTMC,Out Door Clothing Company,40,0,Special,South
BMTC,KHBQ-JNVS,Shirke KHB Quarters - Jnanakshi Vidyanikathna School,BR3588,3,Shirke KHB Quarters,Jnanakshi Vidyanikathna School,52,0,Special,Other
BMTC,HSMH-ADT,Hosmat Hospital - Adithi School,BR3403,3,Hosmat Hospital,Adithi School,31,0,Special,Other
BMTC,351C,Krishnarajendra Market - Ramasagara,BR1883,3,Krishnarajendra Market,Ramasagara,35,0,Ordinary Variant,Central
BMTC,NICE-6,Basaveshwara Nagara Circle - Electronic City Wipro Gate,BR3812,3,Basaveshwara Nagara Circle,Electronic City Wipro Gate,55,0,Ordinary,Other
BMTC,NICE-7,Vidyaranyapura - Electronic City Wipro Gate,BR3813,3,Vidyaranyapura,Electronic City Wipro Gate,43,0,Ordinary,North
BMTC,351J,Kempegowda Bus Station - Handenahalli,BR1885,3,Kempegowda Bus Station,Handenahalli,37,0,Ordinary Variant,Central
BMTC,NICE-4,Vijayanagara TTMC - Electronic City Wipro Gate,BR3809,3,Vijayanagara TTMC,Electronic City Wipro Gate,46,0,Ordinary,South
BMTC,NICE-5,BEML Layout 5th Stage - Electronic City Wipro Gate,BR3810,3,BEML Layout 5th Stage,Electronic City Wipro Gate,50,0,Ordinary,Other
BMTC,351H,Krishnarajendra Market - Singena Agrahara,BR1884,3,Krishnarajendra Market,Singena Agrahara,41,0,Ordinary Variant,Central
BMTC,NICE-2,BANASHANKARI TTMC - Electronic City Wipro Gate,BR3806,3,BANASHANKARI TTMC,Electronic City Wipro Gate,46,0,Ordinary,South
BMTC,BMT14-HBL,BMT14 - Hebbala,BR2736,3,BMT14,Hebbala,15,0,Special,North
BMTC,KRPRS-BGLC,KR Puram Railway Station - Bagaluru Cross,BR3650,3,KR Puram Railway Station,Bagaluru Cross,41,0,Special,East
BMTC,258GA,Bommashetta Halli - Krishnarajendra Market,BR908,3,Bommashetta Halli,Krishnarajendra Market,42,0,Special,Central
BMTC,352A,Kempegowda Bus Station - Hennagara,BR1887,3,Kempegowda Bus Station,Hennagara,34,0,Ordinary Variant,Central
BMTC,352B,Kempegowda Bus Station - Mahadeshwara Layout,BR1888,3,Kempegowda Bus Station,Mahadeshwara Layout,44,0,Ordinary Variant,Central
BMTC,352E,Krishnarajendra Market - Mahadeshwara Layout,BR1889,3,Krishnarajendra Market,Mahadeshwara Layout,44,0,Ordinary Variant,Central
BMTC,242RA,Karikallu - Krishnarajendra Market,BR663,3,Karikallu,Krishnarajendra Market,34,0,Special,Central
BMTC,BMT10-HBH,Depot 10 - Hebbala Baptists Hospital,BR2710,3,Depot 10,Hebbala Baptists Hospital,36,0,Special,North
BMTC,BOSCH-BSK,BOSCH- Bommamahalli - Banashankari Bus Station,BR2783,3,BOSCH- Bommamahalli,Banashankari Bus Station,46,0,Special,South
BMTC,258AB,Pillahalli colony - Kempegowda Bus Station,BR899,3,Pillahalli colony,Kempegowda Bus Station,42,0,Special,Central
BMTC,VDH-ASK,Vaderahalli - Arishinakunte,BR4196,3,Vaderahalli,Arishinakunte,27,0,Special,Other
BMTC,PHS-36,Krishnarajendra Market - Ravogodlu,BR3851,3,Krishnarajendra Market,Ravogodlu,34,0,Ordinary,Central
BMTC,MRH-RBILO,Jn of Marathalli Bridge - RBI Layout,BR3767,3,Jn of Marathalli Bridge,RBI Layout,36,0,Special,Other
BMTC,357A,Krishnarajendra Market - Madiwala Village Market,BR1928,3,Krishnarajendra Market,Madiwala Village Market,48,0,Ordinary Variant,Central
BMTC,VNS-KBR,Vidyaniketan School - Kaval Byrasandra Bus Stand,BR4214,3,Vidyaniketan School,Kaval Byrasandra Bus Stand,48,0,Special,Other
BMTC,242TD,Banasawadi - Krishnarajendra Market,BR668,3,Banasawadi,Krishnarajendra Market,35,0,Special,Central
BMTC,BMT-24-ISLH,Depot 24 - Isolation Hospital,BR2703,3,Depot 24,Isolation Hospital,29,0,Special,Other
BMTC,242TE,Soladevana Halli - Krishnarajendra Market,BR669,3,Soladevana Halli,Krishnarajendra Market,41,0,Special,Central
BMTC,356Z,Anekal - Chandapura,BR1925,3,Anekal,Chandapura,19,0,Ordinary Variant,Other
BMTC,BMT30-TDL,Depot 30 - Thindlu,BR2765,3,Depot 30,Thindlu,18,0,Special,Other
BMTC,DEPOT-25-HSRKEB,DEPOT-25 HSR Layout - HSRKEB,BR3253,3,DEPOT-25 HSR Layout,HSRKEB,28,0,Special,Other
BMTC,BMT14-HAL,BMT14 - LCA,BR2735,3,BMT14,LCA,11,0,Special,Other
BMTC,PLHS-YBS,Pillahalli colony - Yeshwanthpur TTMC,BR3887,3,Pillahalli colony,Yeshwanthpur TTMC,37,0,Special,West
BMTC,BMT30-JDL,Depot 30 - Karnataka Judical Academy,BR2760,3,Depot 30,Karnataka Judical Academy,36,0,Special,Other
BMTC,MBS-20,Laggere - Kamakya Talkies,BR3685,3,Laggere,Kamakya Talkies,25,0,Ordinary,Other
BMTC,242TA,Mantanakurchi - Krishnarajendra Market,BR665,3,Mantanakurchi,Krishnarajendra Market,38,0,Special,Central
BMTC,242TC,Nelamangala - Krishnarajendra Market,BR667,3,Nelamangala,Krishnarajendra Market,36,0,Special,Central
BMTC,MBS-21,Chandapura - MEI Layout,BR3686,3,Chandapura,MEI Layout,23,0,Ordinary,Other
BMTC,242TB,Kanuvanahalli - Krishnarajendra Market,BR666,3,Kanuvanahalli,Krishnarajendra Market,38,0,Special,Central
BMTC,155A,Shivajinagar Bus Station - KP Agrahara 16th cross,BR109,3,Shivajinagar Bus Station,KP Agrahara 16th cross,49,0,Ordinary Variant,Central
BMTC,BMT10-JBN,Depot 10 - Jai Bharath Nagara,BR2715,3,Depot 10,Jai Bharath Nagara,29,0,Special,Other
BMTC,PHS-41,Banashankari Bus Station - Maratahalli Bridge,BR3852,3,Banashankari Bus Station,Maratahalli Bridge,45,0,Ordinary,South
BMTC,MBS-24,Rajarajeshwari Temple - Kadugodi,BR3687,3,Rajarajeshwari Temple,Kadugodi,32,0,Ordinary,East
BMTC,MBS-25,Shirke KHB Quarters - Infosys Parking Lot,BR3688,3,Shirke KHB Quarters,Infosys Parking Lot,41,0,Ordinary,Other
BMTC,358A,Kempegowda Bus Station - Samanduru,BR1930,3,Kempegowda Bus Station,Samanduru,34,0,Ordinary Variant,Central
BMTC,JPV-201,Srinagara - Domlur TTMC Bus Stand,BR3475,3,Srinagara,Domlur TTMC Bus Stand,33,0,Ordinary,Other
BMTC,258CB,Nelamangala - Yeshwanthpura TTMC,BR903,3,Nelamangala,Yeshwanthpura TTMC,32,0,Special,West
BMTC,258CC,Nelamangala - Kempegowda Bus Station,BR904,3,Nelamangala,Kempegowda Bus Station,36,0,Special,Central
BMTC,355Q,Kempegowda Bus Station - Dyavasandra,BR1904,3,Kempegowda Bus Station,Dyavasandra,36,0,Ordinary Variant,Central
BMTC,CR-G1,Kadugodi - Ganjoor,BR3027,3,Kadugodi,Ganjoor,18,0,Ordinary,East
BMTC,355E,Kempegowda Bus Station - Bandenallasandra,BR1903,3,Kempegowda Bus Station,Bandenallasandra,41,0,Ordinary Variant,Central
BMTC,355D,K R Puram - Jigani APC Cricle,BR1902,3,K R Puram,Jigani APC Cricle,29,0,Ordinary Variant,Other
BMTC,355C,Kempegowda Bus Station - Jigani APC Circle,BR1901,3,Kempegowda Bus Station,Jigani APC Circle,42,0,Ordinary Variant,Central
BMTC,CR-N-129,Shivajinagar Bus Station - Vidhana Soudha,BR3031,3,Shivajinagar Bus Station,Vidhana Soudha,41,0,Ordinary,Central
BMTC,SNBS-SMH,Summanahalli Magadi Road - Shanthinagar TTMC,BR3963,3,Summanahalli Magadi Road,Shanthinagar TTMC,44,0,Special,Other
BMTC,258BN,Yeshwanthapura New Railway Station - BTM Bus Stand,BR901,3,Yeshwanthapura New Railway Station,BTM Bus Stand,50,0,Special,Other
BMTC,355A,Kempegowda Bus Station - SRIRAMPURA,BR1900,3,Kempegowda Bus Station,SRIRAMPURA,35,0,Ordinary Variant,Central
BMTC,201S,Banashankari Bus Station - Domlur TTMC Bus Stand,BR203,3,Banashankari Bus Station,Domlur TTMC Bus Stand,48,0,Ordinary Variant,South
BMTC,SBS-CSB,Shivajinagar Bus Station - Central Silk Board,BR3930,3,Shivajinagar Bus Station,Central Silk Board,45,0,Special,Central
BMTC,201V,Jayanagara Bus Stand - Neela sandra,BR205,3,Jayanagara Bus Stand,Neela sandra,35,0,Ordinary Variant,South
BMTC,201U,AGS Layout - Baiyappanahalli Satellite Bus Station,BR204,3,AGS Layout,Baiyappanahalli Satellite Bus Station,50,0,Ordinary Variant,Other
BMTC,356M,Kempegowda Bus Station - Anekal,BR1922,3,Kempegowda Bus Station,Anekal,31,0,Ordinary Variant,Central
BMTC,NLO-BRWNR,Nandini Layout - Beereshwaralayout,BR3822,3,Nandini Layout,Beereshwaralayout,34,0,Special,Other
BMTC,356P,Basaveshwara Nagara - Electronic City,BR1923,3,Basaveshwara Nagara,Electronic City,37,0,Ordinary Variant,Other
BMTC,356S,Krishnarajendra Market - Chikkallasandra Bus Stand,BR1924,3,Krishnarajendra Market,Chikkallasandra Bus Stand,50,0,Ordinary Variant,Central
BMTC,356E,Kempegowda Bus Station - HELLELLIGE,BR1915,3,Kempegowda Bus Station,HELLELLIGE,35,0,Ordinary Variant,Central
BMTC,356D,Kempegowda Bus Station - Ittina Neela Apartment,BR1914,3,Kempegowda Bus Station,Ittina Neela Apartment,47,0,Ordinary Variant,Central
BMTC,242VA,Sugganahalli - Krishnarajendra Market,BR672,3,Sugganahalli,Krishnarajendra Market,37,0,Special,Central
BMTC,BMT30-BEL,Depot 30 - BEL Parking Lot,BR2756,3,Depot 30,BEL Parking Lot,26,0,Special,Other
BMTC,356F,Krishnarajendra Market - Adusonnahatti Cross,BR1917,3,Krishnarajendra Market,Adusonnahatti Cross,44,0,Ordinary Variant,Central
BMTC,242VC,Krishnarajendra Market - Bidadi,BR674,3,Krishnarajendra Market,Bidadi,31,0,Special,Central
BMTC,242VB,Annekarana Halli - Krishnarajendra Market,BR673,3,Annekarana Halli,Krishnarajendra Market,41,0,Special,Central
BMTC,356H,Kempegowda Bus Station - Surya City,BR1918,3,Kempegowda Bus Station,Surya City,35,0,Ordinary Variant,Central
BMTC,356K,Krishnarajendra Market - Neraluru,BR1921,3,Krishnarajendra Market,Neraluru,33,0,Ordinary Variant,Central
BMTC,356J,Electronic City - Yelahanka Satelite Town 5th Phase,BR1919,3,Electronic City,Yelahanka Satelite Town 5th Phase,51,0,Ordinary Variant,North
BMTC,NMG-JKLO,Nelamangala - Jakkur Layout,BR3827,3,Nelamangala,Jakkur Layout,27,0,Special,Other
BMTC,JPV-225,Bangarappa Nagara - Kengeri TTMC,BR3477,3,Bangarappa Nagara,Kengeri TTMC,32,0,Ordinary,South
BMTC,356A,Kempegowda Bus Station - Thattaguppe,BR1906,3,Kempegowda Bus Station,Thattaguppe,36,0,Ordinary Variant,Central
BMTC,356B,karpoora - Krishnarajendra Market,BR1907,3,karpoora,Krishnarajendra Market,33,0,Ordinary Variant,Central
BMTC,356C,Kempegowda Bus Station - Electronic City Wipro Gate,BR1908,3,Kempegowda Bus Station,Electronic City Wipro Gate,51,0,Ordinary Variant,Central
BMTC,CS-364H,Kempegowda Bus Station - Arekere BTS Layout,BR3150,3,Kempegowda Bus Station,Arekere BTS Layout,43,0,Ordinary Variant,Central
BMTC,ELC-MEBP,Electronic City - Manyatha Embasy Business Park,BR3300,3,Electronic City,Manyatha Embasy Business Park,47,0,Special,Other
BMTC,CBS-SBS,Chikkabettahalli - Shivajinagar Bus Station,BR2834,3,Chikkabettahalli,Shivajinagar Bus Station,43,0,Special,Central
BMTC,NBVSC--KBS,Nrupatunga Nagar - Kempegowda Bus Station,BR3794,3,Nrupatunga Nagar,Kempegowda Bus Station,41,0,Special,Central
BMTC,FDR-2,Vasanthapura - Vasanthapura,BR3309,3,Vasanthapura,Vasanthapura,27,1,Ordinary,Other
BMTC,FDR-1,Vasanthapura - Vasanthapura,BR3305,3,Vasanthapura,Vasanthapura,27,1,Ordinary,Other
BMTC,FDR-4,Chikkallasandra Bus Stand - Chikkallasandra Bus Stand,BR3311,3,Chikkallasandra Bus Stand,Chikkallasandra Bus Stand,53,1,Ordinary,Other
BMTC,FDR-3,Chandapura - Uraganadoddi Bannerughatta Area,BR3310,3,Chandapura,Uraganadoddi Bannerughatta Area,44,0,Ordinary,Other
BMTC,FDR-6,Chikkallasandra Bus Stand - Chikkallasandra Bus Stand,BR3313,3,Chikkallasandra Bus Stand,Chikkallasandra Bus Stand,53,1,Ordinary,Other
BMTC,507B.,K R Puram - Peenya 2nd stage,BR2396,3,K R Puram,Peenya 2nd stage,28,0,Ordinary,North
BMTC,MEICL-KBS,MEI Colony - Kempegowda Bus Station,BR3723,3,MEI Colony,Kempegowda Bus Station,35,0,Special,Central
BMTC,FDR-5,Chikkallasandra Bus Stand - Chikkallasandra Bus Stand,BR3312,3,Chikkallasandra Bus Stand,Chikkallasandra Bus Stand,53,1,Ordinary,Other
BMTC,FDR-8,Uttarahalli - Banashankari 3rd Stage 2nd Phase,BR3315,3,Uttarahalli,Banashankari 3rd Stage 2nd Phase,46,0,Ordinary,South
BMTC,FDR-7,Chikkallasandra Bus Stand - Chikkallasandra Bus Stand,BR3314,3,Chikkallasandra Bus Stand,Chikkallasandra Bus Stand,53,1,Ordinary,Other
BMTC,SBS-DNH,Shivajinagar Bus Station - Dasanayakanahalli,BR3931,3,Shivajinagar Bus Station,Dasanayakanahalli,44,0,Special,Central
BMTC,CR-95,Anekal - Infosys,BR3022,3,Anekal,Infosys,16,0,Ordinary,Other
BMTC,258MA,Jakkanahalli - Krishnarajendra Market,BR913,3,Jakkanahalli,Krishnarajendra Market,37,0,Special,Central
BMTC,242GA,Kempegowda Bus Station - Byadarahalli,BR648,3,Kempegowda Bus Station,Byadarahalli,37,0,Special,Central
BMTC,KRM-VNC248,Krishnarajendra Market - Jalahalli Cross,BR3646,3,Krishnarajendra Market,Jalahalli Cross,40,0,Ordinary,North
BMTC,SDNI-ADT,Sadasdashiva Nagar Indian Bank - Adithi School,BR3946,3,Sadasdashiva Nagar Indian Bank,Adithi School,46,0,Special,Other
BMTC,145A,Neelasandra Rose Garden - Kempegowda Bus Station,BR98,3,Neelasandra Rose Garden,Kempegowda Bus Station,48,0,Ordinary Variant,Central
BMTC,BNP-HPM,Bannerghatta National Park - HP Software Mahadevapura,BR2778,3,Bannerghatta National Park,HP Software Mahadevapura,53,0,Special,Other
BMTC,242JA,Ganakkal - Shivajinagar Bus Station,BR651,3,Ganakkal,Shivajinagar Bus Station,35,0,Special,Central
BMTC,BC-3,Jayanagara Bus Stand - Electronic City Wipro Gate,BR2658,3,Jayanagara Bus Stand,Electronic City Wipro Gate,49,0,Ordinary,South
BMTC,MEBP-STJW,Manyatha Embasy Business Park - St John Wood Apartments,BR3719,3,Manyatha Embasy Business Park,St John Wood Apartments,55,0,Special,Other
BMTC,MDL-DEPOT-25,Madiwala - Depot-25,BR3697,3,Madiwala,Depot-25,19,0,Ordinary,Other
BMTC,BC-8,Peenya 2nd stage - Vidyaranyapura,BR2666,3,Peenya 2nd stage,Vidyaranyapura,33,0,Ordinary,North
BMTC,BC-9,Byatarayana Pura - NAGAVARA JUNCTION,BR2668,3,Byatarayana Pura,NAGAVARA JUNCTION,36,0,Ordinary,Other
BMTC,MEBP-VBN,Manyatha Embasy Business Park - Veerabhadranagar,BR3720,3,Manyatha Embasy Business Park,Veerabhadranagar,48,0,Special,Other
BMTC,242JK,Karekal Palya - Krishnarajendra Market,BR652,3,Karekal Palya,Krishnarajendra Market,38,0,Special,Central
BMTC,BC-6,Uttarahalli - Hullala Upanagara,BR2662,3,Uttarahalli,Hullala Upanagara,31,0,Ordinary,West
BMTC,BC-7,Jalahalli Cross - Hullala Upanagara,BR2663,3,Jalahalli Cross,Hullala Upanagara,35,0,Ordinary,North
BMTC,V-276G,Vidyaranyapura - Electronic City Wipro Gate,BR4047,3,Vidyaranyapura,Electronic City Wipro Gate,43,0,Ordinary Variant,North
BMTC,KBS-UJPD,Kempegowda Bus Station - Ujappana Doddi,BR3563,3,Kempegowda Bus Station,Ujappana Doddi,39,0,Special,Central
BMTC,146B,Srinivagilu - Kempegowda Bus Station,BR100,3,Srinivagilu,Kempegowda Bus Station,36,0,Ordinary Variant,Central
BMTC,V-401RV,Hebbal - Banashankari Bus Station,BR4116,3,Hebbal,Banashankari Bus Station,33,0,Special,North
BMTC,DRDO-ITPL,DRDO 2ND Phase - ITPL,BR3291,3,DRDO 2ND Phase,ITPL,21,0,Special,East
BMTC,DEPOT-25-INDG,Depot-25 - India Garrage Lower Agrram Road,BR3254,3,Depot-25,India Garrage Lower Agrram Road,42,0,Special,Other
BMTC,146E,Ejipura - Kempegowda Bus Station,BR102,3,Ejipura,Kempegowda Bus Station,32,0,Ordinary Variant,Central
BMTC,146D,Rajendranagar - Kempegowda Bus Station,BR101,3,Rajendranagar,Kempegowda Bus Station,38,0,Ordinary Variant,Central
BMTC,242LA,Baleveerana Halli - Krishnarajendra Market,BR655,3,Baleveerana Halli,Krishnarajendra Market,42,0,Special,Central
BMTC,ATB-YSTF,Attibele - Yelahanka Satelite Town 5th Phase,BR2648,3,Attibele,Yelahanka Satelite Town 5th Phase,44,0,Special,North
BMTC,KMT-BTP,Bagmane Teck Park - Krishnarajendra Market,BR3616,3,Bagmane Teck Park,Krishnarajendra Market,42,0,Special,Central
BMTC,333CA,Kempegowda Bus Station - Ramesh nagara,BR1693,3,Kempegowda Bus Station,Ramesh nagara,38,0,Special,Central
BMTC,362K,Shivajinagar Bus Station - Bandenallasandra,BR1960,3,Shivajinagar Bus Station,Bandenallasandra,43,0,Ordinary Variant,Central
BMTC,HALLCA-KTNH,Kittanahalli - HAL/LCA,BR3365,3,Kittanahalli,HAL/LCA,22,0,Special,Other
BMTC,362F,Vivekanagara - Wipro gate,BR1959,3,Vivekanagara,Wipro gate,25,0,Ordinary Variant,Other
BMTC,362D,Shivajinagar Bus Station - Kudlu,BR1958,3,Shivajinagar Bus Station,Kudlu,32,0,Ordinary Variant,Central
BMTC,362C,Shivajinagar Bus Station - Beguru,BR1956,3,Shivajinagar Bus Station,Beguru,33,0,Ordinary Variant,Central
BMTC,MTH-DSPR,MATTHAHALLI - Dasanapura,BR3782,3,MATTHAHALLI,Dasanapura,24,0,Special,Other
BMTC,DBDR-SBS,Doddabidarakallu - Shivajinagar Bus Station,BR3239,3,Doddabidarakallu,Shivajinagar Bus Station,43,0,Special,Central
BMTC,KRP-GGP,KR Puram - Goragunte Palya,BR3647,3,KR Puram,Goragunte Palya,26,0,Special,East
BMTC,360M,Krishnarajendra Market - Adigondana Halli,BR1945,3,Krishnarajendra Market,Adigondana Halli,41,0,Ordinary Variant,Central
BMTC,360N,Krishnarajendra Market - NARASAPURA,BR1946,3,Krishnarajendra Market,NARASAPURA,35,0,Ordinary Variant,Central
BMTC,360P,Krishnarajendra Market - Bikkanahosahalli,BR1947,3,Krishnarajendra Market,Bikkanahosahalli,41,0,Ordinary Variant,Central
BMTC,360Q,Krishnarajendra Market - Dasarahalli,BR1948,3,Krishnarajendra Market,Dasarahalli,36,0,Ordinary Variant,Central
BMTC,361K,Krishnarajendra Market - Naganayakanahalli,BR1954,3,Krishnarajendra Market,Naganayakanahalli,42,0,Ordinary Variant,Central
BMTC,361A,Krishnarajendra Market - Soppahalli,BR1950,3,Krishnarajendra Market,Soppahalli,35,0,Ordinary Variant,Central
BMTC,D20-BSK,Depot-20 - BANASHANKARI TTMC,BR3219,3,Depot-20,BANASHANKARI TTMC,28,0,Special,South
BMTC,361C,Krishnarajendra Market - Anekal,BR1952,3,Krishnarajendra Market,Anekal,31,0,Ordinary Variant,Central
BMTC,361B,Krishnarajendra Market - Chikkahagade Gate,BR1951,3,Krishnarajendra Market,Chikkahagade Gate,42,0,Ordinary Variant,Central
BMTC,361D,Krishnarajendra Market - Chowdeshwari Temple,BR1953,3,Krishnarajendra Market,Chowdeshwari Temple,44,0,Ordinary Variant,Central
BMTC,MP-96A,Kempegowda Bus Station - Kempegowda Bus Station,BR3760,3,Kempegowda Bus Station,Kempegowda Bus Station,47,1,Ordinary Variant,Central
BMTC,360K,Kempegowda Bus Station - Attibele,BR1944,3,Kempegowda Bus Station,Attibele,33,0,Ordinary Variant,Central
BMTC,360J,Kempegowda Bus Station - Handenahalli,BR1943,3,Kempegowda Bus Station,Handenahalli,37,0,Ordinary Variant,Central
BMTC,360H,Krishnarajendra Market - Kodalipura,BR1942,3,Krishnarajendra Market,Kodalipura,35,0,Ordinary Variant,Central
BMTC,360E,Krishnarajendra Market - Bidaraguppa,BR1941,3,Krishnarajendra Market,Bidaraguppa,36,0,Ordinary Variant,Central
BMTC,360D,Krishnarajendra Market - Kamblipura,BR1940,3,Krishnarajendra Market,Kamblipura,35,0,Ordinary Variant,Central
BMTC,360C,Krishnarajendra Market - Ballur,BR1939,3,Krishnarajendra Market,Ballur,31,0,Ordinary Variant,Central
BMTC,360B,Kempegowda Bus Station - Attibele,BR1938,3,Kempegowda Bus Station,Attibele,33,0,Ordinary Variant,Central
BMTC,360A,Krishnarajendra Market - Attibele,BR1937,3,Krishnarajendra Market,Attibele,33,0,Ordinary Variant,Central
BMTC,VRP-HAL,Vidyaranyapura - HAL/LCA,BR4221,3,Vidyaranyapura,HAL/LCA,24,0,Special,North
BMTC,242MA,Suliwara - Krishnarajendra Market,BR657,3,Suliwara,Krishnarajendra Market,33,0,Special,Central
BMTC,82AR,Kempegowda Bus Station - Yeshwanthpura Railway Station,BR2526,3,Kempegowda Bus Station,Yeshwanthpura Railway Station,54,0,Special,West
BMTC,258KA,Mahadevapura - Krishnarajendra Market,BR911,3,Mahadevapura,Krishnarajendra Market,37,0,Special,Central
BMTC,MLP-ADT,Malleshwaram 8th Main - Adithi School,BR3739,3,Malleshwaram 8th Main,Adithi School,37,0,Special,West
BMTC,KBS-SVRKN,Kempegowda Bus Station - Shivarama karanth layout 10th Cross,BR3560,3,Kempegowda Bus Station,Shivarama karanth layout 10th Cross,60,0,Special,Central
BMTC,ITPL-TCP,ITPL - Tambuchettipalya,BR3425,3,ITPL,Tambuchettipalya,23,0,Special,East
BMTC,501F,Kottige Palya Magadi Road - Kottige Palya Magadi Road,BR2355,3,Kottige Palya Magadi Road,Kottige Palya Magadi Road,53,1,Ordinary Variant,Other
BMTC,27E,JP Nagara 3rd Phase - Shivajinagar Bus Station,BR1071,3,JP Nagara 3rd Phase,Shivajinagar Bus Station,46,0,Ordinary Variant,South
BMTC,501L,Kottige Palya Magadi Road - KR Puram Railway Station,BR2359,3,Kottige Palya Magadi Road,KR Puram Railway Station,52,0,Ordinary Variant,East
BMTC,CS-293R,Shivajinagar Bus Station - Chikkajala,BR3131,3,Shivajinagar Bus Station,Chikkajala,37,0,Ordinary Variant,Central
BMTC,501K,KR Puram - Bharathnagar 2nd Stage,BR2357,3,KR Puram,Bharathnagar 2nd Stage,33,0,Ordinary Variant,East
BMTC,281,Mylanahalli Chikka jala - Krishnarajendra Market,BR1081,3,Mylanahalli Chikka jala,Krishnarajendra Market,48,0,Ordinary,Central
BMTC,280,Krishnarajendra Market - Bella Halli,BR1073,3,Krishnarajendra Market,Bella Halli,36,0,Ordinary,Central
BMTC,27N,BTM Layout South - Shivajinagar Bus Station,BR1072,3,BTM Layout South,Shivajinagar Bus Station,43,0,Ordinary Variant,Central
BMTC,501N,BANASHANKARI TTMC - Jalahalli Village,BR2360,3,BANASHANKARI TTMC,Jalahalli Village,37,0,Ordinary Variant,North
BMTC,KBS-OUTD,Kempegowda Bus Station - Out Door Clothing Company,BR3552,3,Kempegowda Bus Station,Out Door Clothing Company,50,0,Special,Central
BMTC,CS-201C,Banashankari Bus Station - Madiwala,BR3097,3,Banashankari Bus Station,Madiwala,35,0,Ordinary Variant,South
BMTC,285,Krishnarajendra Market - Thara Hunise,BR1112,3,Krishnarajendra Market,Thara Hunise,37,0,Ordinary,Central
BMTC,284,Kempegowda Bus Station - Yelahanka,BR1101,3,Kempegowda Bus Station,Yelahanka,34,0,Ordinary,North
BMTC,283,Bettahalasuru - Krishnarajendra Market,BR1096,3,Bettahalasuru,Krishnarajendra Market,38,0,Ordinary,Central
BMTC,282,Krishnarajendra Market - Huttanahalli,BR1087,3,Krishnarajendra Market,Huttanahalli,37,0,Ordinary,Central
BMTC,288,Krishnarajendra Market - Thindlu,BR1181,3,Krishnarajendra Market,Thindlu,32,0,Ordinary,Central
BMTC,BMT14-SPHS,BMT14 - Sophiya High School,BR2740,3,BMT14,Sophiya High School,27,0,Special,Other
BMTC,CR-310,Vidhana Soudha - Hosakote Bus Stand,BR2937,3,Vidhana Soudha,Hosakote Bus Stand,35,0,Ordinary,Other
BMTC,289,Krishnarajendra Market - Bagaluru,BR1191,3,Krishnarajendra Market,Bagaluru,33,0,Ordinary,Central
BMTC,286,Krishnarajendra Market - Jakkur,BR1152,3,Krishnarajendra Market,Jakkur,31,0,Ordinary,Central
BMTC,CS-201J,Padmanabha Nagara Rock - Jeevan Bhimanagara Bus stand,BR3098,3,Padmanabha Nagara Rock,Jeevan Bhimanagara Bus stand,53,0,Ordinary Variant,Other
BMTC,KDG-D16,Deepanjalinagara Depot-16 - Kadugodi,BR3567,3,Deepanjalinagara Depot-16,Kadugodi,36,0,Ordinary,East
BMTC,500Y,Yelahanka Satelite Town 5th Phase - Kadugodi,BR2348,3,Yelahanka Satelite Town 5th Phase,Kadugodi,44,0,Ordinary Variant,North
BMTC,258TA,Kannamangala - Kempegowda Bus Station,BR924,3,Kannamangala,Kempegowda Bus Station,37,0,Special,Central
BMTC,501A,Hebbal - Banashankari Bus Station,BR2350,3,Hebbal,Banashankari Bus Station,33,0,Ordinary Variant,North
BMTC,258TB,Arjuna Bettahalli - Krishnarajendra Market,BR926,3,Arjuna Bettahalli,Krishnarajendra Market,42,0,Special,Central
BMTC,258TC,Kempegowda Bus Station - Nagenahalli,BR927,3,Kempegowda Bus Station,Nagenahalli,36,0,Special,Central
BMTC,501C,Hebbal - Kengeri TTMC,BR2354,3,Hebbal,Kengeri TTMC,21,0,Ordinary Variant,North
BMTC,BEML5-BRN,BEML Layout 5th Stage - Bangarappa Nagara,BR2679,3,BEML Layout 5th Stage,Bangarappa Nagara,41,0,Special,Other
BMTC,501B,Hebbala Bridge - Hebbala Bridge,BR2351,3,Hebbala Bridge,Hebbala Bridge,31,1,Ordinary Variant,North
BMTC,502H,Kengeri TTMC - Chikkabanawara,BR2371,3,Kengeri TTMC,Chikkabanawara,29,0,Ordinary Variant,South
BMTC,502J,Uttarahalli - Tin Factory,BR2376,3,Uttarahalli,Tin Factory,25,0,Ordinary Variant,Other
BMTC,502K,Kengeri TTMC - Hesaraghatta Village,BR2377,3,Kengeri TTMC,Hesaraghatta Village,35,0,Ordinary Variant,South
BMTC,502L,Kottige Palya Magadi Road - KR Puram,BR2378,3,Kottige Palya Magadi Road,KR Puram,36,0,Ordinary Variant,East
BMTC,502M,Chikkallasandra Bus Stand - K R Puram,BR2379,3,Chikkallasandra Bus Stand,K R Puram,37,0,Ordinary Variant,Other
BMTC,V-99A,Kempegowda Bus Station - Mathikere Chowdeshwari Bus Staion,BR4175,3,Kempegowda Bus Station,Mathikere Chowdeshwari Bus Staion,58,0,Ordinary Variant,Central
BMTC,270,Anchepalya Nelamangla Road - Shivajinagar Bus Station,BR1002,3,Anchepalya Nelamangla Road,Shivajinagar Bus Station,53,0,Ordinary,Central
BMTC,272,Muthkur Hesaraghatta - Shivajinagar Bus Station,BR1031,3,Muthkur Hesaraghatta,Shivajinagar Bus Station,47,0,Ordinary,Central
BMTC,271,Jalahalli East Area 7th camp - Kempegowda Bus Station,BR1011,3,Jalahalli East Area 7th camp,Kempegowda Bus Station,53,0,Ordinary,North
BMTC,273,Peenya 2nd stage - Kempegowda Bus Station,BR1034,3,Peenya 2nd stage,Kempegowda Bus Station,41,0,Ordinary,North
BMTC,502V,Kengeri TTMC - Vidyaranyapura,BR2380,3,Kengeri TTMC,Vidyaranyapura,29,0,Ordinary Variant,North
BMTC,CR-G12,Jayanagara 9th Block - Hosakote Bus Stand,BR3028,3,Jayanagara 9th Block,Hosakote Bus Stand,41,0,Ordinary,South
BMTC,275,ISRO Quarters - Krishnarajendra Market,BR1041,3,ISRO Quarters,Krishnarajendra Market,38,0,Ordinary,Central
BMTC,276,Kempegowda Bus Station - Vidyaranyapura,BR1046,3,Kempegowda Bus Station,Vidyaranyapura,39,0,Ordinary,North
BMTC,BSK-VPS,Banashankari Bus Station - Vidyanikethan Public School,BR2802,3,Banashankari Bus Station,Vidyanikethan Public School,54,0,Special,South
BMTC,277,Kempegowda Bus Station - GKVK Library,BR1056,3,Kempegowda Bus Station,GKVK Library,37,0,Ordinary,Central
BMTC,278,Shivajinagar Bus Station - Nagashettyhalli,BR1057,3,Shivajinagar Bus Station,Nagashettyhalli,42,0,Ordinary,Central
BMTC,279,Kempegowda Bus Station - Nagashettyhalli,BR1062,3,Kempegowda Bus Station,Nagashettyhalli,40,0,Ordinary,Central
BMTC,502B,Krishnarajendra Market - Maduranagar,BR2363,3,Krishnarajendra Market,Maduranagar,36,0,Ordinary Variant,Central
BMTC,502A,Kala Mandir Marathalli - Kengeri TTMC,BR2362,3,Kala Mandir Marathalli,Kengeri TTMC,37,0,Ordinary Variant,South
BMTC,27A,Nayanappa Shettipalya - Shivajinagar Bus Station,BR1070,3,Nayanappa Shettipalya,Shivajinagar Bus Station,48,0,Ordinary Variant,Central
BMTC,502D,KR Puram Railway Station - Kengeri TTMC,BR2365,3,KR Puram Railway Station,Kengeri TTMC,39,0,Ordinary Variant,South
BMTC,502C,Gorgunte Palya - KR Puram,BR2364,3,Gorgunte Palya,KR Puram,25,0,Ordinary Variant,East
BMTC,502F,Kengeri TTMC - Jalahalli Cross,BR2368,3,Kengeri TTMC,Jalahalli Cross,30,0,Ordinary Variant,North
BMTC,LTCL-BMES,Lokesh Tent Circle - BM English School Bellahalli,BR3674,3,Lokesh Tent Circle,BM English School Bellahalli,49,0,Special,Other
BMTC,502E,Kottige Palya Magadi Road - Hebbala,BR2367,3,Kottige Palya Magadi Road,Hebbala,35,0,Ordinary Variant,North
BMTC,258WA,Kempegowda Bus Station - Jodi Ragi Thimmasandra,BR937,3,Kempegowda Bus Station,Jodi Ragi Thimmasandra,47,0,Special,Central
BMTC,Chakra-10A,Allalasandra Janapriya Apartmet - Allalasandra Janapriya Apartmet,BR2842,3,Allalasandra Janapriya Apartmet,Allalasandra Janapriya Apartmet,65,1,Ordinary Variant,Other
BMTC,V-335Y,Yeshwanthpur TTMC - Kadugodi,BR4084,3,Yeshwanthpur TTMC,Kadugodi,28,0,Ordinary Variant,East
BMTC,V-335T,Basaveshwara Nagara - ITPL,BR4083,3,Basaveshwara Nagara,ITPL,26,0,Ordinary Variant,East
BMTC,CR-18,Kengeri KSRTC Regional Workshop - Jayadeva Hospital,BR2896,3,Kengeri KSRTC Regional Workshop,Jayadeva Hospital,51,0,Ordinary,South
BMTC,D3-SNBS,BMTC Depot-03 - Shanthinagar TTMC,BR3229,3,BMTC Depot-03,Shanthinagar TTMC,33,0,Special,Other
BMTC,CR-330,Shivajinagar Bus Station - Sheila Kothavala Institute For Deaf,BR2949,3,Shivajinagar Bus Station,Sheila Kothavala Institute For Deaf,62,0,Ordinary,Central
BMTC,CR-333,Shanthinagar TTMC - Marathahalli Bridge,BR2951,3,Shanthinagar TTMC,Marathahalli Bridge,39,0,Ordinary,Other
BMTC,242BA,Tavarekere Magadi Road - Kempegowda Bus Station,BR638,3,Tavarekere Magadi Road,Kempegowda Bus Station,47,0,Special,Central
BMTC,258VG,Bittasandra - Kempegowda Bus Station,BR935,3,Bittasandra,Kempegowda Bus Station,36,0,Special,Central
BMTC,CR-336,Krishnarajendra Market - Boganahalli,BR2952,3,Krishnarajendra Market,Boganahalli,36,0,Ordinary,Central
BMTC,V-335E,Kempegowda Bus Station - Kadugodi,BR4073,3,Kempegowda Bus Station,Kadugodi,33,0,Ordinary Variant,East
BMTC,KDG-D31,Kadugodi - Summanahalli Depot-31,BR3568,3,Kadugodi,Summanahalli Depot-31,32,0,Ordinary,East
BMTC,BEML5-BTP,BEML Layout 5th Stage - Bagmane Teck Park,BR2680,3,BEML Layout 5th Stage,Bagmane Teck Park,41,0,Special,Other
BMTC,258VF,Kempegowda Bus Station - Yennigere,BR934,3,Kempegowda Bus Station,Yennigere,34,0,Special,Central
BMTC,258VC,Yelachagere - Krishnarajendra Market,BR932,3,Yelachagere,Krishnarajendra Market,36,0,Special,Central
BMTC,258VD,Kempegowda Bus Station - Hemapura,BR933,3,Kempegowda Bus Station,Hemapura,33,0,Special,Central
BMTC,CR-1F,BTM Layout Bus Stop - Victoria Hospitial,BR2897,3,BTM Layout Bus Stop,Victoria Hospitial,40,0,Ordinary Variant,Other
BMTC,258VA,Madalakote - Kempegowda Bus Station,BR930,3,Madalakote,Kempegowda Bus Station,35,0,Special,Central
BMTC,503A,Vidyaranyapura - Central Silk Board,BR2382,3,Vidyaranyapura,Central Silk Board,35,0,Ordinary Variant,North
BMTC,258VB,Chikkamaranahalli - Kempegowda Bus Station,BR931,3,Chikkamaranahalli,Kempegowda Bus Station,42,0,Special,Central
BMTC,BMT30-HMTWFC,Depot 30 - HMT Watch Factory,BR2759,3,Depot 30,HMT Watch Factory,28,0,Special,Other
BMTC,SBCH-VRP,Syndicate bank Colony Andrahalli - Vidyaranyapura,BR3920,3,Syndicate bank Colony Andrahalli,Vidyaranyapura,49,0,Special,North
BMTC,294,Krishnarajendra Market - Bileshivale,BR1275,3,Krishnarajendra Market,Bileshivale,36,0,Ordinary,Central
BMTC,293,Krishnarajendra Market - Razak Palya,BR1259,3,Krishnarajendra Market,Razak Palya,36,0,Ordinary,Central
BMTC,CR-28,Basaveshwara Nagara - ITPL,BR2932,3,Basaveshwara Nagara,ITPL,26,0,Ordinary,East
BMTC,242AA,Tavare Kere Magadi Road - Banashankari Bus Station,BR635,3,Tavare Kere Magadi Road,Banashankari Bus Station,50,0,Special,South
BMTC,295,Krishnarajendra Market - Dodda Gubbi,BR1283,3,Krishnarajendra Market,Dodda Gubbi,36,0,Ordinary,Central
BMTC,242AB,Tavare Kere Magadi Road - Magadi Road TollGate,BR636,3,Tavare Kere Magadi Road,Magadi Road TollGate,46,0,Special,Other
BMTC,290,Shivajinagar Bus Station - Thanisandra,BR1210,3,Shivajinagar Bus Station,Thanisandra,38,0,Ordinary,Central
BMTC,CR-25,City Railway Station - BTM Layout Bus Stop,BR2924,3,City Railway Station,BTM Layout Bus Stop,42,0,Ordinary,Other
BMTC,292,Krishnarajendra Market - Nagaresha Nagenahalli Dinne,BR1253,3,Krishnarajendra Market,Nagaresha Nagenahalli Dinne,52,0,Ordinary,Central
BMTC,291,DASARAHALLI - Krishnarajendra Market,BR1237,3,DASARAHALLI,Krishnarajendra Market,36,0,Ordinary,Central
BMTC,CR-31,Ashoka Pillar - MTR,BR2936,3,Ashoka Pillar,MTR,19,0,Ordinary,Other
BMTC,297,Krishnarajendra Market - Neraganahalli,BR1301,3,Krishnarajendra Market,Neraganahalli,38,0,Ordinary,Central
BMTC,298,Krishnarajendra Market - Kannamangala,BR1309,3,Krishnarajendra Market,Kannamangala,37,0,Ordinary,Central
BMTC,299,Krishnarajendra Market - Tharabana Halli Devanahalli Road,BR1335,3,Krishnarajendra Market,Tharabana Halli Devanahalli Road,57,0,Ordinary,Central
BMTC,504E,Hoodi - Domlur TTMC Bus Stand,BR2388,3,Hoodi,Domlur TTMC Bus Stand,29,0,Ordinary Variant,Other
BMTC,29E,Eliyas Nagar - Shivajinagar Bus Station,BR1338,3,Eliyas Nagar,Shivajinagar Bus Station,39,0,Ordinary Variant,Central
BMTC,CR-325,Harohalli - Ganjoor,BR2945,3,Harohalli,Ganjoor,19,0,Ordinary,Other
BMTC,504B,KR Puram Railway Station - KR Puram Railway Station,BR2385,3,KR Puram Railway Station,KR Puram Railway Station,51,1,Ordinary Variant,East
BMTC,NDH-KBS,Nagadevanahalli Kengeri - Kempegowda Bus Station,BR3799,3,Nagadevanahalli Kengeri,Kempegowda Bus Station,48,0,Special,South
BMTC,504A,Tin Factory - Tin Factory,BR2384,3,Tin Factory,Tin Factory,25,1,Ordinary Variant,Other
BMTC,29A,JP Nagara 1st Phase - Shivajinagar Bus Station,BR1337,3,JP Nagara 1st Phase,Shivajinagar Bus Station,46,0,Ordinary Variant,South
BMTC,504D,Mugaluru - Mugaluru,BR2387,3,Mugaluru,Mugaluru,19,1,Ordinary Variant,Other
BMTC,CR-329,Muthsandra - Ganjoor,BR2947,3,Muthsandra,Ganjoor,20,0,Ordinary,Other
BMTC,504C,Maratahalli Bridge - Maratahalli Bridge,BR2386,3,Maratahalli Bridge,Maratahalli Bridge,39,1,Ordinary Variant,Other
BMTC,CR-36,Srinagara - Vidhana Soudha,BR2971,3,Srinagara,Vidhana Soudha,26,0,Ordinary,Other
BMTC,240,Machohalli - Krishnarajendra Market,BR599,3,Machohalli,Krishnarajendra Market,35,0,Ordinary,Central
BMTC,241,Kenchanapura - Krishnarajendra Market,BR615,3,Kenchanapura,Krishnarajendra Market,37,0,Ordinary,Central
BMTC,KBS-5H,Kempegowda Bus Station - Harohalli,BR3524,3,Kempegowda Bus Station,Harohalli,34,0,Ordinary Variant,Central
BMTC,CR-3A,Brigade Road - Central Silk Board,BR2989,3,Brigade Road,Central Silk Board,33,0,Ordinary Variant,Other
BMTC,CR-3B,Chandapura - Jayanagara 9th Block,BR2990,3,Chandapura,Jayanagara 9th Block,33,0,Ordinary Variant,South
BMTC,505E,Electronic City Wipro Gate - Tin Factory,BR2390,3,Electronic City Wipro Gate,Tin Factory,40,0,Ordinary Variant,Other
BMTC,505C,Electronic City Wipro Gate - Tin Factory,BR2389,3,Electronic City Wipro Gate,Tin Factory,40,0,Ordinary Variant,Other
BMTC,24A,BTM Layout South - Krishnarajendra Market,BR759,3,BTM Layout South,Krishnarajendra Market,41,0,Ordinary Variant,Central
BMTC,245,Ravuthanahalli - Krishnarajendra Market,BR702,3,Ravuthanahalli,Krishnarajendra Market,39,0,Ordinary,Central
BMTC,244,Bangalore University ADM Block - Krishnarajendra Market,BR694,3,Bangalore University ADM Block,Krishnarajendra Market,55,0,Ordinary,Central
BMTC,CR-40,Banashankari Bus Station - INTEL,BR2993,3,Banashankari Bus Station,INTEL,32,0,Ordinary,South
BMTC,243,Andrahalli - Krishnarajendra Market,BR682,3,Andrahalli,Krishnarajendra Market,35,0,Ordinary,West
BMTC,JFWTC-ELC,JFWTC - Electronic City,BR3434,3,JFWTC,Electronic City,23,0,Special,Other
BMTC,242,Tavare Kere Magadi Road - Krishnarajendra Market,BR634,3,Tavare Kere Magadi Road,Krishnarajendra Market,48,0,Ordinary,Central
BMTC,500-QR,Yeshwanthpur TTMC - ITPL,BR2317,3,Yeshwanthpur TTMC,ITPL,24,0,Special,East
BMTC,CR-45,KSIT COLLEGE - Kempegowda Bus Station,BR2997,3,KSIT COLLEGE,Kempegowda Bus Station,37,0,Ordinary,Central
BMTC,248,Krishnarajendra Market - Jalahalli Cross,BR729,3,Krishnarajendra Market,Jalahalli Cross,40,0,Ordinary,North
BMTC,247,KG Lakkenahalli - Krishnarajendra Market,BR727,3,KG Lakkenahalli,Krishnarajendra Market,40,0,Ordinary,Central
BMTC,246,Annapoorneshwari Nagara - Kempegowda Bus Station,BR724,3,Annapoorneshwari Nagara,Kempegowda Bus Station,48,0,Ordinary,Central
BMTC,MMF-1,Sampige Road Metro Station - Kempegowda Bus Station,BR3741,3,Sampige Road Metro Station,Kempegowda Bus Station,51,0,Ordinary,Central
BMTC,242CD,Veeranna Palya - Krishnarajendra Market,BR641,3,Veeranna Palya,Krishnarajendra Market,39,0,Special,Central
BMTC,KMT-BLC,Krishnarajendra Market - Bangalore Club Gate,BR3614,3,Krishnarajendra Market,Bangalore Club Gate,44,0,Special,Central
BMTC,230,Byrohalli - Krishnarajendra Market,BR526,3,Byrohalli,Krishnarajendra Market,34,0,Ordinary,Central
BMTC,22A,Byrasandra - Shivajinagar Bus Station,BR524,3,Byrasandra,Shivajinagar Bus Station,37,0,Ordinary Variant,Central
BMTC,D7-KBS,Depot-07 - Kempegowda Bus Station,BR3237,3,Depot-07,Kempegowda Bus Station,33,0,Special,Central
BMTC,V-600CF,BANASHANKARI TTMC - Electronic City Wipro Gate,BR4168,3,BANASHANKARI TTMC,Electronic City Wipro Gate,46,0,Special,South
BMTC,D32-HLG,Depot-32 - Heelalige Railway Station,BR3232,3,Depot-32,Heelalige Railway Station,36,0,Special,Other
BMTC,GKVK-YSTF,GKVK Library - Yelahanka Satelite Town 5th Phase,BR3347,3,GKVK Library,Yelahanka Satelite Town 5th Phase,48,0,Special,North
BMTC,258QA,Kempegowda Bus Station - Mantanakurchi,BR917,3,Kempegowda Bus Station,Mantanakurchi,38,0,Special,Central
BMTC,231,Mayasandra - Krishnarajendra Market,BR529,3,Mayasandra,Krishnarajendra Market,35,0,Ordinary,Central
BMTC,242CB,Thunga Nagara - Kempegowda Bus Station,BR640,3,Thunga Nagara,Kempegowda Bus Station,38,0,Special,Central
BMTC,234,Krishnarajendra Market - Manganahalli,BR543,3,Krishnarajendra Market,Manganahalli,37,0,Ordinary,Central
BMTC,235,Kempegowda Bus Station - Ladies Hostel University Campus,BR549,3,Kempegowda Bus Station,Ladies Hostel University Campus,56,0,Ordinary,Central
BMTC,238,Nrupatunga Nagar - Kempegowda Bus Station,BR570,3,Nrupatunga Nagar,Kempegowda Bus Station,41,0,Ordinary,Central
BMTC,506A,Hebbala Bridge - Devanagundi,BR2392,3,Hebbala Bridge,Devanagundi,28,0,Ordinary Variant,North
BMTC,CR-340,Rajanukunte - Cauvery Bhavana,BR2953,3,Rajanukunte,Cauvery Bhavana,29,0,Ordinary,Other
BMTC,237,Panchsheela Nagara - Krishnarajendra Market,BR565,3,Panchsheela Nagara,Krishnarajendra Market,43,0,Ordinary,Central
BMTC,HBL-TGP,Hebbala - Talaghattapura Police Station,BR3382,3,Hebbala,Talaghattapura Police Station,39,0,Special,North
BMTC,263,Kammasandra - Krishnarajendra Market,BR957,3,Kammasandra,Krishnarajendra Market,36,0,Ordinary,Central
BMTC,25R,BTM Layout - Yeshwanathapura new railway station,BR954,3,BTM Layout,Yeshwanathapura new railway station,48,0,Ordinary Variant,Other
BMTC,261,Peenya 2nd stage - Kempegowda Bus Station,BR956,3,Peenya 2nd stage,Kempegowda Bus Station,41,0,Ordinary,North
BMTC,5F-6A,Kaggalipura - Kaggalipura,BR2424,3,Kaggalipura,Kaggalipura,25,1,Ordinary Variant,Other
BMTC,KBS-INDRTO,Kempegowda Bus Station - Indiranagara RTO Office,BR3543,3,Kempegowda Bus Station,Indiranagara RTO Office,48,0,Special,Central
BMTC,25N,BTM Layout South - Kempegowda Bus Station,BR953,3,BTM Layout South,Kempegowda Bus Station,41,0,Ordinary Variant,Central
BMTC,507PS,Jalahalli Cross - KR Puram,BR2399,3,Jalahalli Cross,KR Puram,26,0,Special,North
BMTC,TNF-HRH,Tin Factory - Harohalli,BR4001,3,Tin Factory,Harohalli,23,0,Special,Other
BMTC,25K,Dollors Colony JP Nagara - Kempegowda Bus Station,BR952,3,Dollors Colony JP Nagara,Kempegowda Bus Station,49,0,Ordinary Variant,South
BMTC,KBS-3E,Kempegowda Bus Station - Electronic City Wipro Gate,BR3523,3,Kempegowda Bus Station,Electronic City Wipro Gate,51,0,Ordinary Variant,Central
BMTC,25J,Tavare Kere - Kempegowda Bus Station,BR951,3,Tavare Kere,Kempegowda Bus Station,36,0,Ordinary Variant,Central
BMTC,CR-36B,Girinagara Extention - Vidhana Soudha,BR2982,3,Girinagara Extention,Vidhana Soudha,37,0,Ordinary Variant,Other
BMTC,KBS-3C,Kempegowda Bus Station - Chandapura,BR3522,3,Kempegowda Bus Station,Chandapura,35,0,Ordinary Variant,Central
BMTC,25G,Kempegowda Bus Station - BTM Layout Bus Stop,BR949,3,Kempegowda Bus Station,BTM Layout Bus Stop,44,0,Ordinary Variant,Central
BMTC,25H,Nayanappa Shettipalya - Kempegowda Bus Station,BR950,3,Nayanappa Shettipalya,Kempegowda Bus Station,46,0,Ordinary Variant,Central
BMTC,25E,JP Nagara 3rd Phase - Kempegowda Bus Station,BR947,3,JP Nagara 3rd Phase,Kempegowda Bus Station,44,0,Ordinary Variant,South
BMTC,25F,BTM Layout South - Kempegowda Bus Station,BR948,3,BTM Layout South,Kempegowda Bus Station,41,0,Ordinary Variant,Central
BMTC,25C,Kempegowda Bus Station - Kempegowda Bus Station,BR945,3,Kempegowda Bus Station,Kempegowda Bus Station,47,1,Ordinary Variant,Central
BMTC,25D,BTM Layout - Kempegowda Bus Station,BR946,3,BTM Layout,Kempegowda Bus Station,35,0,Ordinary Variant,Central
BMTC,372MA,Kempegowda Bus Station - Thammanayakanahalli,BR2068,3,Kempegowda Bus Station,Thammanayakanahalli,44,0,Special,Central
BMTC,Depot11-HPPCR,Depot 11 - HP Petrol Bunk Coles Road,BR3261,3,Depot 11,HP Petrol Bunk Coles Road,36,0,Special,Other
BMTC,507D,Yelahanka 5th Phase - KR Puram,BR2398,3,Yelahanka 5th Phase,KR Puram,30,0,Ordinary Variant,North
BMTC,CR-37A,Avalahalli BDA Park - Shivajinagar Bus Station,BR2985,3,Avalahalli BDA Park,Shivajinagar Bus Station,46,0,Ordinary Variant,Central
BMTC,DBS-PSB,Domlur TTMC Bus Stand - Peenya Satellite Bus Station,BR3240,3,Domlur TTMC Bus Stand,Peenya Satellite Bus Station,52,0,Special,North
BMTC,507B,Peenya 2nd stage - Kadugodi,BR2395,3,Peenya 2nd stage,Kadugodi,27,0,Ordinary Variant,North
BMTC,507C,Chikkabanavara - KR Puram,BR2397,3,Chikkabanavara,KR Puram,25,0,Ordinary Variant,East
BMTC,KRM-BYH,Krishnarajendra Market - Byala Halli,BR3644,3,Krishnarajendra Market,Byala Halli,36,0,Special,Central
BMTC,DEPOT-30-YSTF,DEPOT-30 - Yelahanka Satelite Town 5th Phase,BR3258,3,DEPOT-30,Yelahanka Satelite Town 5th Phase,44,0,Special,North
BMTC,269,Ramachandrpura - Kempegowda Bus Station,BR997,3,Ramachandrpura,Kempegowda Bus Station,39,0,Ordinary,Central
BMTC,268,Yelahanka Satelite Town - Krishnarajendra Market,BR996,3,Yelahanka Satelite Town,Krishnarajendra Market,48,0,Ordinary,North
BMTC,242FA,Krishnarajendra Market - Gidada Palya,BR645,3,Krishnarajendra Market,Gidada Palya,37,0,Special,Central
BMTC,507A,Chikkabanavara - KR Puram Railway Station,BR2394,3,Chikkabanavara,KR Puram Railway Station,41,0,Ordinary Variant,East
BMTC,CR-374,Jayanagara Bus Stand - Pratyangiri Temple Turahalli,BR2983,3,Jayanagara Bus Stand,Pratyangiri Temple Turahalli,51,0,Ordinary,South
BMTC,267,Krishnarajendra Market - Leggere,BR992,3,Krishnarajendra Market,Leggere,32,0,Ordinary,Central
BMTC,242FB,Yelachaguppe - Kempegowda Bus Station,BR646,3,Yelachaguppe,Kempegowda Bus Station,37,0,Special,Central
BMTC,266,Hesaraghatta Village - Krishnarajendra Market,BR976,3,Hesaraghatta Village,Krishnarajendra Market,45,0,Ordinary,Central
BMTC,265,Kempegowda Bus Station - Kempegowda Bus Station,BR971,3,Kempegowda Bus Station,Kempegowda Bus Station,47,1,Ordinary,Central
BMTC,264,Kempegowda Bus Station - Kempegowda Bus Station,BR969,3,Kempegowda Bus Station,Kempegowda Bus Station,47,1,Ordinary,Central
BMTC,CR-378,Attibele - Kengeri TTMC,BR2984,3,Attibele,Kengeri TTMC,23,0,Ordinary,South
BMTC,24N,BTM Layout South - Krishnarajendra Market,BR764,3,BTM Layout South,Krishnarajendra Market,41,0,Ordinary Variant,Central
BMTC,250,Krishnarajendra Market - Chikkabanawara Railway Gate,BR766,3,Krishnarajendra Market,Chikkabanawara Railway Gate,52,0,Ordinary,Central
BMTC,251,Krishnarajendra Market - Shivakote,BR806,3,Krishnarajendra Market,Shivakote,34,0,Ordinary,Central
BMTC,252,Kempegowda Bus Station - Peenya 2nd stage,BR814,3,Kempegowda Bus Station,Peenya 2nd stage,41,0,Ordinary,North
BMTC,24F,BTM 16 th Main Hopcoms - Krishnarajendra Market,BR762,3,BTM 16 th Main Hopcoms,Krishnarajendra Market,47,0,Ordinary Variant,Central
BMTC,24H,Nayanappa Shettipalya - Krishnarajendra Market,BR763,3,Nayanappa Shettipalya,Krishnarajendra Market,46,0,Ordinary Variant,Central
BMTC,24B,Byrasandra - Krishnarajendra Market,BR760,3,Byrasandra,Krishnarajendra Market,35,0,Ordinary Variant,Central
BMTC,24E,JP Nagara 3rd Phase - Krishnarajendra Market,BR761,3,JP Nagara 3rd Phase,Krishnarajendra Market,44,0,Ordinary Variant,South
BMTC,MEBP-NHJ,Manyatha Tech Park - Nayandahalli Junction,BR3715,3,Manyatha Tech Park,Nayandahalli Junction,42,0,Special,West
BMTC,258SB,Esuvanahalli - Krishnarajendra Market,BR921,3,Esuvanahalli,Krishnarajendra Market,37,0,Special,Central
BMTC,25B,BTM Layout South - Kempegowda Bus Station,BR944,3,BTM Layout South,Kempegowda Bus Station,41,0,Ordinary Variant,Central
BMTC,25A,BTM Layout - Kempegowda Bus Station,BR943,3,BTM Layout,Kempegowda Bus Station,35,0,Ordinary Variant,Central
BMTC,258SD,Byranayakana Halli College - Kempegowda Bus Station,BR922,3,Byranayakana Halli College,Kempegowda Bus Station,51,0,Special,Central
BMTC,258SA,Vajrakatte Palya - Krishnarajendra Market,BR920,3,Vajrakatte Palya,Krishnarajendra Market,41,0,Vajra,Central
BMTC,CKB-MKL,Chikkabanawara - Makali,BR2865,3,Chikkabanawara,Makali,23,0,Special,Other
BMTC,258,Nelamangala - Krishnarajendra Market,BR897,3,Nelamangala,Krishnarajendra Market,36,0,Ordinary,Central
BMTC,257,Aluru - Krishnarajendra Market,BR889,3,Aluru,Krishnarajendra Market,30,0,Ordinary,Central
BMTC,ORRCA-AVLB,Outer Ring Road Company Association - Avalahalli BDA Park,BR3840,3,Outer Ring Road Company Association,Avalahalli BDA Park,57,0,Special,Other
BMTC,254,Krishnarajendra Market - Mavallipura,BR856,3,Krishnarajendra Market,Mavallipura,36,0,Ordinary,Central
BMTC,CR-368,DEPOT 34 - Arekere lakshmi Layout,BR2977,3,DEPOT 34,Arekere lakshmi Layout,33,0,Ordinary,Other
BMTC,253,Krishnarajendra Market - Hesaraghatta Indo Danish Farm,BR834,3,Krishnarajendra Market,Hesaraghatta Indo Danish Farm,54,0,Ordinary,Central
BMTC,256,Krishnarajendra Market - Shivanapura Colony,BR879,3,Krishnarajendra Market,Shivanapura Colony,43,0,Ordinary,Central
BMTC,255,MATTHAHALLI - Krishnarajendra Market,BR862,3,MATTHAHALLI,Krishnarajendra Market,36,0,Ordinary,Central
BMTC,CR-12F3,White Field TTMC - Gunjoor,BR2884,3,White Field TTMC,Gunjoor,26,0,Ordinary,Other
BMTC,MYH-VJN,Mayohall - Vijayanagara TTMC,BR3787,3,Mayohall,Vijayanagara TTMC,28,0,Special,South
BMTC,141A,Karnataka Housing Complex - Shivajinagar Bus Station,BR85,3,Karnataka Housing Complex,Shivajinagar Bus Station,52,0,Ordinary Variant,Central
BMTC,NITT-YHK,NITTE Institute of Technology - Yelahanka,BR3816,3,NITTE Institute of Technology,Yelahanka,41,0,Special,North
BMTC,141E,Srinivagilu - Shivajinagar Bus Station,BR86,3,Srinivagilu,Shivajinagar Bus Station,38,0,Ordinary Variant,Central
BMTC,MP-265A,Kempegowda Bus Station - Kempegowda Bus Station,BR3746,3,Kempegowda Bus Station,Kempegowda Bus Station,47,1,Ordinary Variant,Central
BMTC,KIAS-5A,Gottigere - Kempegowda International Airport,BR3598,3,Gottigere,Kempegowda International Airport,44,0,Airport,Central
BMTC,KIAS-5C,Isro Layout - Kempegowda International Airport,BR3599,3,Isro Layout,Kempegowda International Airport,46,0,Airport,Central
BMTC,141K,Shivajinagar Bus Station - Koramangala,BR87,3,Shivajinagar Bus Station,Koramangala,38,0,Ordinary Variant,Central
BMTC,287RA,Kempegowda Bus Station - Tata Nagara,BR1178,3,Kempegowda Bus Station,Tata Nagara,36,0,Special,Central
BMTC,JPV-331,Shivajinagar Bus Station - Kadugodi,BR3489,3,Shivajinagar Bus Station,Kadugodi,35,0,Ordinary,East
BMTC,VPLO-DEPOT-25,Vishwapriya Layout - Depot-25,BR4215,3,Vishwapriya Layout,Depot-25,29,0,Ordinary,Other
BMTC,RJK-TNF,Rajanukunte - Tin Factory,BR3902,3,Rajanukunte,Tin Factory,25,0,Special,Other
BMTC,CPR-D25,Depot-25-BS - Chandapura,BR2874,3,Depot-25-BS,Chandapura,24,0,Ordinary,Other
BMTC,LCA-HBL,HAL/LCA - Hebbala Bridge,BR3668,3,HAL/LCA,Hebbala Bridge,24,0,Special,North
BMTC,FDR-9,Banashankari Bus Station - BANASHANKARI TTMC,BR3316,3,Banashankari Bus Station,BANASHANKARI TTMC,44,0,Ordinary,South
BMTC,VNC-SBS,Vinayakanagara Cross D-43 - Shivajinagar Bus Station,BR4210,3,Vinayakanagara Cross D-43,Shivajinagar Bus Station,52,0,Special,Central
BMTC,VKP-KBS,Vajrakatte Palya - Kempegowda Bus Station,BR4202,3,Vajrakatte Palya,Kempegowda Bus Station,41,0,Vajra,Central
BMTC,92E,Yeshwanthpura Railway Station - Shivajinagar Bus Station,BR2561,3,Yeshwanthpura Railway Station,Shivajinagar Bus Station,56,0,Ordinary Variant,West
BMTC,JPV-320,Shivajinagar Bus Station - Immadihalli,BR3488,3,Shivajinagar Bus Station,Immadihalli,38,0,Ordinary,Central
BMTC,HCK-KNR,Karnataka High Court - Kamalanagara Old Bus Stop,BR3384,3,Karnataka High Court,Kamalanagara Old Bus Stop,48,0,Special,Other
BMTC,298MA,Bommawara - Kempegowda Bus Station,BR1317,3,Bommawara,Kempegowda Bus Station,34,0,Special,Central
BMTC,YSTF-NITT,Yelahanka Satelite Town 5th Phase - NITTE Institute of Technology,BR4270,3,Yelahanka Satelite Town 5th Phase,NITTE Institute of Technology,65,0,Special,North
BMTC,298MB,Kempegowda Bus Station - Devanahalli,BR1318,3,Kempegowda Bus Station,Devanahalli,36,0,Special,Central
BMTC,298MC,Kempegowda Bus Station - Harohalli,BR1319,3,Kempegowda Bus Station,Harohalli,34,0,Special,Central
BMTC,298MD,Devanahalli - Devanahalli,BR1320,3,Devanahalli,Devanahalli,25,1,Special,Other
BMTC,298ME,Devanahalli Govt Hospital - Kempegowda Bus Station,BR1321,3,Devanahalli Govt Hospital,Kempegowda Bus Station,50,0,Special,Central
BMTC,298MG,Bidaluru - Krishnarajendra Market,BR1322,3,Bidaluru,Krishnarajendra Market,33,0,Special,Central
BMTC,298MH,Kempegowda Bus Station - Karahalli Cross,BR1323,3,Kempegowda Bus Station,Karahalli Cross,40,0,Special,Central
BMTC,KBS-SJAT,Kempegowda Bus Station - St John Wood Apartments,BR3558,3,Kempegowda Bus Station,St John Wood Apartments,48,0,Special,Central
BMTC,298MK,Koyira Devana Halli Road - Kempegowda Bus Station,BR1324,3,Koyira Devana Halli Road,Kempegowda Bus Station,49,0,Special,Central
BMTC,NBVSC-JFWTC,Nagarabhavi Sports Club - JFWTC-ITPL,BR3795,3,Nagarabhavi Sports Club,JFWTC-ITPL,36,0,Special,East
BMTC,143E,Neelasandra Rose Garden - Krishnarajendra Market,BR90,3,Neelasandra Rose Garden,Krishnarajendra Market,48,0,Ordinary Variant,Central
BMTC,298MS,Devanahalli - Shivajinagar Bus Station,BR1325,3,Devanahalli,Shivajinagar Bus Station,38,0,Special,Central
BMTC,KIAS-7A,HSR BDA COMPLEX - Kempegowda International Airport,BR3602,3,HSR BDA COMPLEX,Kempegowda International Airport,50,0,Airport,Central
BMTC,143A,Neela sandra - Jagajeevanram Nagara,BR89,3,Neela sandra,Jagajeevanram Nagara,35,0,Ordinary Variant,Other
BMTC,91F,Yeshwanathapura new railway station - Srinagar,BR2560,3,Yeshwanathapura new railway station,Srinagar,46,0,Ordinary Variant,Other
BMTC,91E,Yeshwanathapura new railway station - Brudavana Nagara Jinke vana,BR2559,3,Yeshwanathapura new railway station,Brudavana Nagara Jinke vana,65,0,Ordinary Variant,Other
BMTC,298MV,Devanahalli - Devanahalli,BR1327,3,Devanahalli,Devanahalli,25,1,Special,Other
BMTC,91D,Krishnarajendra Market - Yeshwanthpura Market,BR2558,3,Krishnarajendra Market,Yeshwanthpura Market,45,0,Ordinary Variant,West
BMTC,DHH-BEML,D Hosahalli Cross - BEML Layout 5th Stage,BR3281,3,D Hosahalli Cross,BEML Layout 5th Stage,41,0,Special,Other
BMTC,91C,Srinagar - Yeshwanthpura Railway Station,BR2557,3,Srinagar,Yeshwanthpura Railway Station,40,0,Ordinary Variant,West
BMTC,CS-45E,Chennamma kere Achukattu - Kempegowda Bus Station,BR3164,3,Chennamma kere Achukattu,Kempegowda Bus Station,49,0,Ordinary Variant,Central
BMTC,ADT-NMG,Adithi School - Nelamangala,BR2600,3,Adithi School,Nelamangala,27,0,Special,Other
BMTC,600KA,Vijayanagara - Electronic City 2nd Phase,BR2441,3,Vijayanagara,Electronic City 2nd Phase,40,0,Special,South
BMTC,D21-HVHB,BMTC Depot-21 - Halage Vaderahalli,BR3221,3,BMTC Depot-21,Halage Vaderahalli,34,0,Special,Other
BMTC,600KB,Vijayanagara TTMC - Electronic City Wipro Gate,BR2442,3,Vijayanagara TTMC,Electronic City Wipro Gate,46,0,Special,South
BMTC,600KD,Vijayanagara TTMC - Electronic City Wipro Gate,BR2444,3,Vijayanagara TTMC,Electronic City Wipro Gate,46,0,Special,South
BMTC,JPV-314,Shivajinagar Bus Station - CV Raman Nagara,BR3484,3,Shivajinagar Bus Station,CV Raman Nagara,42,0,Ordinary,Central
BMTC,JPV-315,Kempegowda Bus Station - K R Puram,BR3486,3,Kempegowda Bus Station,K R Puram,34,0,Ordinary,Central
BMTC,BMT10-BNWF,Depot 10 - Banasawadi Fire Statiion,BR2709,3,Depot 10,Banasawadi Fire Statiion,35,0,Special,Other
BMTC,144E,Neelasandra Rose Garden - Shivajinagar Bus Station,BR93,3,Neelasandra Rose Garden,Shivajinagar Bus Station,50,0,Ordinary Variant,Central
BMTC,NGVF-ADT,National Games Village Frint Gate - Adithi School,BR3804,3,National Games Village Frint Gate,Adithi School,49,0,Special,Other
BMTC,HALLCA-BMT6,LCA - Depot 6,BR3363,3,LCA,Depot 6,13,0,Ordinary,Other
BMTC,144G,Neelasandra - Sulthan Palya,BR94,3,Neelasandra,Sulthan Palya,27,0,Ordinary Variant,Other
BMTC,144H,Nandhini Layout Bus Station - Neelasandra,BR95,3,Nandhini Layout Bus Station,Neelasandra,41,0,Ordinary Variant,Other
BMTC,KIAS-8A,Kuvempunagar - Kempegowda International Airport,BR3604,3,Kuvempunagar,Kempegowda International Airport,47,0,Airport,Central
BMTC,D6-INF,BMTC Depot-6 - Infosys,BR3236,3,BMTC Depot-6,Infosys,22,0,Special,Other
BMTC,144A,Gajendra Nagara - Shivajinagar Bus Station,BR92,3,Gajendra Nagara,Shivajinagar Bus Station,42,0,Ordinary Variant,Central
BMTC,KIAS-8B,BANASHANKARI TTMC - Kempegowda International Airport,BR3606,3,BANASHANKARI TTMC,Kempegowda International Airport,52,0,Airport,South
BMTC,KIAS-8C,Chandapura - Kempegowda International Airport,BR3607,3,Chandapura,Kempegowda International Airport,45,0,Airport,Central
BMTC,90E,Yeshwanthpura Railway Station - Kempegowda Bus Station,BR2555,3,Yeshwanthpura Railway Station,Kempegowda Bus Station,54,0,Ordinary Variant,West
BMTC,144K,Neelasandra - Kaval Byrasandra,BR96,3,Neelasandra,Kaval Byrasandra,30,0,Ordinary Variant,Other
BMTC,317VVVV,Maratahalli - Channabyregowda Circle,BR1569,3,Maratahalli,Channabyregowda Circle,36,0,Special,Other
BMTC,V-348B,Kempegowda Bus Station - Parangipalya,BR4094,3,Kempegowda Bus Station,Parangipalya,37,0,Ordinary Variant,Central
BMTC,WL-BDD,Wonderla Amusement Park - Bidadi Bus Stand,BR4245,3,Wonderla Amusement Park,Bidadi Bus Stand,42,0,Special,Other
BMTC,V-348N,Kempegowda Bus Station - HSR Layout 2nd Sector,BR4095,3,Kempegowda Bus Station,HSR Layout 2nd Sector,46,0,Ordinary Variant,Central
BMTC,BSK-MNCB,Manchanabele - BANASHANKARI TTMC,BR2800,3,Manchanabele,BANASHANKARI TTMC,32,0,Special,South
BMTC,Telxi-ITPL,Tata Elxsi BrigadeTeck Park - ITPL,BR3993,3,Tata Elxsi BrigadeTeck Park,ITPL,34,0,Special,East
BMTC,LGR-PSS,Laggere Last Stop - Peenya 2nd stage,BR3672,3,Laggere Last Stop,Peenya 2nd stage,36,0,Special,North
BMTC,VNC-KBS,Vinayakanagara Cross D-43 - Kempegowda Bus Station,BR4205,3,Vinayakanagara Cross D-43,Kempegowda Bus Station,50,0,Special,Central
BMTC,MP-401GV,Hebbala - Mind Tree Global Villiage,BR3753,3,Hebbala,Mind Tree Global Villiage,35,0,Special,North
BMTC,96E,Kamalanagar BEML layout - Kempegowda Bus Station,BR2579,3,Kamalanagar BEML layout,Kempegowda Bus Station,48,0,Ordinary Variant,Central
BMTC,96G,Shankararnag Bus Stop - Kempegowda Bus Station,BR2580,3,Shankararnag Bus Stop,Kempegowda Bus Station,46,0,Ordinary Variant,Central
BMTC,CR-350A,Kempegowda Bus Station - Thirupalya,BR2964,3,Kempegowda Bus Station,Thirupalya,35,0,Ordinary Variant,Central
BMTC,96H,Shankararnag Bus Stop - Kempegowda Bus Station,BR2581,3,Shankararnag Bus Stop,Kempegowda Bus Station,46,0,Ordinary Variant,Central
BMTC,LGR-PSB,Laggere - Peenya Satellite Bus Station,BR3671,3,Laggere,Peenya Satellite Bus Station,38,0,Special,North
BMTC,CR-350E,KR Market - Nanjapura,BR2965,3,KR Market,Nanjapura,21,0,Ordinary Variant,Central
BMTC,CNP-KBS,Channa Nayakanapalya - Kempegowda Bus Station,BR2872,3,Channa Nayakanapalya,Kempegowda Bus Station,45,0,Special,Central
BMTC,96A,Kempegowda Bus Station - Kempegowda Bus Station,BR2575,3,Kempegowda Bus Station,Kempegowda Bus Station,47,1,Ordinary Variant,Central
BMTC,96B,Kamalanagar BEML layout - Kempegowda Bus Station,BR2577,3,Kamalanagar BEML layout,Kempegowda Bus Station,48,0,Ordinary Variant,Central
BMTC,96C,Shankararnag Bus Stop - Kempegowda Bus Station,BR2578,3,Shankararnag Bus Stop,Kempegowda Bus Station,46,0,Ordinary Variant,Central
BMTC,v-331A2,Shivajinagar Bus Station - Kadugodi,BR4062,3,Shivajinagar Bus Station,Kadugodi,35,0,Ordinary,East
BMTC,v-331A6,Kadugodi - Kempegowda Bus Station,BR4066,3,Kadugodi,Kempegowda Bus Station,33,0,Ordinary,East
BMTC,v-331A5,Kempegowda Bus Station - Kadugodi,BR4065,3,Kempegowda Bus Station,Kadugodi,33,0,Ordinary,East
BMTC,v-331A4,Kadugodi - Kempegowda Bus Station,BR4064,3,Kadugodi,Kempegowda Bus Station,33,0,Ordinary,East
BMTC,v-331A3,Kadugodi - Hebbala,BR4063,3,Kadugodi,Hebbala,18,0,Ordinary,North
BMTC,MRNB-AIT,Ambedkar College - Jayanagara 9th Block,BR3773,3,Ambedkar College,Jayanagara 9th Block,39,0,Special,South
BMTC,95G,Shankararnag Bus Stop - Shivajinagar Bus Station,BR2573,3,Shankararnag Bus Stop,Shivajinagar Bus Station,48,0,Ordinary Variant,Central
BMTC,ORRCA-JPNBG,Outer Ring Road Company Association - JP Nagar 7th Phase Brigade Gardenia,BR3842,3,Outer Ring Road Company Association,JP Nagar 7th Phase Brigade Gardenia,73,0,Special,South
BMTC,95D,Mahalakshmi Layout - Krishnarajendra Market,BR2571,3,Mahalakshmi Layout,Krishnarajendra Market,43,0,Ordinary Variant,Central
BMTC,CR-340H,Munnekolalu - ITPL,BR2954,3,Munnekolalu,ITPL,18,0,Ordinary Variant,East
BMTC,95E,Patelappa Layout - Kamalanagar BEML layout,BR2572,3,Patelappa Layout,Kamalanagar BEML layout,42,0,Ordinary Variant,Other
BMTC,95B,Shankararnag Bus Stop - Krishnarajendra Market,BR2569,3,Shankararnag Bus Stop,Krishnarajendra Market,46,0,Ordinary Variant,Central
BMTC,MP-335E,Kempegowda Bus Station - Kadugodi,BR3747,3,Kempegowda Bus Station,Kadugodi,33,0,Ordinary Variant,East
BMTC,95C,Kamalanagar BEML layout - Shivajinagar Bus Station,BR2570,3,Kamalanagar BEML layout,Shivajinagar Bus Station,50,0,Ordinary Variant,Central
BMTC,95A,Kamalanagar BEML layout - Krishnarajendra Market,BR2567,3,Kamalanagar BEML layout,Krishnarajendra Market,48,0,Ordinary Variant,Central
BMTC,SCS-KMT,St. Clare School - Krishnarajendra Market,BR3942,3,St. Clare School,Krishnarajendra Market,41,0,Special,Central
BMTC,IAF-BMT11,IAF - Depot 11,BR3408,3,IAF,Depot 11,14,0,Ordinary,Other
BMTC,298PB,Vijayapura - Hosakote Bus Stand,BR1330,3,Vijayapura,Hosakote Bus Stand,31,0,Special,Other
BMTC,298PA,Vijayapura - Hosakote Bus Stand,BR1329,3,Vijayapura,Hosakote Bus Stand,31,0,Special,Other
BMTC,CR-402B,Karnataka High Court - Judicial Layout,BR2994,3,Karnataka High Court,Judicial Layout,38,0,Ordinary Variant,Other
BMTC,298PD,Nallur - Krishnarajendra Market,BR1332,3,Nallur,Krishnarajendra Market,31,0,Special,Central
BMTC,298PC,Vijayapura - Hosakote Bus Stand,BR1331,3,Vijayapura,Hosakote Bus Stand,31,0,Special,Other
BMTC,MEBP-RRNBEML,Manyatha Embasy Business Park - Rajarajeshwarinagara BEML Layout,BR3716,3,Manyatha Embasy Business Park,Rajarajeshwarinagara BEML Layout,64,0,Special,Other
BMTC,KIAS-4A,Whitefield TTMC - Kempegowda International Airport,BR3596,3,Whitefield TTMC,Kempegowda International Airport,50,0,Airport,East
BMTC,94C,Mohan Kumar Nagara - Shivajinagar Bus Station,BR2563,3,Mohan Kumar Nagara,Shivajinagar Bus Station,45,0,Ordinary Variant,Central
BMTC,CR-352E,Chandapura - Mahadeshwara Layout,BR2966,3,Chandapura,Mahadeshwara Layout,32,0,Ordinary Variant,Other
BMTC,140E,Ejipura - Krishnarajendra Market,BR83,3,Ejipura,Krishnarajendra Market,32,0,Ordinary Variant,Central
BMTC,94D,Chowdeshwari Bus Stand JP Park - Shivajinagar Bus Station,BR2564,3,Chowdeshwari Bus Stand JP Park,Shivajinagar Bus Station,57,0,Ordinary Variant,Central
BMTC,TATA-ELEXI-HUSG,TATA ELEXI LIMITED - Huskur Gate,BR3988,3,TATA ELEXI LIMITED,Huskur Gate,32,0,Special,Other
BMTC,94E,Yeshwanthpura Railway Station - Shivajinagar Bus Station,BR2565,3,Yeshwanthpura Railway Station,Shivajinagar Bus Station,56,0,Ordinary Variant,West
BMTC,KBS-ADDE,Kempegowda Bus Station - Adde Gramme,BR3526,3,Kempegowda Bus Station,Adde Gramme,36,0,Special,Central
BMTC,140B,Karnataka Housing Complex - Krishnarajendra Market,BR81,3,Karnataka Housing Complex,Krishnarajendra Market,50,0,Ordinary Variant,Central
BMTC,140A,Srinivagilu - Krishnarajendra Market,BR80,3,Srinivagilu,Krishnarajendra Market,36,0,Ordinary Variant,Central
BMTC,140D,Vijayanagara TTMC - Karnataka Housing Complex,BR82,3,Vijayanagara TTMC,Karnataka Housing Complex,45,0,Ordinary Variant,South
BMTC,94B,Shivajinagar Bus Station - Yeshwanathapura new railway station,BR2562,3,Shivajinagar Bus Station,Yeshwanathapura new railway station,62,0,Ordinary Variant,Central
BMTC,NGEF-CSB,NGEF - Central Silk Board,BR3802,3,NGEF,Central Silk Board,25,0,Special,Other
BMTC,D18-WFTTMC,Depot-18 - Whitefield TTMC,BR3217,3,Depot-18,Whitefield TTMC,26,0,Special,East
BMTC,BMT9-KTN,Depot 9 - Kittanahalli,BR2773,3,Depot 9,Kittanahalli,22,0,Special,Other
BMTC,367F,Kempegowda Bus Station - Pillaganahalli,BR2021,3,Kempegowda Bus Station,Pillaganahalli,39,0,Ordinary Variant,Central
BMTC,CR-342Q,Krishnarajendra Market - Kodathi Silk Warm,BR2959,3,Krishnarajendra Market,Kodathi Silk Warm,42,0,Ordinary Variant,Central
BMTC,GBHS-BDD,Gnana Bodini School - Bidadi,BR3334,3,Gnana Bodini School,Bidadi,28,0,Special,Other
BMTC,367D,Krishnarajendra Market - Kalkere,BR2020,3,Krishnarajendra Market,Kalkere,32,0,Ordinary Variant,Central
BMTC,DPT-CSB,Dinnur Puspanjali Talkies - Central Silk Board,BR3289,3,Dinnur Puspanjali Talkies,Central Silk Board,46,0,Special,Other
BMTC,STJW-DEPOT-25,St John Wood Apartments - Depot-25,BR3983,3,St John Wood Apartments,Depot-25,34,0,Ordinary,Other
BMTC,CS-410,Bommanahalli - Jalahalli Cross,BR3163,3,Bommanahalli,Jalahalli Cross,30,0,Ordinary,North
BMTC,KRC-NLO,KR Circle - Nandini Layout,BR3639,3,KR Circle,Nandini Layout,26,0,Special,Other
BMTC,CR-342F,Infosys - Gunjoor,BR2957,3,Infosys,Gunjoor,17,0,Ordinary Variant,Other
BMTC,CR-342C,Chokkasandra - Ganjoor,BR2956,3,Chokkasandra,Ganjoor,22,0,Ordinary Variant,Other
BMTC,366V,Krishnarajendra Market - Nayanahalli,BR2012,3,Krishnarajendra Market,Nayanahalli,36,0,Ordinary Variant,Central
BMTC,CR-342A,Krishnarajendra Market - CPWD Quarters,BR2955,3,Krishnarajendra Market,CPWD Quarters,38,0,Ordinary Variant,Central
BMTC,366T,Krishnarajendra Market - Lingapura,BR2011,3,Krishnarajendra Market,Lingapura,34,0,Ordinary Variant,Central
BMTC,CS-369N,Krishnarajendra Market - Yelenahalli,BR3152,3,Krishnarajendra Market,Yelenahalli,36,0,Ordinary Variant,Central
BMTC,366Z,Krishnarajendra Market - Anekal Bus Stand,BR2015,3,Krishnarajendra Market,Anekal Bus Stand,41,0,Ordinary Variant,Central
BMTC,YLKSB-VTTMC,Yelahanka Satellite Town - Vijayanagara TTMC,BR4262,3,Yelahanka Satellite Town,Vijayanagara TTMC,44,0,Special,North
BMTC,366X,Krishnarajendra Market - Tattekere,BR2014,3,Krishnarajendra Market,Tattekere,34,0,Ordinary Variant,Central
BMTC,366W,Krishnarajendra Market - Vaderamanchanahalli,BR2013,3,Krishnarajendra Market,Vaderamanchanahalli,44,0,Ordinary Variant,Central
BMTC,367C,Krishnarajendra Market - CK Palya,BR2018,3,Krishnarajendra Market,CK Palya,33,0,Ordinary Variant,Central
BMTC,367B,Krishnarajendra Market - Krishnarajendra Market,BR2017,3,Krishnarajendra Market,Krishnarajendra Market,47,1,Ordinary Variant,Central
BMTC,368E,Shivajinagar Bus Station - Arekere lakshmi Layout,BR2025,3,Shivajinagar Bus Station,Arekere lakshmi Layout,49,0,Ordinary Variant,Central
BMTC,368F,Shivajinagar Bus Station - Devarachikkanahalli,BR2026,3,Shivajinagar Bus Station,Devarachikkanahalli,46,0,Ordinary Variant,Central
BMTC,KGR-KDG,Kengeri TTMC - Kudhurgere Madhanayakanahalli,BR3582,3,Kengeri TTMC,Kudhurgere Madhanayakanahalli,44,0,Special,South
BMTC,368H,Shivajinagar Bus Station - Yelenahalli,BR2027,3,Shivajinagar Bus Station,Yelenahalli,38,0,Ordinary Variant,Central
BMTC,KDGH-CHLC,Kodigehalli Yelahanka road - Christel House Learning School,BR3571,3,Kodigehalli Yelahanka road,Christel House Learning School,59,0,Special,North
BMTC,368N,Koramangala - Bannerghatta National Park,BR2028,3,Koramangala,Bannerghatta National Park,40,0,Ordinary Variant,Other
BMTC,BHELG-RMNPS,Ramamurthinagar Police Station - BHEL Gate,BR2684,3,Ramamurthinagar Police Station,BHEL Gate,42,0,Special,Other
BMTC,368D,Shivajinagar Bus Station - Shanthinikethana Layout,BR2024,3,Shivajinagar Bus Station,Shanthinikethana Layout,50,0,Ordinary Variant,Central
BMTC,368C,Shivajinagar Bus Station - Jigani,BR2023,3,Shivajinagar Bus Station,Jigani,33,0,Ordinary Variant,Central
BMTC,KNP-HALLCA,K NarayanaPura Cross - HAL/LCA,BR3628,3,K NarayanaPura Cross,HAL/LCA,30,0,Special,Other
BMTC,369M,Kempegowda Bus Station - Hulimavu,BR2040,3,Kempegowda Bus Station,Hulimavu,33,0,Ordinary Variant,Central
BMTC,369J,Kempegowda Bus Station - CK Palya,BR2039,3,Kempegowda Bus Station,CK Palya,33,0,Ordinary Variant,Central
BMTC,BPHNB-ELCW,Electronic City Wipro Gate - Baiyappanahalli Satellite Bus Station,BR2786,3,Electronic City Wipro Gate,Baiyappanahalli Satellite Bus Station,66,0,Special,Other
BMTC,369H,Kempegowda Bus Station - Arekere MICO Layout,BR2038,3,Kempegowda Bus Station,Arekere MICO Layout,44,0,Ordinary Variant,Central
BMTC,99A,Kempegowda Bus Station - Mohan Kumar Nagara,BR2586,3,Kempegowda Bus Station,Mohan Kumar Nagara,43,0,Ordinary Variant,Central
BMTC,VD-330,HAL Main Gate - Vidhana Soudha,BR4195,3,HAL Main Gate,Vidhana Soudha,30,0,Ordinary,Other
BMTC,369F,Kempegowda Bus Station - Hommadevanahalli,BR2036,3,Kempegowda Bus Station,Hommadevanahalli,41,0,Ordinary Variant,Central
BMTC,369G,Kempegowda Bus Station - Chikkakammanahalli,BR2037,3,Kempegowda Bus Station,Chikkakammanahalli,43,0,Ordinary Variant,Central
BMTC,99B,Kempegowda Bus Station - Chowdeshwari Bus Stand JP Park,BR2587,3,Kempegowda Bus Station,Chowdeshwari Bus Stand JP Park,55,0,Ordinary Variant,Central
BMTC,MTK-VNC,Muthkur Hesaraghatta - Vinayakanagara Cross D-43,BR3784,3,Muthkur Hesaraghatta,Vinayakanagara Cross D-43,48,0,Special,Other
BMTC,366AA,Krishnarajendra Market - Bilekalli Village,BR1991,3,Krishnarajendra Market,Bilekalli Village,42,0,Special,Central
BMTC,369R,Krishnarajendra Market - Chikkakammanahalli,BR2044,3,Krishnarajendra Market,Chikkakammanahalli,43,0,Ordinary Variant,Central
BMTC,369P,Krishnarajendra Market - Beguru,BR2042,3,Krishnarajendra Market,Beguru,31,0,Ordinary Variant,Central
BMTC,369Q,BANASHANKARI TTMC - Chikkakammanahalli,BR2043,3,BANASHANKARI TTMC,Chikkakammanahalli,38,0,Ordinary Variant,South
BMTC,369N,Krishnarajendra Market - Yelenahalli,BR2041,3,Krishnarajendra Market,Yelenahalli,36,0,Ordinary Variant,Central
BMTC,366AB,Krishnarajendra Market - Kodi Chikkanahalli,BR1992,3,Krishnarajendra Market,Kodi Chikkanahalli,43,0,Special,Central
BMTC,ORRCA-ANG,ORRCA-ECOSPICE - Avalahalli Nandi Garden,BR3839,3,ORRCA-ECOSPICE,Avalahalli Nandi Garden,40,0,Special,Other
BMTC,ORRCA-RBILO,Outer Ring Road Company Association - RBI Layout,BR3845,3,Outer Ring Road Company Association,RBI Layout,48,0,Special,Other
BMTC,BGR-KRPRS,KR Puram Railway Station - Begur,BR2683,3,KR Puram Railway Station,Begur,32,0,Special,East
BMTC,D21-MTL,BMTC Depot-21 - Mathikere,BR3225,3,BMTC Depot-21,Mathikere,25,0,Special,Other
BMTC,ISVH-KBS,Esuvanahalli - Kempegowda Bus Station,BR3420,3,Esuvanahalli,Kempegowda Bus Station,37,0,Special,Central
BMTC,369E,Krishnarajendra Market - Chikkakammanahalli,BR2035,3,Krishnarajendra Market,Chikkakammanahalli,43,0,Ordinary Variant,Central
BMTC,369D,Kempegowda Bus Station - Shanthinikethana Layout,BR2034,3,Kempegowda Bus Station,Shanthinikethana Layout,48,0,Ordinary Variant,Central
BMTC,369C,Kempegowda Bus Station - Hulimavu,BR2032,3,Kempegowda Bus Station,Hulimavu,33,0,Ordinary Variant,Central
BMTC,369B,Krishnarajendra Market - Shanthinikethana Layout,BR2031,3,Krishnarajendra Market,Shanthinikethana Layout,48,0,Ordinary Variant,Central
BMTC,369A,Krishnarajendra Market - Arekere lakshmi Layout,BR2030,3,Krishnarajendra Market,Arekere lakshmi Layout,47,0,Ordinary Variant,Central
BMTC,MEBP-GTG,Manyatha Embasy Business Park - Gottigere,BR3703,3,Manyatha Embasy Business Park,Gottigere,41,0,Special,Other
BMTC,98F,Kempegowda Bus Station - Vidhanasoudha Layout,BR2584,3,Kempegowda Bus Station,Vidhanasoudha Layout,45,0,Ordinary Variant,Central
BMTC,98E,Kempegowda Bus Station - Laxmidevi Nagar,BR2583,3,Kempegowda Bus Station,Laxmidevi Nagar,40,0,Ordinary Variant,Central
BMTC,98C,Patalappa Layout - Kempegowda Bus Station,BR2582,3,Patalappa Layout,Kempegowda Bus Station,41,0,Ordinary Variant,Central
BMTC,RBILO-ORRCA,RBI Layout - Outer Ring Road Company Association,BR3898,3,RBI Layout,Outer Ring Road Company Association,48,0,Special,Other
BMTC,SPGC-MEBP,Sapthagiri College Chikka Banawara - Manyatha Embasy Business Park,BR3973,3,Sapthagiri College Chikka Banawara,Manyatha Embasy Business Park,66,0,Special,Other
BMTC,366BA,Krishnarajendra Market - Seethanayakanahalli,BR1994,3,Krishnarajendra Market,Seethanayakanahalli,44,0,Special,Central
BMTC,CR-356M,Kempegowda Bus Station - Depot 27,BR2970,3,Kempegowda Bus Station,Depot 27,33,0,Ordinary Variant,Central
BMTC,CR-356H,Electronic City Wipro Gate - Sarjapura Wipro,BR2969,3,Electronic City Wipro Gate,Sarjapura Wipro,44,0,Ordinary Variant,Other
BMTC,98G,Lottegollahalli Railway Colony - Kempegowda Bus Station,BR2585,3,Lottegollahalli Railway Colony,Kempegowda Bus Station,55,0,Ordinary Variant,Central
BMTC,ASK-HGV,Arishinakunte - Hesaraghatta Village,BR2644,3,Arishinakunte,Hesaraghatta Village,36,0,Special,Other
BMTC,Depot11-SDNI,Depot 11 - Sadasdashiva Nagar Indian Bank,BR3264,3,Depot 11,Sadasdashiva Nagar Indian Bank,41,0,Special,Other
BMTC,MEBP-JPNBKC,Manyatha Embasy Business Park - JPNagar B K Circle,BR3708,3,Manyatha Embasy Business Park,JPNagar B K Circle,50,0,Special,Other
BMTC,KIAS-11,Malleshwaram 18th Cross - Kempegowda International Airport,BR3593,3,Malleshwaram 18th Cross,Kempegowda International Airport,58,0,Airport,West
BMTC,KIAS-10,MCTC Bus Stand - Kempegowda International Airport,BR3592,3,MCTC Bus Stand,Kempegowda International Airport,49,0,Airport,Central
BMTC,BSK-KGR-CKH,Banashankari Bus Station - Chikkanahalli,BR2799,3,Banashankari Bus Station,Chikkanahalli,40,0,Special,South
BMTC,KIAS-12,BTM Layout - Kempegowda International Airport,BR3594,3,BTM Layout,Kempegowda International Airport,45,0,Airport,Central
BMTC,250G,Krishnarajendra Market - Ravindra Nagara,BR783,3,Krishnarajendra Market,Ravindra Nagara,40,0,Ordinary Variant,Central
BMTC,SCS-KSP,Kengeri Police Station - St. Clare School,BR3943,3,Kengeri Police Station,St. Clare School,41,0,Special,South
BMTC,250H,Kempegowda Bus Station - Chimani Hills,BR784,3,Kempegowda Bus Station,Chimani Hills,38,0,Ordinary Variant,Central
BMTC,CR-346M,Kempegowda Bus Station - Gollahalli,BR2961,3,Kempegowda Bus Station,Gollahalli,35,0,Ordinary Variant,Central
BMTC,250E,Krishnarajendra Market - Thammenahalli,BR781,3,Krishnarajendra Market,Thammenahalli,38,0,Ordinary Variant,Central
BMTC,250F,Krishnarajendra Market - Somashettihalli,BR782,3,Krishnarajendra Market,Somashettihalli,40,0,Ordinary Variant,Central
BMTC,ORKK-VNS,RR Kalyanamantapa Okalipuram - Vidyaniketan School,BR3838,3,RR Kalyanamantapa Okalipuram,Vidyaniketan School,50,0,Special,West
BMTC,PK-89A,Kempegowda Bus Station - Cauvery Nagar,BR3881,3,Kempegowda Bus Station,Cauvery Nagar,38,0,Ordinary Variant,Central
BMTC,250L,Kempegowda Bus Station - Ravindra Nagara,BR788,3,Kempegowda Bus Station,Ravindra Nagara,40,0,Ordinary Variant,Central
BMTC,250I,Kempegowda Bus Station - Acharya College Chikkabanavara,BR785,3,Kempegowda Bus Station,Acharya College Chikkabanavara,55,0,Ordinary Variant,Central
BMTC,250J,Kempegowda Bus Station - Thotada Guddadahalli,BR786,3,Kempegowda Bus Station,Thotada Guddadahalli,45,0,Ordinary Variant,Central
BMTC,363A,Banashankari Bus Station - Parappana Agrahara,BR1962,3,Banashankari Bus Station,Parappana Agrahara,45,0,Ordinary Variant,South
BMTC,MDLM-MEBP,Madiwala MARKET - Manyatha Embasy Business Park,BR3698,3,Madiwala MARKET,Manyatha Embasy Business Park,47,0,Special,Other
BMTC,250C,Kempegowda Bus Station - Bagalagunte Village,BR774,3,Kempegowda Bus Station,Bagalagunte Village,44,0,Ordinary Variant,Central
BMTC,250D,Ghanigara Halli - Kempegowda Bus Station,BR778,3,Ghanigara Halli,Kempegowda Bus Station,40,0,Ordinary Variant,Central
BMTC,250A,Krishnarajendra Market - Bagalagunte Village,BR767,3,Krishnarajendra Market,Bagalagunte Village,44,0,Ordinary Variant,Central
BMTC,250B,Kempegowda Bus Station - Thammenahalli,BR772,3,Kempegowda Bus Station,Thammenahalli,38,0,Ordinary Variant,Central
BMTC,DEPOT-25-GGBS,Depot-25 - Gottigere,BR3252,3,Depot-25,Gottigere,20,0,Special,Other
BMTC,MF-10,Vijayanagara TTMC - Shivajinagar Bus Station,BR3726,3,Vijayanagara TTMC,Shivajinagar Bus Station,44,0,Ordinary,South
BMTC,MRNB-TJC,Jayanagara 9th Block - T John College Campus,BR3775,3,Jayanagara 9th Block,T John College Campus,44,0,Special,South
BMTC,FDR-11,Bidadi - Bidadi,BR3307,3,Bidadi,Bidadi,15,1,Ordinary,Other
BMTC,362S,Shivajinagar Bus Station - Anekal,BR1961,3,Shivajinagar Bus Station,Anekal,33,0,Ordinary Variant,Central
BMTC,FDR-10,BANASHANKARI TTMC - Banashankari Bus Station,BR3306,3,BANASHANKARI TTMC,Banashankari Bus Station,44,0,Ordinary,South
BMTC,364J,Kempegowda Bus Station - DUO Hight Layout,BR1972,3,Kempegowda Bus Station,DUO Hight Layout,41,0,Ordinary Variant,Central
BMTC,251G,Krishnarajendra Market - Muthkur Hesaraghatta,BR812,3,Krishnarajendra Market,Muthkur Hesaraghatta,45,0,Ordinary Variant,Central
BMTC,KBS-PPBS,Kempegowda Bus Station - Papareddy Palya Bus Stand,BR3553,3,Kempegowda Bus Station,Papareddy Palya Bus Stand,50,0,Special,Central
BMTC,251M,Krishnarajendra Market - Karlapura Palya,BR813,3,Krishnarajendra Market,Karlapura Palya,40,0,Ordinary Variant,Central
BMTC,364B,Kempegowda Bus Station - Devarachikkanahalli,BR1965,3,Kempegowda Bus Station,Devarachikkanahalli,44,0,Ordinary Variant,Central
BMTC,364A,Kempegowda Bus Station - Arekere MICO Layout,BR1964,3,Kempegowda Bus Station,Arekere MICO Layout,44,0,Ordinary Variant,Central
BMTC,364D,Vijayanagara - Devarachikkanahalli,BR1967,3,Vijayanagara,Devarachikkanahalli,34,0,Ordinary Variant,South
BMTC,251A,Krishnarajendra Market - Kakolu,BR807,3,Krishnarajendra Market,Kakolu,31,0,Ordinary Variant,Central
BMTC,364C,Kempegowda Bus Station - Vijaya Bank Layout,BR1966,3,Kempegowda Bus Station,Vijaya Bank Layout,43,0,Ordinary Variant,Central
BMTC,251B,Rajanukunte - Kempegowda Bus Station,BR808,3,Rajanukunte,Kempegowda Bus Station,36,0,Ordinary Variant,Central
BMTC,364F,Kempegowda Bus Station - Nayanappanahalli,BR1969,3,Kempegowda Bus Station,Nayanappanahalli,41,0,Ordinary Variant,Central
BMTC,251C,Laggere - Shivajinagar Bus Station,BR809,3,Laggere,Shivajinagar Bus Station,34,0,Ordinary Variant,Central
BMTC,364E,Boopa Sandra - Devarachikkanahalli,BR1968,3,Boopa Sandra,Devarachikkanahalli,34,0,Ordinary Variant,Other
BMTC,251D,Krishnarajendra Market - Rajeev Gandhi Nagara,BR810,3,Krishnarajendra Market,Rajeev Gandhi Nagara,45,0,Ordinary Variant,Central
BMTC,251E,Krishnarajendra Market - Laggere,BR811,3,Krishnarajendra Market,Laggere,32,0,Ordinary Variant,Central
BMTC,364G,Kempegowda Bus Station - Kodi Chikkanahalli,BR1971,3,Kempegowda Bus Station,Kodi Chikkanahalli,43,0,Ordinary Variant,Central
BMTC,250V,Thammenahalli - Shivajinagar Bus Station,BR799,3,Thammenahalli,Shivajinagar Bus Station,40,0,Ordinary Variant,Central
BMTC,250X,Thammenahalli - Shivajinagar Bus Station,BR801,3,Thammenahalli,Shivajinagar Bus Station,40,0,Ordinary Variant,Central
BMTC,250W,Chikkabanavara - Shivajinagar Bus Station,BR800,3,Chikkabanavara,Shivajinagar Bus Station,41,0,Ordinary Variant,Central
BMTC,250Z,Kempegowda Bus Station - Achyutha Nagara,BR805,3,Kempegowda Bus Station,Achyutha Nagara,40,0,Ordinary Variant,Central
BMTC,250Y,Kudhurgere Madhanayakanahalli - Kempegowda Bus Station,BR802,3,Kudhurgere Madhanayakanahalli,Kempegowda Bus Station,54,0,Ordinary Variant,Central
BMTC,250N,Shivajinagar Bus Station - MEI Layout,BR790,3,Shivajinagar Bus Station,MEI Layout,37,0,Ordinary Variant,Central
BMTC,250M,Kempegowda Bus Station - MEI Layout,BR789,3,Kempegowda Bus Station,MEI Layout,35,0,Ordinary Variant,Central
BMTC,250P,Kempegowda Bus Station - Chikkabanavara,BR791,3,Kempegowda Bus Station,Chikkabanavara,39,0,Ordinary Variant,Central
BMTC,250R,Krishnarajendra Market - Chimani Hills,BR792,3,Krishnarajendra Market,Chimani Hills,38,0,Ordinary Variant,Central
BMTC,KBS-DAC,Kempegowda Bus Station - Ambedkar College Circle,BR3532,3,Kempegowda Bus Station,Ambedkar College Circle,48,0,Special,Central
BMTC,600QA,BANASHANKARI TTMC - BANASHANKARI TTMC,BR2446,3,BANASHANKARI TTMC,BANASHANKARI TTMC,37,1,Special,South
BMTC,250T,Krishnarajendra Market - Kudhurgere Madhanayakanahalli,BR796,3,Krishnarajendra Market,Kudhurgere Madhanayakanahalli,54,0,Ordinary Variant,Central
BMTC,250S,Kempegowda Bus Station - Geleyara Balaga,BR794,3,Kempegowda Bus Station,Geleyara Balaga,40,0,Ordinary Variant,Central
BMTC,KBS-1I,Kempegowda Bus Station - Kadugodi,BR3519,3,Kempegowda Bus Station,Kadugodi,33,0,Ordinary Variant,East
BMTC,365Q,Kempegowda Bus Station - Dyavasandra,BR1985,3,Kempegowda Bus Station,Dyavasandra,36,0,Ordinary Variant,Central
BMTC,252N,Jeevanahalli - Peenya 2nd stage,BR828,3,Jeevanahalli,Peenya 2nd stage,31,0,Ordinary Variant,North
BMTC,365P,Kempegowda Bus Station - Anekal,BR1984,3,Kempegowda Bus Station,Anekal,31,0,Ordinary Variant,Central
BMTC,KBS-1K,Kempegowda Bus Station - Kadugodi,BR3520,3,Kempegowda Bus Station,Kadugodi,33,0,Ordinary Variant,East
BMTC,Depot14-KNPC,Depot 14 - K NarayanaPura Cross,BR3270,3,Depot 14,K NarayanaPura Cross,31,0,Special,Other
BMTC,252K,Shivajinagar Bus Station - Karim Sab Layout,BR826,3,Shivajinagar Bus Station,Karim Sab Layout,43,0,Ordinary Variant,Central
BMTC,252L,Bandi Reddy Circle - Peenya 2nd stage,BR827,3,Bandi Reddy Circle,Peenya 2nd stage,37,0,Ordinary Variant,North
BMTC,365N,Kempegowda Bus Station - Giddenahalli,BR1983,3,Kempegowda Bus Station,Giddenahalli,37,0,Ordinary Variant,Central
BMTC,365M,Bannerghatta National Park - Yelahanka Satelite Town 4th Phase,BR1982,3,Bannerghatta National Park,Yelahanka Satelite Town 4th Phase,62,0,Ordinary Variant,North
BMTC,CR-150,BEML - Sarjapura Signal,BR2891,3,BEML,Sarjapura Signal,23,0,Ordinary,Other
BMTC,252J,Boopa Sandra - Peenya 2nd stage,BR825,3,Boopa Sandra,Peenya 2nd stage,31,0,Ordinary Variant,North
BMTC,252G,Kempegowda Bus Station - Byadarahalli,BR822,3,Kempegowda Bus Station,Byadarahalli,37,0,Ordinary Variant,Central
BMTC,365K,Kempegowda Bus Station - CK Palya,BR1981,3,Kempegowda Bus Station,CK Palya,33,0,Ordinary Variant,Central
BMTC,252H,Kempegowda Bus Station - Laggere,BR824,3,Kempegowda Bus Station,Laggere,32,0,Ordinary Variant,Central
BMTC,365J,Kempegowda Bus Station - Jigani APC Cricle,BR1980,3,Kempegowda Bus Station,Jigani APC Cricle,42,0,Ordinary Variant,Central
BMTC,252E,Kempegowda Bus Station - Laggere,BR818,3,Kempegowda Bus Station,Laggere,32,0,Ordinary Variant,Central
BMTC,252F,Kempegowda Bus Station - Peenya 2nd stage,BR819,3,Kempegowda Bus Station,Peenya 2nd stage,41,0,Ordinary Variant,North
BMTC,365H,Kempegowda Bus Station - Jigani Bus Stand,BR1979,3,Kempegowda Bus Station,Jigani Bus Stand,41,0,Ordinary Variant,Central
BMTC,252C,Kempegowda Bus Station - Machohalli,BR816,3,Kempegowda Bus Station,Machohalli,35,0,Ordinary Variant,Central
BMTC,252D,Kempegowda Bus Station - Rajani Farm,BR817,3,Kempegowda Bus Station,Rajani Farm,36,0,Ordinary Variant,Central
BMTC,365F,Kempegowda Bus Station - Nosenoor,BR1978,3,Kempegowda Bus Station,Nosenoor,33,0,Ordinary Variant,Central
BMTC,252A,Peenya 2nd stage - Shivajinagar Bus Station,BR815,3,Peenya 2nd stage,Shivajinagar Bus Station,43,0,Ordinary Variant,North
BMTC,365E,Kempegowda Bus Station - Shanubhogana Halli,BR1977,3,Kempegowda Bus Station,Shanubhogana Halli,43,0,Ordinary Variant,Central
BMTC,365D,Kempegowda Bus Station - Bilwarada Halli,BR1976,3,Kempegowda Bus Station,Bilwarada Halli,40,0,Ordinary Variant,Central
BMTC,365C,Kempegowda Bus Station - Koppa,BR1975,3,Kempegowda Bus Station,Koppa,30,0,Ordinary Variant,Central
BMTC,365B,Kempegowda Bus Station - Malenallasandra,BR1974,3,Kempegowda Bus Station,Malenallasandra,40,0,Ordinary Variant,Central
BMTC,BMT10-HBRF,Depot 10 - HBR Layout Ist Stage,BR2711,3,Depot 10,HBR Layout Ist Stage,31,0,Special,Other
BMTC,CR-15A,GPO - BTM Layout Bus Stop,BR2892,3,GPO,BTM Layout Bus Stop,25,0,Ordinary Variant,Other
BMTC,CKB-ITPL,Chikkabanawara - ITPL,BR2864,3,Chikkabanawara,ITPL,21,0,Special,East
BMTC,CR-348D,Sophiya High School - Kempegowda Bus Station,BR2962,3,Sophiya High School,Kempegowda Bus Station,44,0,Ordinary Variant,Central
BMTC,253L,Peenya 2nd stage - Doddaballapura,BR847,3,Peenya 2nd stage,Doddaballapura,33,0,Ordinary Variant,North
BMTC,366P,Meenakshi Layout - Bannerghatta National Park,BR2007,3,Meenakshi Layout,Bannerghatta National Park,45,0,Ordinary Variant,Other
BMTC,253M,Kempegowda Bus Station - Totagere,BR848,3,Kempegowda Bus Station,Totagere,33,0,Ordinary Variant,Central
BMTC,253N,Krishnarajendra Market - Kodihalli Hesarugatta,BR849,3,Krishnarajendra Market,Kodihalli Hesarugatta,46,0,Ordinary Variant,Central
BMTC,366R,Krishnarajendra Market - Vaddarapalya,BR2010,3,Krishnarajendra Market,Vaddarapalya,37,0,Ordinary Variant,Central
BMTC,366Q,Krishnarajendra Market - Dyavasandra,BR2008,3,Krishnarajendra Market,Dyavasandra,36,0,Ordinary Variant,Central
BMTC,CR-349L,KR Market - Shanthipura,BR2963,3,KR Market,Shanthipura,23,0,Ordinary Variant,Central
BMTC,253H,Krishnarajendra Market - Muppadighatta,BR841,3,Krishnarajendra Market,Muppadighatta,38,0,Ordinary Variant,Central
BMTC,366L,Krishnarajendra Market - Bukkasagara,BR2003,3,Krishnarajendra Market,Bukkasagara,36,0,Ordinary Variant,Central
BMTC,366K,Krishnarajendra Market - Uraganadoddi Bannerughatta Area,BR2001,3,Krishnarajendra Market,Uraganadoddi Bannerughatta Area,56,0,Ordinary Variant,Central
BMTC,BMT11-JLO,Depot 11 - Jakkur Layout,BR2722,3,Depot 11,Jakkur Layout,24,0,Special,Other
BMTC,253J,Kempegowda Bus Station - Hesaraghatta Village,BR845,3,Kempegowda Bus Station,Hesaraghatta Village,45,0,Ordinary Variant,Central
BMTC,366N,Krishnarajendra Market - Giddenahalli,BR2006,3,Krishnarajendra Market,Giddenahalli,37,0,Ordinary Variant,Central
BMTC,253K,Krishnarajendra Market - Kanasawadi Madhure Temple,BR846,3,Krishnarajendra Market,Kanasawadi Madhure Temple,50,0,Ordinary Variant,Central
BMTC,366M,Krishnarajendra Market - Byatarayana Doddi,BR2004,3,Krishnarajendra Market,Byatarayana Doddi,42,0,Ordinary Variant,Central
BMTC,YLKP-VTTMC,Yelahanka Police Station - Vijayanagara TTMC,BR4261,3,Yelahanka Police Station,Vijayanagara TTMC,44,0,Special,North
BMTC,253D,Krishnarajendra Market - Thore Nagasandra,BR837,3,Krishnarajendra Market,Thore Nagasandra,41,0,Ordinary Variant,Central
BMTC,366H,Krishnarajendra Market - Jigani,BR2000,3,Krishnarajendra Market,Jigani,31,0,Ordinary Variant,Central
BMTC,253E,Krishnarajendra Market - Railway Gollahalli,BR838,3,Krishnarajendra Market,Railway Gollahalli,43,0,Ordinary Variant,Central
BMTC,366G,Krishnarajendra Market - Bilwarada Halli,BR1999,3,Krishnarajendra Market,Bilwarada Halli,40,0,Ordinary Variant,Central
BMTC,253F,Krishnarajendra Market - Kallodu,BR839,3,Krishnarajendra Market,Kallodu,32,0,Ordinary Variant,Central
BMTC,253G,Krishnarajendra Market - Kanasawadi Madhure Temple,BR840,3,Krishnarajendra Market,Kanasawadi Madhure Temple,50,0,Ordinary Variant,Central
BMTC,HBL-SPGC,Hebbala - Sapthagiri College Chikka Banawara,BR3381,3,Hebbala,Sapthagiri College Chikka Banawara,44,0,Special,North
BMTC,366D,Krishnarajendra Market - Krishnadoddi Bannerghatta Road,BR1996,3,Krishnarajendra Market,Krishnadoddi Bannerghatta Road,55,0,Ordinary Variant,Central
BMTC,253A,Krishnarajendra Market - Byatha,BR835,3,Krishnarajendra Market,Byatha,31,0,Ordinary Variant,Central
BMTC,366C,Krishnarajendra Market - Shanubhoganahalli,BR1995,3,Krishnarajendra Market,Shanubhoganahalli,42,0,Ordinary Variant,Central
BMTC,366F,Krishnarajendra Market - Nosenoor,BR1998,3,Krishnarajendra Market,Nosenoor,33,0,Ordinary Variant,Central
BMTC,253C,Shivajinagar Bus Station - Hesaraghatta Indo Danish Farm,BR836,3,Shivajinagar Bus Station,Hesaraghatta Indo Danish Farm,56,0,Ordinary Variant,Central
BMTC,366A,Krishnarajendra Market - Devarachikkanahalli,BR1990,3,Krishnarajendra Market,Devarachikkanahalli,44,0,Ordinary Variant,Central
BMTC,366B,Krishnarajendra Market - Haragadde,BR1993,3,Krishnarajendra Market,Haragadde,34,0,Ordinary Variant,Central
BMTC,KBS-3A,Kempegowda Bus Station - Attibele,BR3521,3,Kempegowda Bus Station,Attibele,33,0,Ordinary Variant,Central
BMTC,365W,Kempegowda Bus Station - Vaderamanchanahalli,BR1988,3,Kempegowda Bus Station,Vaderamanchanahalli,44,0,Ordinary Variant,Central
BMTC,252V,Kempegowda Bus Station - Peenya 2nd stage,BR833,3,Kempegowda Bus Station,Peenya 2nd stage,41,0,Ordinary Variant,North
BMTC,CR-144,Neelasandra Rose Garden - Nandhini Layout Bus Station,BR2888,3,Neelasandra Rose Garden,Nandhini Layout Bus Station,53,0,Ordinary,Other
BMTC,252U,Kempegowda Bus Station - Thigalara Palya,BR832,3,Kempegowda Bus Station,Thigalara Palya,40,0,Ordinary Variant,Central
BMTC,365R,Kempegowda Bus Station - Basavanapura Gate Bannerghatta Road,BR1986,3,Kempegowda Bus Station,Basavanapura Gate Bannerghatta Road,60,0,Ordinary Variant,Central
BMTC,CR-146,Vivekanagara - Shanthinagar TTMC,BR2890,3,Vivekanagara,Shanthinagar TTMC,32,0,Ordinary,Other
BMTC,365S,Kempegowda Bus Station - Mutturayanaswamy Doddi,BR1987,3,Kempegowda Bus Station,Mutturayanaswamy Doddi,47,0,Ordinary Variant,Central
BMTC,252R,Kempegowda Bus Station - Indira Priyadarshini Nagara,BR830,3,Kempegowda Bus Station,Indira Priyadarshini Nagara,52,0,Ordinary Variant,Central
BMTC,242V,Chikkanahalli - Krishnarajendra Market,BR671,3,Chikkanahalli,Krishnarajendra Market,38,0,Ordinary Variant,Central
BMTC,242W,Annekarana Halli - Krishnarajendra Market,BR675,3,Annekarana Halli,Krishnarajendra Market,41,0,Ordinary Variant,Central
BMTC,242T,Hunnigere - Kempegowda Bus Station,BR664,3,Hunnigere,Kempegowda Bus Station,34,0,Ordinary Variant,Central
BMTC,BC3,Jayanagara Bus Stand - Electronic City Wipro Gate,BR2671,3,Jayanagara Bus Stand,Electronic City Wipro Gate,49,0,Ordinary,South
BMTC,242U,Lakshmipura - Krishnarajendra Market,BR670,3,Lakshmipura,Krishnarajendra Market,36,0,Ordinary Variant,Central
BMTC,CPR-TGP,Chandapura - Thalaghattapura Bus Stop,BR2878,3,Chandapura,Thalaghattapura Bus Stop,37,0,Special,Other
BMTC,242R,Jogerahalli - Krishnarajendra Market,BR662,3,Jogerahalli,Krishnarajendra Market,36,0,Ordinary Variant,Central
BMTC,242P,Huluvenahalli - Krishnarajendra Market,BR659,3,Huluvenahalli,Krishnarajendra Market,38,0,Ordinary Variant,Central
BMTC,242Q,Gangena Halli - Krishnarajendra Market,BR661,3,Gangena Halli,Krishnarajendra Market,38,0,Ordinary Variant,Central
BMTC,KMS-VNC,Kammasandra - Vinayakanagara Cross D-43,BR3613,3,Kammasandra,Vinayakanagara Cross D-43,39,0,Special,Other
BMTC,242Z,Thippagondanahalli Quarters - Kempegowda Bus Station,BR678,3,Thippagondanahalli Quarters,Kempegowda Bus Station,52,0,Ordinary Variant,Central
BMTC,242X,Dodderi Grama - Kempegowda Bus Station,BR676,3,Dodderi Grama,Kempegowda Bus Station,38,0,Ordinary Variant,Central
BMTC,242Y,Aralimarada Palya - Krishnarajendra Market,BR677,3,Aralimarada Palya,Krishnarajendra Market,42,0,Ordinary Variant,Central
BMTC,243H,Thigalara Palya - Shivajinagar Bus Station,BR689,3,Thigalara Palya,Shivajinagar Bus Station,42,0,Ordinary Variant,Central
BMTC,243G,Thigalara Palya - Krishnarajendra Market,BR688,3,Thigalara Palya,Krishnarajendra Market,40,0,Ordinary Variant,Central
BMTC,372E,Krishnarajendra Market - Chinnaiahna Palya,BR2062,3,Krishnarajendra Market,Chinnaiahna Palya,42,0,Ordinary Variant,Central
BMTC,243F,Gidadakonenahalli - Kempegowda Bus Station,BR687,3,Gidadakonenahalli,Kempegowda Bus Station,42,0,Ordinary Variant,Central
BMTC,372B,Krishnarajendra Market - Konasandra Bannerghatta Road,BR2060,3,Krishnarajendra Market,Konasandra Bannerghatta Road,53,0,Ordinary Variant,Central
BMTC,372C,Krishnarajendra Market - Nisarga Badavane,BR2061,3,Krishnarajendra Market,Nisarga Badavane,41,0,Ordinary Variant,Central
BMTC,D17-VPC,Vidyapeeta Circle - BMTC Depot-17,BR3216,3,Vidyapeeta Circle,BMTC Depot-17,33,0,Special,Other
BMTC,243D,Thigalara Palya - Kempegowda Bus Station,BR686,3,Thigalara Palya,Kempegowda Bus Station,40,0,Ordinary Variant,Central
BMTC,243C,Thigalara Palya - Krishnarajendra Market,BR685,3,Thigalara Palya,Krishnarajendra Market,40,0,Ordinary Variant,Central
BMTC,372A,Krishnarajendra Market - Chikkanahalli,BR2059,3,Krishnarajendra Market,Chikkanahalli,38,0,Ordinary Variant,Central
BMTC,243B,Thigalara Palya - Krishnarajendra Market,BR684,3,Thigalara Palya,Krishnarajendra Market,40,0,Ordinary Variant,Central
BMTC,243A,Upkar Residency Layout - Krishnarajendra Market,BR683,3,Upkar Residency Layout,Krishnarajendra Market,47,0,Ordinary Variant,Central
BMTC,372M,Krishnarajendra Market - Thammanayakanahalli,BR2067,3,Krishnarajendra Market,Thammanayakanahalli,44,0,Ordinary Variant,Central
BMTC,372J,Krishnarajendra Market - Bommandanahalli,BR2066,3,Krishnarajendra Market,Bommandanahalli,40,0,Ordinary Variant,Central
BMTC,243M,Sripathi Halli - Krishnarajendra Market,BR693,3,Sripathi Halli,Krishnarajendra Market,39,0,Ordinary Variant,Central
BMTC,243L,Lingadeeranahalli - Kempegowda Bus Station,BR692,3,Lingadeeranahalli,Kempegowda Bus Station,42,0,Ordinary Variant,Central
BMTC,372H,Byrasandra - Nisarga Badavane,BR2065,3,Byrasandra,Nisarga Badavane,29,0,Ordinary Variant,Other
BMTC,243K,Herohalli - Shivajinagar Bus Station,BR691,3,Herohalli,Shivajinagar Bus Station,36,0,Ordinary Variant,Central
BMTC,243J,Bhavani Nagara 2nd Stage - Kempegowda Bus Station,BR690,3,Bhavani Nagara 2nd Stage,Kempegowda Bus Station,49,0,Ordinary Variant,Central
BMTC,372F,Kempegowda Bus Station - Nisarga Badavane,BR2063,3,Kempegowda Bus Station,Nisarga Badavane,41,0,Ordinary Variant,Central
BMTC,372G,Krishnarajendra Market - Kadajakkanahalli,BR2064,3,Krishnarajendra Market,Kadajakkanahalli,41,0,Ordinary Variant,Central
BMTC,CS-373B,Banashankari Bus Station - Electronic City,BR3155,3,Banashankari Bus Station,Electronic City,42,0,Ordinary Variant,South
BMTC,241S,Hullala Upanagara - Shivajinagar Bus Station,BR632,3,Hullala Upanagara,Shivajinagar Bus Station,44,0,Ordinary Variant,West
BMTC,241T,Kottige Palya Magadi Road - Kaval Byrasandra,BR633,3,Kottige Palya Magadi Road,Kaval Byrasandra,44,0,Ordinary Variant,Other
BMTC,366KA,Krishnarajendra Market - Mutturayanaswamy Doddi,BR2002,3,Krishnarajendra Market,Mutturayanaswamy Doddi,47,0,Special,Central
BMTC,CR-252,Kempegowda Bus Station - Depot-22-BS,BR2925,3,Kempegowda Bus Station,Depot-22-BS,36,0,Ordinary,Central
BMTC,241P,Kannalli - Shivajinagar Bus Station,BR630,3,Kannalli,Shivajinagar Bus Station,35,0,Ordinary Variant,Central
BMTC,YBC-MNT,Bagaluru Cross - Mind Tree,BR4248,3,Bagaluru Cross,Mind Tree,26,0,Special,Other
BMTC,241Q,Madeshwara Nagara - Shivajinagar Bus Station,BR631,3,Madeshwara Nagara,Shivajinagar Bus Station,44,0,Ordinary Variant,Central
BMTC,Sarswatinagara-ORRCA,Saraswathi Nagara Vijayanagara - ORRCA-ECOSPICE,BR3917,3,Saraswathi Nagara Vijayanagara,ORRCA-ECOSPICE,47,0,Special,South
BMTC,TRHH-VNC,Tore Hosahalli - Vinayakanagara Cross D-43,BR4019,3,Tore Hosahalli,Vinayakanagara Cross D-43,42,0,Special,Other
BMTC,KBS-LCA,Kempegowda Bus Station - HAL/LCA,BR3548,3,Kempegowda Bus Station,HAL/LCA,32,0,Special,Central
BMTC,242E,Cholanayakanahalli - Krishnarajendra Market,BR643,3,Cholanayakanahalli,Krishnarajendra Market,43,0,Ordinary Variant,Central
BMTC,371A,Krishnarajendra Market - Kaggalipura,BR2056,3,Krishnarajendra Market,Kaggalipura,36,0,Ordinary Variant,Central
BMTC,242D,Annapoorneshwari Nagara - Krishnarajendra Market,BR642,3,Annapoorneshwari Nagara,Krishnarajendra Market,48,0,Ordinary Variant,Central
BMTC,242G,Byadarahalli - Krishnarajendra Market,BR647,3,Byadarahalli,Krishnarajendra Market,37,0,Ordinary Variant,Central
BMTC,MRN -YBS,Yelahanka - Yeshwanthpur TTMC,BR3771,3,Yelahanka,Yeshwanthpur TTMC,29,0,Special,North
BMTC,242F,Yelachaguppe - Krishnarajendra Market,BR644,3,Yelachaguppe,Krishnarajendra Market,37,0,Ordinary Variant,Central
BMTC,371D,Kempegowda Bus Station - Kaggalipura,BR2057,3,Kempegowda Bus Station,Kaggalipura,36,0,Ordinary Variant,Central
BMTC,CR-24B,Byrasandra - Vidhana Soudha,BR2923,3,Byrasandra,Vidhana Soudha,27,0,Ordinary Variant,Other
BMTC,242C,Thunga Nagara - Krishnarajendra Market,BR639,3,Thunga Nagara,Krishnarajendra Market,38,0,Ordinary Variant,Central
BMTC,242B,Tavare Kere Magadi Road - Kempegowda Bus Station,BR637,3,Tavare Kere Magadi Road,Kempegowda Bus Station,48,0,Ordinary Variant,Central
BMTC,242M,Dodderi Grama - Krishnarajendra Market,BR656,3,Dodderi Grama,Krishnarajendra Market,38,0,Ordinary Variant,Central
BMTC,242L,Manchenahalli - Krishnarajendra Market,BR654,3,Manchenahalli,Krishnarajendra Market,38,0,Ordinary Variant,Central
BMTC,242N,Giddenahalli - Krishnarajendra Market,BR658,3,Giddenahalli,Krishnarajendra Market,37,0,Ordinary Variant,Central
BMTC,242H,Madapatna - Krishnarajendra Market,BR649,3,Madapatna,Krishnarajendra Market,34,0,Ordinary Variant,Central
BMTC,242K,Ramohalli - Krishnarajendra Market,BR653,3,Ramohalli,Krishnarajendra Market,34,0,Ordinary Variant,Central
BMTC,THL-HBL,Thindlu - Hebbala,BR3998,3,Thindlu,Hebbala,17,0,Special,North
BMTC,242J,Doddamarana Halli - Krishnarajendra Market,BR650,3,Doddamarana Halli,Krishnarajendra Market,42,0,Ordinary Variant,Central
BMTC,PK-80A,Kempegowda Bus Station - Nandhini Layout Bus Station,BR3879,3,Kempegowda Bus Station,Nandhini Layout Bus Station,52,0,Ordinary Variant,Central
BMTC,CR-220,Depot 12 - Basavanagara,BR2919,3,Depot 12,Basavanagara,23,0,Ordinary,Other
BMTC,CR-221,Basavanagara - Gulaganjanahalli,BR2920,3,Basavanagara,Gulaganjanahalli,31,0,Ordinary,Other
BMTC,MEBP-JPN6,Manyatha Embasy Business Park - JPNagara 6th Phase,BR3707,3,Manyatha Embasy Business Park,JPNagara 6th Phase,50,0,Ordinary,Other
BMTC,245A,Nelamangala - Krishnarajendra Market,BR703,3,Nelamangala,Krishnarajendra Market,36,0,Ordinary Variant,Central
BMTC,V45D,KSIT COLLEGE - Kempegowda Bus Station,BR4191,3,KSIT COLLEGE,Kempegowda Bus Station,37,0,Ordinary Variant,Central
BMTC,245B,Sondekoppa - Krishnarajendra Market,BR705,3,Sondekoppa,Krishnarajendra Market,35,0,Ordinary Variant,Central
BMTC,PUH-ATR,Puttenahalli Yelhanka - Atturu Layout Yelahanka Road,BR3896,3,Puttenahalli Yelhanka,Atturu Layout Yelahanka Road,52,0,Special,North
BMTC,245F,Avarehalli - Krishnarajendra Market,BR710,3,Avarehalli,Krishnarajendra Market,35,0,Ordinary Variant,Central
BMTC,374B,Banashankari Bus Station - Bannerghatta National Park,BR2074,3,Banashankari Bus Station,Bannerghatta National Park,53,0,Ordinary Variant,South
BMTC,CSB-TPS,Central Silk Board - Tippasandra,BR3192,3,Central Silk Board,Tippasandra,32,0,Special,Other
BMTC,245E,Kittanahalli - Krishnarajendra Market,BR709,3,Kittanahalli,Krishnarajendra Market,37,0,Ordinary Variant,Central
BMTC,374C,Jigani APC Circle - Banashankari Bus Station,BR2075,3,Jigani APC Circle,Banashankari Bus Station,44,0,Ordinary Variant,South
BMTC,245D,Bettahalli - Krishnarajendra Market,BR707,3,Bettahalli,Krishnarajendra Market,35,0,Ordinary Variant,Central
BMTC,245C,Kadabagere - Krishnarajendra Market,BR706,3,Kadabagere,Krishnarajendra Market,35,0,Ordinary Variant,Central
BMTC,245J,Kittanahalli - Kempegowda Bus Station,BR714,3,Kittanahalli,Kempegowda Bus Station,37,0,Ordinary Variant,Central
BMTC,374F,Chikkallasandra Bus Stand - Chikkallasandra Bus Stand,BR2077,3,Chikkallasandra Bus Stand,Chikkallasandra Bus Stand,53,1,Ordinary Variant,Other
BMTC,374G,Vasanthapura - Vijayanagara,BR2078,3,Vasanthapura,Vijayanagara,27,0,Ordinary Variant,South
BMTC,245H,Nelamangala - Krishnarajendra Market,BR713,3,Nelamangala,Krishnarajendra Market,36,0,Ordinary Variant,Central
BMTC,245G,Janapriya Town Ship - Kempegowda Bus Station,BR711,3,Janapriya Town Ship,Kempegowda Bus Station,44,0,Ordinary Variant,Central
BMTC,374E,Chikkallasandra Bus Stand - Chikkallasandra Bus Stand,BR2076,3,Chikkallasandra Bus Stand,Chikkallasandra Bus Stand,53,1,Ordinary Variant,Other
BMTC,245N,Janapriya Town Ship - Shivajinagar Bus Station,BR719,3,Janapriya Town Ship,Shivajinagar Bus Station,46,0,Ordinary Variant,Central
BMTC,245M,Vaddarahalli BMTC Training Centre - Kempegowda Bus Station,BR717,3,Vaddarahalli BMTC Training Centre,Kempegowda Bus Station,58,0,Ordinary Variant,Central
BMTC,374K,Vasanthapura - Madiwala Market,BR2079,3,Vasanthapura,Madiwala Market,30,0,Ordinary Variant,Other
BMTC,245K,Avarehalli - Kempegowda Bus Station,BR715,3,Avarehalli,Kempegowda Bus Station,35,0,Ordinary Variant,Central
BMTC,245R,Kittanahalli - Shivajinagar Bus Station,BR722,3,Kittanahalli,Shivajinagar Bus Station,39,0,Ordinary Variant,Central
BMTC,374N,Tavarekere - Nelamangala,BR2082,3,Tavarekere,Nelamangala,24,0,Ordinary Variant,Other
BMTC,245Q,Bettenahalli - Kempegowda Bus Station,BR721,3,Bettenahalli,Kempegowda Bus Station,37,0,Ordinary Variant,Central
BMTC,245P,Vaddarahalli BMTC Training Centre - Shivajinagar Bus Station,BR720,3,Vaddarahalli BMTC Training Centre,Shivajinagar Bus Station,60,0,Ordinary Variant,Central
BMTC,374M,Kengeri TTMC - Nelamangala,BR2080,3,Kengeri TTMC,Nelamangala,26,0,Ordinary Variant,South
BMTC,CPR-ITPL,Chandapura - ITPL,BR2875,3,Chandapura,ITPL,17,0,Special,East
BMTC,378-G,Kengeri TTMC - Electronic City,BR2098,3,Kengeri TTMC,Electronic City,30,0,Ordinary Variant,South
BMTC,V-226WF-1,Whitefield TTMC - Wonderla Amusement Park,BR4042,3,Whitefield TTMC,Wonderla Amusement Park,41,0,Ordinary,East
BMTC,VSD-TDL,Vidhana Soudha - Thindlu,BR4235,3,Vidhana Soudha,Thindlu,24,0,Special,Other
BMTC,TR-10,Uttarahalli - Kamalanagar BEML layout,BR4005,3,Uttarahalli,Kamalanagar BEML layout,37,0,Ordinary,Other
BMTC,244A,Bande Maramma Bus Station - Krishnarajendra Market,BR695,3,Bande Maramma Bus Station,Krishnarajendra Market,50,0,Ordinary Variant,Central
BMTC,244C,Nagarabhavi 9th Block - Kempegowda Bus Station,BR696,3,Nagarabhavi 9th Block,Kempegowda Bus Station,46,0,Ordinary Variant,Central
BMTC,244D,Nagarabhavi 2nd Phase 11th Block - Malleshwaram Bus Station,BR697,3,Nagarabhavi 2nd Phase 11th Block,Malleshwaram Bus Station,59,0,Ordinary Variant,West
BMTC,244G,Papareddy Palya - Shivajinagar Bus Station,BR699,3,Papareddy Palya,Shivajinagar Bus Station,42,0,Ordinary Variant,Central
BMTC,TR-12,Srinagara - YPR RMC,BR4006,3,Srinagara,YPR RMC,19,0,Ordinary,Other
BMTC,244F,D Group Employees Layout - Kempegowda Bus Station,BR698,3,D Group Employees Layout,Kempegowda Bus Station,49,0,Ordinary Variant,Central
BMTC,373E,Koramangala - Chikkallasandra Bus Stand,BR2069,3,Koramangala,Chikkallasandra Bus Stand,39,0,Ordinary Variant,Other
BMTC,244H,Nagarabhavi 2nd Phase 11th Block - Kempegowda Bus Station,BR700,3,Nagarabhavi 2nd Phase 11th Block,Kempegowda Bus Station,57,0,Ordinary Variant,Central
BMTC,373F,Srinagara - Electronic City,BR2070,3,Srinagara,Electronic City,27,0,Ordinary Variant,Other
BMTC,244K,Bande Maramma Bus Station - Kempegowda Bus Station,BR701,3,Bande Maramma Bus Station,Kempegowda Bus Station,50,0,Ordinary Variant,Central
BMTC,373J,Gonipura - Shanthi Nagara Bus Station,BR2071,3,Gonipura,Shanthi Nagara Bus Station,37,0,Ordinary Variant,Other
BMTC,373M,Rajarajeshwarinagara Gate - Attibele,BR2072,3,Rajarajeshwarinagara Gate,Attibele,36,0,Ordinary Variant,Other
BMTC,247A,Vigneshwara Nagara - Krishnarajendra Market,BR728,3,Vigneshwara Nagara,Krishnarajendra Market,43,0,Ordinary Variant,Central
BMTC,CR-201,Srinagara - Koramangala TTMC,BR2899,3,Srinagara,Koramangala TTMC,28,0,Ordinary,Other
BMTC,NLO-CMN,Nandini Layout - Chamundinagara Sulthanpalya,BR3823,3,Nandini Layout,Chamundinagara Sulthanpalya,44,0,Special,Other
BMTC,VNC-KRM,Vinayakanagara Cross D-43 - Krishnarajendra Market,BR4206,3,Vinayakanagara Cross D-43,Krishnarajendra Market,50,0,Special,Central
BMTC,246A,Annapoorneshwari Nagara - Shivajinagar Bus Station,BR725,3,Annapoorneshwari Nagara,Shivajinagar Bus Station,50,0,Ordinary Variant,Central
BMTC,246B,D Group Employees Layout - Kempegowda Bus Station,BR726,3,D Group Employees Layout,Kempegowda Bus Station,49,0,Ordinary Variant,Central
BMTC,TR-7,Banashankari 3rd Stage 2nd Phase - Jeevanahalli,BR4014,3,Banashankari 3rd Stage 2nd Phase,Jeevanahalli,47,0,Ordinary,South
BMTC,TR-8,Srinagara - Kurubarahalli,BR4015,3,Srinagara,Kurubarahalli,25,0,Ordinary,Other
BMTC,TR-9,Shivajinagar Bus Station - Boopa Sandra,BR4016,3,Shivajinagar Bus Station,Boopa Sandra,39,0,Ordinary,Central
BMTC,TR-3,Kaval Byrasandra - Ejipura,BR4009,3,Kaval Byrasandra,Ejipura,26,0,Ordinary,Other
BMTC,TR-4,Jagajeevanram Nagara - Nagavara,BR4010,3,Jagajeevanram Nagara,Nagavara,31,0,Ordinary,Other
BMTC,TR-5,JP Nagara 3rd Phase - Nandhini Layout Bus Station,BR4012,3,JP Nagara 3rd Phase,Nandhini Layout Bus Station,49,0,Ordinary,South
BMTC,CR-210,Rajarajeshwarinagara Gate - MIND TREE,BR2904,3,Rajarajeshwarinagara Gate,MIND TREE,37,0,Ordinary,Other
BMTC,TR-6,Girinagara Extention - Sadhashivanagar,BR4013,3,Girinagara Extention,Sadhashivanagar,38,0,Ordinary,Other
BMTC,CR-211,Banashankari Bus Station - MIND TREE,BR2909,3,Banashankari Bus Station,MIND TREE,36,0,Ordinary,South
BMTC,CR-214,Krishnarajendra Market - Muninagara,BR2914,3,Krishnarajendra Market,Muninagara,35,0,Ordinary,Central
BMTC,TR-2,Koramangala - Basaveshwara Nagara,BR4008,3,Koramangala,Basaveshwara Nagara,33,0,Ordinary,Other
BMTC,CR-213,Kempegowda Bus Station - Ravogodlu,BR2911,3,Kempegowda Bus Station,Ravogodlu,34,0,Ordinary,Central
BMTC,MBS-6,CV Raman Nagara - Vidyaranyapura,BR3690,3,CV Raman Nagara,Vidyaranyapura,32,0,Ordinary,North
BMTC,MBS-5,Katriguppe - Jalahalli Cross,BR3689,3,Katriguppe,Jalahalli Cross,28,0,Ordinary,North
BMTC,MBS-2,Maratahalli Bridge - Yelahanka Satelite Town,BR3684,3,Maratahalli Bridge,Yelahanka Satelite Town,44,0,Ordinary,North
BMTC,SNR-VSD-KBS,Srinagara - Kempegowda Bus Station,BR3968,3,Srinagara,Kempegowda Bus Station,34,0,Special,Central
BMTC,MBS-8,Kalyananagara Bus Stand - Banashankari Bus Station,BR3691,3,Kalyananagara Bus Stand,Banashankari Bus Station,50,0,Ordinary,South
BMTC,MBS-9,ISRO Layout - Vidyaranyapura,BR3692,3,ISRO Layout,Vidyaranyapura,28,0,Ordinary,North
BMTC,HNB-BEL,Hennur Cross - BEL Circle,BR3392,3,Hennur Cross,BEL Circle,25,0,Special,Other
BMTC,248Y,Krishnarajendra Market - Pillahalli,BR757,3,Krishnarajendra Market,Pillahalli,35,0,Ordinary Variant,Central
BMTC,248W,Thunga Nagara - Krishnarajendra Market,BR756,3,Thunga Nagara,Krishnarajendra Market,38,0,Ordinary Variant,Central
BMTC,248V,Krishnarajendra Market - Shettty Halli,BR755,3,Krishnarajendra Market,Shettty Halli,38,0,Ordinary Variant,Central
BMTC,248Z,MCTC Bus Stand - Kanasawadi Mudhure Temple,BR758,3,MCTC Bus Stand,Kanasawadi Mudhure Temple,42,0,Ordinary Variant,Other
BMTC,TVK-KBS-VDS,Tavare Kere Magadi Road - Vidhana Soudha,BR4020,3,Tavare Kere Magadi Road,Vidhana Soudha,40,0,Special,Other
BMTC,370E,Kempegowda Bus Station - Ramanayakana Doddi,BR2055,3,Kempegowda Bus Station,Ramanayakana Doddi,43,0,Ordinary Variant,Central
BMTC,370D,Krishnarajendra Market - Ujappana Doddi,BR2054,3,Krishnarajendra Market,Ujappana Doddi,39,0,Ordinary Variant,Central
BMTC,ADT-GSHQR,Adithi School - Golden star Hotel,BR2596,3,Adithi School,Golden star Hotel,33,0,Special,Other
BMTC,502HE,Mattahalli Cross - Kengeri TTMC,BR2375,3,Mattahalli Cross,Kengeri TTMC,31,0,Special,South
BMTC,502HC,Uttarahalli - Chikkabanavara,BR2374,3,Uttarahalli,Chikkabanavara,28,0,Special,Other
BMTC,370B,Krishnarajendra Market - Koratageredoddi Bannerghatta,BR2053,3,Krishnarajendra Market,Koratageredoddi Bannerghatta,53,0,Ordinary Variant,Central
BMTC,KHC-1,Mysore Bank - Mysore Bank,BR3589,3,Mysore Bank,Mysore Bank,25,1,Ordinary,Other
BMTC,370A,Krishnarajendra Market - Ujappana Doddi,BR2052,3,Krishnarajendra Market,Ujappana Doddi,39,0,Ordinary Variant,Central
BMTC,502HA,Kengeri TTMC - Ghanigara Halli,BR2372,3,Kengeri TTMC,Ghanigara Halli,30,0,Special,South
BMTC,502HB,Kengeri TTMC - Chikkabanawara,BR2373,3,Kengeri TTMC,Chikkabanawara,29,0,Special,South
BMTC,BMT-BSK,Bhuvaneshwari Nagara Mahalakshmi Temple - BANASHANKARI TTMC,BR2707,3,Bhuvaneshwari Nagara Mahalakshmi Temple,BANASHANKARI TTMC,59,0,Special,South
BMTC,248A,Laggere - Jalahalli Cross,BR730,3,Laggere,Jalahalli Cross,25,0,Ordinary Variant,North
BMTC,248C,Krishnarajendra Market - Rajagopalanagar Rajni Farms,BR738,3,Krishnarajendra Market,Rajagopalanagar Rajni Farms,52,0,Ordinary Variant,Central
BMTC,248B,Hampinagara RPC Layout - Chikkabanawara,BR735,3,Hampinagara RPC Layout,Chikkabanawara,39,0,Ordinary Variant,Other
BMTC,248E,Uttarahalli - Jalahalli Cross,BR740,3,Uttarahalli,Jalahalli Cross,29,0,Ordinary Variant,North
BMTC,248D,Bharathnagar 2nd Stage - Vidyaranyapura,BR739,3,Bharathnagar 2nd Stage,Vidyaranyapura,39,0,Ordinary Variant,North
BMTC,ITPL-TATA-ELEXI,ITPL - TATA ELEXI LIMITED,BR3424,3,ITPL,TATA ELEXI LIMITED,25,0,Special,East
BMTC,BRTN-VSD,Bharathnagar 2nd Stage - Vidhana Soudha,BR2790,3,Bharathnagar 2nd Stage,Vidhana Soudha,39,0,Special,Other
BMTC,366EA,Krishnarajendra Market - Kasuvinakunte,BR1997,3,Krishnarajendra Market,Kasuvinakunte,38,0,Special,Central
BMTC,248N,MCTC Bus Stand - Chikkabanavara,BR748,3,MCTC Bus Stand,Chikkabanavara,31,0,Ordinary Variant,Other
BMTC,YBS-MLP,Yeshwanthpur TTMC - Malleshwaram 8th Cross,BR4251,3,Yeshwanthpur TTMC,Malleshwaram 8th Cross,42,0,Special,West
BMTC,RJE-SBS,Rajaji Nagara Entrance - Shivajinagar Bus Station,BR3900,3,Rajaji Nagara Entrance,Shivajinagar Bus Station,49,0,Special,Central
BMTC,248P,MCTC Bus Stand - Thammenahalli,BR749,3,MCTC Bus Stand,Thammenahalli,30,0,Ordinary Variant,Other
BMTC,248Q,MCTC Bus Stand - Kakolu,BR751,3,MCTC Bus Stand,Kakolu,23,0,Ordinary Variant,Other
BMTC,248R,Krishnarajendra Market - Jalahalli Cross,BR752,3,Krishnarajendra Market,Jalahalli Cross,40,0,Ordinary Variant,North
BMTC,V-317DA,Hebbala - Hosakote Bus Stand,BR4056,3,Hebbala,Hosakote Bus Stand,28,0,Special,North
BMTC,248T,Krishnarajendra Market - Kirloskar Badavane,BR753,3,Krishnarajendra Market,Kirloskar Badavane,43,0,Ordinary Variant,Central
BMTC,248U,Krishnarajendra Market - KRS Gowda Layout,BR754,3,Krishnarajendra Market,KRS Gowda Layout,41,0,Ordinary Variant,Central
BMTC,248F,Krishnarajendra Market - Karim Sab Layout,BR741,3,Krishnarajendra Market,Karim Sab Layout,41,0,Ordinary Variant,Central
BMTC,248G,Magadi Road TollGate - Jalahalli Cross,BR742,3,Magadi Road TollGate,Jalahalli Cross,38,0,Ordinary Variant,North
BMTC,248H,Sunkadakatte - Sunkadakatte,BR743,3,Sunkadakatte,Sunkadakatte,27,1,Ordinary Variant,West
BMTC,248J,Kempegowda Bus Station - Vinayaka Nagara,BR744,3,Kempegowda Bus Station,Vinayaka Nagara,40,0,Ordinary Variant,Central
BMTC,248K,BEML Layout 5th Stage - MEI Layout,BR745,3,BEML Layout 5th Stage,MEI Layout,34,0,Ordinary Variant,Other
BMTC,KVN-YBS,KAVERI NAGARA - Yeshwanthpur TTMC,BR3665,3,KAVERI NAGARA,Yeshwanthpur TTMC,33,0,Special,West
BMTC,248L,Krishnarajendra Market - Sheshadri Nagara,BR746,3,Krishnarajendra Market,Sheshadri Nagara,41,0,Ordinary Variant,Central
BMTC,248M,BEML Layout 5th Stage - Thammenahalli Palya,BR747,3,BEML Layout 5th Stage,Thammenahalli Palya,43,0,Ordinary Variant,Other
BMTC,RKHN-CHLC,Ramakrishna Hegde Nagara - Christel House Learning School,BR3906,3,Ramakrishna Hegde Nagara,Christel House Learning School,57,0,Special,Other
BMTC,214DA,BANASHANKARI TTMC - Guttepalya,BR314,3,BANASHANKARI TTMC,Guttepalya,30,0,Special,South
BMTC,TVK-KBS-VSD,Tavare Kere Magadi Road - Krishnarajendra Market,BR4021,3,Tavare Kere Magadi Road,Krishnarajendra Market,48,0,Special,Central
BMTC,KDH-PSS,Kadirenahalli Village - Peenya 2nd stage,BR3574,3,Kadirenahalli Village,Peenya 2nd stage,40,0,Special,North
BMTC,GTOC-OASIS,Gun Troops Officer Colony - Oasis School,BR3356,3,Gun Troops Officer Colony,Oasis School,40,0,Special,Other
BMTC,138D,Jeevan Bhimanagara Bus stand - Kempegowda Bus Station,BR64,3,Jeevan Bhimanagara Bus stand,Kempegowda Bus Station,53,0,Ordinary Variant,Central
BMTC,138A,Jeevan Bhimanagara Bus stand - City Railway Station,BR63,3,Jeevan Bhimanagara Bus stand,City Railway Station,51,0,Ordinary Variant,Other
BMTC,PK-333E,Kempegowda Bus Station - Kadugodi,BR3871,3,Kempegowda Bus Station,Kadugodi,33,0,Ordinary Variant,East
BMTC,CVB-YOTN,Cauvery Bhavana - Yelahanka Old Town,BR3197,3,Cauvery Bhavana,Yelahanka Old Town,36,0,Special,North
BMTC,V-356Q,Kempegowda Bus Station - Electronic City Wipro Gate,BR4102,3,Kempegowda Bus Station,Electronic City Wipro Gate,51,0,Ordinary Variant,Central
BMTC,V-356P,Basaveshwara Nagara - Electronic City,BR4101,3,Basaveshwara Nagara,Electronic City,37,0,Ordinary Variant,Other
BMTC,V-356M,Kempegowda Bus Station - Anekal,BR4100,3,Kempegowda Bus Station,Anekal,31,0,Ordinary Variant,Central
BMTC,V-356C,Kempegowda Bus Station - Electronic City Wipro Gate,BR4098,3,Kempegowda Bus Station,Electronic City Wipro Gate,51,0,Ordinary Variant,Central
BMTC,137A,Jeevan Bhimanagara Bus stand - Chowdeshwari Bus Stand JP Park,BR61,3,Jeevan Bhimanagara Bus stand,Chowdeshwari Bus Stand JP Park,61,0,Ordinary Variant,Other
BMTC,323AK,Kempegowda Bus Station - Gonighattapura,BR1615,3,Kempegowda Bus Station,Gonighattapura,39,0,Special,Central
BMTC,139A,HAL Main Gate - Devasandra Chikkamaranahalli,BR66,3,HAL Main Gate,Devasandra Chikkamaranahalli,44,0,Ordinary Variant,Other
BMTC,366QA,Krishnarajendra Market - Nosenoor,BR2009,3,Krishnarajendra Market,Nosenoor,33,0,Special,Central
BMTC,8THMILE-MSP,8th Mile - MS Palya,BR2553,3,8th Mile,MS Palya,19,0,Special,Other
BMTC,BMT14-MPG,BMT14 - Marappa Garden,BR2738,3,BMT14,Marappa Garden,22,0,Special,Other
BMTC,DNR-HSRBDA,Dinnura - HSR BDA COMPLEX,BR3288,3,Dinnura,HSR BDA COMPLEX,25,0,Special,Other
BMTC,CLO-SRN,Chandra Layout - Saraswathi Nagara Vijayanagara,BR2870,3,Chandra Layout,Saraswathi Nagara Vijayanagara,47,0,Special,South
BMTC,V-500BM,Brigade Millanium - ITPL,BR4130,3,Brigade Millanium,ITPL,24,0,Special,East
BMTC,VNC-PRSH,Vinayakanagara Cross D-43 - Purushanahalli,BR4209,3,Vinayakanagara Cross D-43,Purushanahalli,42,0,Special,Other
BMTC,V-500CA,BANASHANKARI TTMC - ITPL,BR4131,3,BANASHANKARI TTMC,ITPL,24,0,Special,South
BMTC,V-500CB,Dinnura - Arekere MICO Layout,BR4132,3,Dinnura,Arekere MICO Layout,29,0,Special,Other
BMTC,V-500CK,BANASHANKARI TTMC - Kadugodi,BR4135,3,BANASHANKARI TTMC,Kadugodi,28,0,Special,South
BMTC,V-500CF,Sarjapura Bus Stand - Banashankari Bus Station,BR4133,3,Sarjapura Bus Stand,Banashankari Bus Station,46,0,Special,South
BMTC,V-500CH,Sri Vidyanagara Bus Station - ITPL,BR4134,3,Sri Vidyanagara Bus Station,ITPL,34,0,Special,East
BMTC,133E,Domlur TTMC Bus Stand - MCTC Bus Stand,BR59,3,Domlur TTMC Bus Stand,MCTC Bus Stand,38,0,Ordinary Variant,Other
BMTC,V-500CN,Bannerghatta National Park - Kadugodi,BR4136,3,Bannerghatta National Park,Kadugodi,37,0,Special,East
BMTC,KNR-YBS,Kamalanagar BEML layout - Yeshwanthpur TTMC,BR3632,3,Kamalanagar BEML layout,Yeshwanthpur TTMC,43,0,Special,West
BMTC,CS-500F,Central Silk Board - Kadugodi,BR3167,3,Central Silk Board,Kadugodi,29,0,Ordinary Variant,East
BMTC,330PG,Shivajinagar Bus Station - Ganjoor,BR1684,3,Shivajinagar Bus Station,Ganjoor,34,0,Special,Central
BMTC,VRP-RJPS,Rajagopalanagara Police Station - Vidyaranyapura,BR4223,3,Rajagopalanagara Police Station,Vidyaranyapura,48,0,Special,North
BMTC,SCS-KBP,Kambipura - St. Clare School,BR3941,3,Kambipura,St. Clare School,28,0,Special,Other
BMTC,NBC-MEBP,Nagarabhavi Circle - Manyatha Tech Park,BR3788,3,Nagarabhavi Circle,Manyatha Tech Park,39,0,Special,Other
BMTC,IDPL-KBS,Indian Design Pvt Ltd - Kempegowda Bus Station,BR3411,3,Indian Design Pvt Ltd,Kempegowda Bus Station,46,0,Special,Central
BMTC,V-500DB,Kadugodi - Hebbala,BR4139,3,Kadugodi,Hebbala,18,0,Special,North
BMTC,V-500DC,Hebbala Bridge - Attibele,BR4140,3,Hebbala Bridge,Attibele,25,0,Special,North
BMTC,V-500DE,Vidyaranyapura - Hope Farm,BR4141,3,Vidyaranyapura,Hope Farm,26,0,Special,North
BMTC,TR2,Basaveshwara Nagara - Shivajinagar Bus Station,BR4017,3,Basaveshwara Nagara,Shivajinagar Bus Station,46,0,Ordinary,Central
BMTC,V-500DA,Yelahanka - Electronic City,BR4138,3,Yelahanka,Electronic City,27,0,Special,North
BMTC,TPS-JFWTC,Tippasandra - JFWTC,BR4004,3,Tippasandra,JFWTC,19,0,Special,Other
BMTC,MEBP-BTMA,Manyatha Embasy Business Park - BTMAXA Software Company,BR3700,3,Manyatha Embasy Business Park,BTMAXA Software Company,55,0,Special,Other
BMTC,CS-501C,Hebbal - Kengeri TTMC,BR3168,3,Hebbal,Kengeri TTMC,21,0,Ordinary Variant,North
BMTC,BPS-GNR,Boopa Sandra - Ganganagara,BR2788,3,Boopa Sandra,Ganganagara,26,0,Special,Other
BMTC,CS-501L,Kottige Palya Magadi Road - KR Puram Railway Station,BR3169,3,Kottige Palya Magadi Road,KR Puram Railway Station,52,0,Ordinary Variant,East
BMTC,PK-335A,Kempegowda Bus Station - Satya Sai Hospital,BR3872,3,Kempegowda Bus Station,Satya Sai Hospital,43,0,Ordinary Variant,Central
BMTC,V-500AB,BANASHANKARI TTMC - Hebbala,BR4127,3,BANASHANKARI TTMC,Hebbala,27,0,Special,North
BMTC,V-500AL,BEL Circle - Banashankari Bus Station,BR4128,3,BEL Circle,Banashankari Bus Station,37,0,Special,South
BMTC,BNWF-MRH,Banasawadi Fire Statiion - Kala Mandir Marathalli,BR2782,3,Banasawadi Fire Statiion,Kala Mandir Marathalli,49,0,Special,Other
BMTC,366MA,Krishnarajendra Market - Kaggalipura,BR2005,3,Krishnarajendra Market,Kaggalipura,36,0,Special,Central
BMTC,600KB-ELCW-SMH,Summanahalli - Electronic City Wipro Gate,BR2443,3,Summanahalli,Electronic City Wipro Gate,41,0,Special,Other
BMTC,V-500AY,Banashankari Bus Station - Yelahanka Satelite Town 5th Phase,BR4129,3,Banashankari Bus Station,Yelahanka Satelite Town 5th Phase,60,0,Special,North
BMTC,15C,Kumaraswamy Layout - Kempegowda Bus Station,BR111,3,Kumaraswamy Layout,Kempegowda Bus Station,43,0,Ordinary Variant,Central
BMTC,KBS-BOSCH,BOSCH - Kempegowda Bus Station,BR3529,3,BOSCH,Kempegowda Bus Station,30,0,Special,Central
BMTC,266NA,Kempegowda Bus Station - Amba Bhavani Nagara,BR988,3,Kempegowda Bus Station,Amba Bhavani Nagara,44,0,Special,Central
BMTC,15A,Padmanabha Nagara Rock - Krishnarajendra Market,BR110,3,Padmanabha Nagara Rock,Krishnarajendra Market,47,0,Ordinary Variant,Central
BMTC,227NA,Madapatna - Krishnarajendra Market,BR492,3,Madapatna,Krishnarajendra Market,34,0,Special,Central
BMTC,BMTC-PTH,Shanthinagar TTMC - Puttenahalli Yelhanka,BR2775,3,Shanthinagar TTMC,Puttenahalli Yelhanka,41,0,Special,Other
BMTC,D16-SDKP,Nelamangala - Deepanjalinagara Depot-16,BR3212,3,Nelamangala,Deepanjalinagara Depot-16,39,0,Special,Other
BMTC,155,Shivajinagar Bus Station - Jagajeevanram Nagara,BR108,3,Shivajinagar Bus Station,Jagajeevanram Nagara,47,0,Ordinary,Central
BMTC,154,Shivajinagar Bus Station - Vinayaka Nagara,BR107,3,Shivajinagar Bus Station,Vinayaka Nagara,42,0,Ordinary,Central
BMTC,152,Neelasandra Rose Garden - Pillanna Garden,BR106,3,Neelasandra Rose Garden,Pillanna Garden,41,0,Ordinary,Other
BMTC,290QA,Ramakrishna Hegde Nagara - Neelasandra Rose Garden,BR1229,3,Ramakrishna Hegde Nagara,Neelasandra Rose Garden,50,0,Special,Other
BMTC,150,Shivajinagar Bus Station - Krishnarajendra Market,BR105,3,Shivajinagar Bus Station,Krishnarajendra Market,49,0,Ordinary,Central
BMTC,VRP-SNBS,Vidyaranyapura - Shanthinagar TTMC,BR4224,3,Vidyaranyapura,Shanthinagar TTMC,34,0,Special,North
BMTC,ELCFDR-3,Electronic City 2nd Phase - Silk Board Attibele Road,BR3301,3,Electronic City 2nd Phase,Silk Board Attibele Road,52,0,Ordinary,Other
BMTC,CS-356,Kempegowda Bus Station - Chandapura,BR3149,3,Kempegowda Bus Station,Chandapura,35,0,Ordinary,Central
BMTC,238AB,ITI Layout - Kempegowda Bus Station,BR572,3,ITI Layout,Kempegowda Bus Station,35,0,Special,Central
BMTC,16A,Krishnarajendra Market - Nayanappa Shettipalya,BR143,3,Krishnarajendra Market,Nayanappa Shettipalya,46,0,Ordinary Variant,Central
BMTC,169,Kurubarahalli - Jeevanahalli,BR142,3,Kurubarahalli,Jeevanahalli,28,0,Ordinary,Other
BMTC,ARKG-JP-6,Arekere Gate - JP Nagar 6th Phase,BR2626,3,Arekere Gate,JP Nagar 6th Phase,33,0,Ordinary,South
BMTC,166,Koramangala - Shivajinagar Bus Station,BR135,3,Koramangala,Shivajinagar Bus Station,38,0,Ordinary,Central
BMTC,168,Jaibheemanagara - Krishnarajendra Market,BR137,3,Jaibheemanagara,Krishnarajendra Market,40,0,Ordinary,Central
BMTC,167,Kempegowda Bus Station - Ejipura,BR136,3,Kempegowda Bus Station,Ejipura,32,0,Ordinary,Central
BMTC,290RA,Krishnarajendra Market - Vidya Nagara Cross,BR1231,3,Krishnarajendra Market,Vidya Nagara Cross,43,0,Special,Central
BMTC,163,Koramangala - MCTC Bus Stand,BR124,3,Koramangala,MCTC Bus Stand,28,0,Ordinary,Other
BMTC,164,BTM Layout - Shivajinagar Bus Station,BR132,3,BTM Layout,Shivajinagar Bus Station,37,0,Ordinary,Central
BMTC,15L,Minaz Nagara - Kempegowda Bus Station,BR117,3,Minaz Nagara,Kempegowda Bus Station,37,0,Ordinary Variant,Central
BMTC,BKC-BGR,BK Circle - Begur,BR2690,3,BK Circle,Begur,17,0,Special,Other
BMTC,15H,Jaraganahalli House Building Co-Op-Society Layout - Kempegowda Bus Station,BR115,3,Jaraganahalli House Building Co-Op-Society Layout,Kempegowda Bus Station,74,0,Ordinary Variant,Central
BMTC,CR-360K,Attibele - Koramangla National Games Village,BR2973,3,Attibele,Koramangla National Games Village,44,0,Ordinary Variant,Other
BMTC,15K,Fayazabad - Shivajinagar Bus Station,BR116,3,Fayazabad,Shivajinagar Bus Station,36,0,Ordinary Variant,Central
BMTC,AYPT-KDG,Ayyappa Temple - Kadugodi,BR2655,3,Ayyappa Temple,Kadugodi,25,0,Special,East
BMTC,15E,Kumaraswamy Layout - Kempegowda Bus Station,BR112,3,Kumaraswamy Layout,Kempegowda Bus Station,43,0,Ordinary Variant,Central
BMTC,BSK-GTG,BANASHANKARI TTMC - Gottigere,BR2798,3,BANASHANKARI TTMC,Gottigere,29,0,Special,South
BMTC,CKB-SDD,Chikkabanavara - Sidedahalli,BR2866,3,Chikkabanavara,Sidedahalli,28,0,Special,Other
BMTC,15F,Kumaraswamy Layout 2nd Stage - Krishnarajendra Market,BR113,3,Kumaraswamy Layout 2nd Stage,Krishnarajendra Market,53,0,Ordinary Variant,Central
BMTC,CR-360G,Shivajinagar Bus Station - Attibele,BR2972,3,Shivajinagar Bus Station,Attibele,35,0,Ordinary Variant,Central
BMTC,MP-342F,Kempegowda Bus Station - Sarjapura Bus Stand,BR3748,3,Kempegowda Bus Station,Sarjapura Bus Stand,44,0,Ordinary Variant,Central
BMTC,15G,Kumaraswamy Layout 2nd Stage - Kempegowda Bus Station,BR114,3,Kumaraswamy Layout 2nd Stage,Kempegowda Bus Station,53,0,Ordinary Variant,Central
BMTC,JGF-VJN-YPR,Jaggath Pharma - Yeshwanthpura TTMC,BR3447,3,Jaggath Pharma,Yeshwanthpura TTMC,35,0,Special,West
BMTC,CS-36B,Girinagara Extention - Kempegowda Bus Station,BR3153,3,Girinagara Extention,Kempegowda Bus Station,45,0,Ordinary Variant,Central
BMTC,177,NRColony - Chowdeshwari Bus Stand JP Park,BR164,3,NRColony,Chowdeshwari Bus Stand JP Park,41,0,Ordinary,Other
BMTC,176,Hampinagara RPC Layout - Kaval Byrasandra,BR157,3,Hampinagara RPC Layout,Kaval Byrasandra,41,0,Ordinary,Other
BMTC,BTP-ISROL,Isro Layout - Bagmane Teck Park,BR2815,3,Isro Layout,Bagmane Teck Park,31,0,Special,Other
BMTC,170,Koramangala - Vijayanagara TTMC,BR144,3,Koramangala,Vijayanagara TTMC,31,0,Ordinary,South
BMTC,V-226KRM-1,Koramangala - Wonderla Amusement Park,BR4039,3,Koramangala,Wonderla Amusement Park,37,0,Ordinary,Other
BMTC,171,Koramangala - Kempegowda Bus Station,BR145,3,Koramangala,Kempegowda Bus Station,36,0,Ordinary,Central
BMTC,174,Mahalakshmi Layout - Koramangala,BR154,3,Mahalakshmi Layout,Koramangala,32,0,Ordinary,Other
BMTC,KBS-BPL,Kempegowda Bus Station - Bapuji Layout,BR3530,3,Kempegowda Bus Station,Bapuji Layout,38,0,Special,Central
BMTC,175,BTM Layout Bus Stop - Chowdeshwari Bus Stand JP Park,BR156,3,BTM Layout Bus Stop,Chowdeshwari Bus Stand JP Park,52,0,Ordinary,Other
BMTC,ADT-MLP,Adithi School - Malleshwaram 8th Main,BR2599,3,Adithi School,Malleshwaram 8th Main,37,0,Special,West
BMTC,80R,Rajkumar Samadhi - Kempegowda Bus Station,BR2523,3,Rajkumar Samadhi,Kempegowda Bus Station,41,0,Ordinary Variant,Central
BMTC,Sarswatinagara-ITPL,Saraswathi Nagara Vijayanagara - ITPL,BR3916,3,Saraswathi Nagara Vijayanagara,ITPL,37,0,Special,South
BMTC,80H,Nandhini Layout Bus Station - City Railway Station,BR2520,3,Nandhini Layout Bus Station,City Railway Station,50,0,Ordinary Variant,Other
BMTC,189,Mahalakshmi Layout - JP Nagara 3rd Phase,BR172,3,Mahalakshmi Layout,JP Nagara 3rd Phase,40,0,Ordinary,South
BMTC,80K,Sakammana Badavane - Kempegowda Bus Station,BR2521,3,Sakammana Badavane,Kempegowda Bus Station,43,0,Ordinary Variant,Central
BMTC,80L,Ashraya Nagara - Kempegowda Bus Station,BR2522,3,Ashraya Nagara,Kempegowda Bus Station,39,0,Ordinary Variant,Central
BMTC,215NA,Kempegowda Bus Station - Amruth Nagara,BR349,3,Kempegowda Bus Station,Amruth Nagara,38,0,Special,Central
BMTC,215NB,Kempegowda Bus Station - Nandhi Garden,BR350,3,Kempegowda Bus Station,Nandhi Garden,38,0,Special,Central
BMTC,215NC,Kempegowda Bus Station - Kembhathahalli,BR351,3,Kempegowda Bus Station,Kembhathahalli,39,0,Special,Central
BMTC,80A,Nandhini Layout Bus Station - Kempegowda Bus Station,BR2513,3,Nandhini Layout Bus Station,Kempegowda Bus Station,52,0,Ordinary Variant,Central
BMTC,180,KHB Colony - Kaval Byrasandra,BR166,3,KHB Colony,Kaval Byrasandra,29,0,Ordinary,Other
BMTC,HBL-BGC,Hebbala - Bagaluru Cross,BR3373,3,Hebbala,Bagaluru Cross,24,0,Special,North
BMTC,181,KAVERI NAGARA - Jayanagara 9th Block,BR167,3,KAVERI NAGARA,Jayanagara 9th Block,36,0,Ordinary,South
BMTC,80C,Goragunte Palya - Kempegowda Bus Station,BR2515,3,Goragunte Palya,Kempegowda Bus Station,40,0,Ordinary Variant,Central
BMTC,182,Padmanabha Nagara - Shivajinagar Bus Station,BR169,3,Padmanabha Nagara,Shivajinagar Bus Station,44,0,Ordinary,Central
BMTC,80B,Jai Maruthi Nagara - Kempegowda Bus Station,BR2514,3,Jai Maruthi Nagara,Kempegowda Bus Station,43,0,Ordinary Variant,Central
BMTC,80E,Krishnananda Nagara - Kempegowda Bus Station,BR2517,3,Krishnananda Nagara,Kempegowda Bus Station,44,0,Ordinary Variant,Central
BMTC,184,Shankar Mutt - BTM Layout South,BR170,3,Shankar Mutt,BTM Layout South,31,0,Ordinary,Other
BMTC,80D,Ravi Badavane - Kempegowda Bus Station,BR2516,3,Ravi Badavane,Kempegowda Bus Station,38,0,Ordinary Variant,Central
BMTC,DSC-DSCU,Dayananda Sagar College - DAYANANDA SAGAR COLLEGE,BR3293,3,Dayananda Sagar College,DAYANANDA SAGAR COLLEGE,49,0,Special,Other
BMTC,80G,Laggere Arch - Kempegowda Bus Station,BR2519,3,Laggere Arch,Kempegowda Bus Station,37,0,Ordinary Variant,Central
BMTC,80F,Jai Bhuvaneshwari Nagara - Kempegowda Bus Station,BR2518,3,Jai Bhuvaneshwari Nagara,Kempegowda Bus Station,49,0,Ordinary Variant,Central
BMTC,290TA,Kempegowda Bus Station - H Tippunagar,BR1234,3,Kempegowda Bus Station,H Tippunagar,37,0,Special,Central
BMTC,CS-365,Kempegowda Bus Station - Bannerghatta National Park,BR3151,3,Kempegowda Bus Station,Bannerghatta National Park,51,0,Ordinary,Central
BMTC,NLM-MNH,Nelamangala - Madanayakanahalli,BR3818,3,Nelamangala,Madanayakanahalli,31,0,Special,Other
BMTC,JPV-296B,Kempegowda Bus Station - HBR Layout 5th Block,BR3481,3,Kempegowda Bus Station,HBR Layout 5th Block,45,0,Ordinary Variant,Central
BMTC,114,Sulthan Palya - Krishnarajendra Market,BR21,3,Sulthan Palya,Krishnarajendra Market,38,0,Ordinary,Central
BMTC,ATR-HALLCA,Atturu Layout Yelahanka Road - LCA,BR2649,3,Atturu Layout Yelahanka Road,LCA,34,0,Special,North
BMTC,112,Kaval Byrasandra - Shivajinagar Bus Station,BR18,3,Kaval Byrasandra,Shivajinagar Bus Station,43,0,Ordinary,Central
BMTC,113,Pillanna Garden - Shivajinagar Bus Station,BR20,3,Pillanna Garden,Shivajinagar Bus Station,42,0,Ordinary,Central
BMTC,110,Jagajeevanram Nagara - JC Nagara,BR13,3,Jagajeevanram Nagara,JC Nagara,32,0,Ordinary,Other
BMTC,CR-500QK,KR Puram - Chowdeshwari Bus Stand JP Park,BR3010,3,KR Puram,Chowdeshwari Bus Stand JP Park,41,0,Special,East
BMTC,111,Kaval Byrasandra - Krishnarajendra Market,BR14,3,Kaval Byrasandra,Krishnarajendra Market,41,0,Ordinary,Central
BMTC,119,Marappa Garden - Shivajinagar Bus Station,BR29,3,Marappa Garden,Shivajinagar Bus Station,41,0,Ordinary,Central
BMTC,NBMN-Depot-13,Nagarabhavi Maruthinagara - Depot-13-BS,BR3790,3,Nagarabhavi Maruthinagara,Depot-13-BS,39,0,Ordinary,Other
BMTC,10A,JP Nagara 3rd Phase - Krishnarajendra Market,BR10,3,JP Nagara 3rd Phase,Krishnarajendra Market,44,0,Ordinary Variant,South
BMTC,10J,Avalahalli BDA Park - Kempegowda Bus Station,BR11,3,Avalahalli BDA Park,Kempegowda Bus Station,44,0,Ordinary Variant,Central
BMTC,CR-365D,Depot 34 - HDFC BANK,BR2974,3,Depot 34,HDFC BANK,20,0,Ordinary Variant,Other
BMTC,83C,Kempegowda Bus Station - Yeshwanthpura Railway Station,BR2530,3,Kempegowda Bus Station,Yeshwanthpura Railway Station,54,0,Ordinary Variant,West
BMTC,83D,Bandi Reddy Circle - Krishnarajendra Market,BR2531,3,Bandi Reddy Circle,Krishnarajendra Market,43,0,Ordinary Variant,Central
BMTC,125,Krishnarajendra Market - Pottery Town,BR38,3,Krishnarajendra Market,Pottery Town,37,0,Ordinary,Central
BMTC,V-335EN,Nelamangala - Kadugodi,BR4077,3,Nelamangala,Kadugodi,22,0,Special,East
BMTC,126,Jeevanahalli - Kempegowda Bus Station,BR41,3,Jeevanahalli,Kempegowda Bus Station,37,0,Ordinary,Central
BMTC,V-335EK,Kempegowda Bus Station - Hosakote Bus Stand,BR4076,3,Kempegowda Bus Station,Hosakote Bus Stand,43,0,Special,Central
BMTC,127,Jeevanahalli - Shivajinagar Bus Station,BR43,3,Jeevanahalli,Shivajinagar Bus Station,39,0,Ordinary,Central
BMTC,128,Coxtown Circle - Shivajinagar Bus Station,BR44,3,Coxtown Circle,Shivajinagar Bus Station,41,0,Ordinary,Central
BMTC,122,Old Bayappanahalli - Kempegowda Bus Station,BR35,3,Old Bayappanahalli,Kempegowda Bus Station,43,0,Ordinary,Central
BMTC,HALLCA-MRTB,Marathahalli Bridge - HAL/LCA,BR3367,3,Marathahalli Bridge,HAL/LCA,29,0,Special,Other
BMTC,123,Old Bayappanahalli - Shivajinagar Bus Station,BR36,3,Old Bayappanahalli,Shivajinagar Bus Station,45,0,Ordinary,Central
BMTC,HMAC-KTN,Horamavu Maruthi Vidyala Campus - Kasthurinagara,BR3389,3,Horamavu Maruthi Vidyala Campus,Kasthurinagara,48,0,Special,Other
BMTC,124,Chinnappana Garden - Kempegowda Bus Station,BR37,3,Chinnappana Garden,Kempegowda Bus Station,43,0,Ordinary,Central
BMTC,V-335EV,Chandra Layout - ITPL,BR4080,3,Chandra Layout,ITPL,21,0,Special,East
BMTC,V-335ET,Kempegowda Bus Station - White Field TTMC,BR4079,3,Kempegowda Bus Station,White Field TTMC,41,0,Special,Central
BMTC,129,Shivajinagar Bus Station - Kempegowda Bus Station,BR45,3,Shivajinagar Bus Station,Kempegowda Bus Station,49,0,Ordinary,Central
BMTC,V-335EP,Kempegowda Bus Station - Kempegowda Bus Station,BR4078,3,Kempegowda Bus Station,Kempegowda Bus Station,47,1,Special,Central
BMTC,KBS-BSF,Kempegowda Bus Station - BSF,BR3531,3,Kempegowda Bus Station,BSF,28,0,Special,Central
BMTC,82A,Kempegowda Bus Station - Kempegowda Bus Station,BR2525,3,Kempegowda Bus Station,Kempegowda Bus Station,47,1,Ordinary Variant,Central
BMTC,120,Yeshwanathapura new railway station - Lingarajapuram,BR32,3,Yeshwanathapura new railway station,Lingarajapuram,52,0,Ordinary,Other
BMTC,82B,Kempegowda Bus Station - Government Soap Factory,BR2527,3,Kempegowda Bus Station,Government Soap Factory,48,0,Ordinary Variant,Central
BMTC,82C,Kempegowda Bus Station - Yeshwanthpura,BR2528,3,Kempegowda Bus Station,Yeshwanthpura,38,0,Ordinary Variant,West
BMTC,290NA,Jayanagara 9th Block - Ramakrishna Hegde Nagara,BR1227,3,Jayanagara 9th Block,Ramakrishna Hegde Nagara,47,0,Special,South
BMTC,132,Domlur TTMC Bus Stand - Shivajinagar Bus Station,BR58,3,Domlur TTMC Bus Stand,Shivajinagar Bus Station,48,0,Ordinary,Central
BMTC,138,Jeevan Bhimanagara Bus stand - Kempegowda Bus Station,BR62,3,Jeevan Bhimanagara Bus stand,Kempegowda Bus Station,53,0,Ordinary,Central
BMTC,139,Jeevan Bhimanagara Bus stand - Shivajinagar Bus Station,BR65,3,Jeevan Bhimanagara Bus stand,Shivajinagar Bus Station,55,0,Ordinary,Central
BMTC,137,Domlur TTMC Bus Stand - Yeshwanthpura,BR60,3,Domlur TTMC Bus Stand,Yeshwanthpura,37,0,Ordinary,West
BMTC,VJN-TJC,Vijayanagara - T John College Campus,BR4201,3,Vijayanagara,T John College Campus,36,0,Special,South
BMTC,13A,Kumaraswamy Layout 2nd Stage - Shivajinagar Bus Station,BR67,3,Kumaraswamy Layout 2nd Stage,Shivajinagar Bus Station,55,0,Ordinary Variant,Central
BMTC,IAF-Depot11,IAF - Depot 11,BR3409,3,IAF,Depot 11,14,0,Ordinary,Other
BMTC,12D,Kadirenahalli Park - Kempegowda Bus Station,BR48,3,Kadirenahalli Park,Kempegowda Bus Station,43,0,Ordinary Variant,Central
BMTC,12B,Padmanabha Nagara - Kempegowda Bus Station,BR47,3,Padmanabha Nagara,Kempegowda Bus Station,42,0,Ordinary Variant,Central
BMTC,12F,Kempegowda Bus Station - Umara Bhagh Layout,BR50,3,Kempegowda Bus Station,Umara Bhagh Layout,43,0,Ordinary Variant,Central
BMTC,12E,Banashankari Bus Station - Kempegowda Bus Station,BR49,3,Banashankari Bus Station,Kempegowda Bus Station,49,0,Ordinary Variant,South
BMTC,MEBP-KHBC,Manyatha Embasy Business Park - Kengeri Housing Board Quarters,BR3712,3,Manyatha Embasy Business Park,Kengeri Housing Board Quarters,62,0,Special,South
BMTC,131,Domlur - Kempegowda Bus Station,BR57,3,Domlur,Kempegowda Bus Station,31,0,Ordinary,Central
BMTC,BHELLO-KMS,BHEL Concrode Layout - Kumarans School Mallasandra,BR2685,3,BHEL Concrode Layout,Kumarans School Mallasandra,50,0,Special,Other
BMTC,143,Neela sandra - Krishnarajendra Market,BR88,3,Neela sandra,Krishnarajendra Market,37,0,Ordinary,Central
BMTC,144,Neelasandra - Shivajinagar Bus Station,BR91,3,Neelasandra,Shivajinagar Bus Station,38,0,Ordinary,Central
BMTC,13S,Jaraganahalli House Building Co-Op-Society Layout - Sulthan Palya,BR77,3,Jaraganahalli House Building Co-Op-Society Layout,Sulthan Palya,65,0,Ordinary Variant,Other
BMTC,145,Neela sandra - Kempegowda Bus Station,BR97,3,Neela sandra,Kempegowda Bus Station,37,0,Ordinary,Central
BMTC,146,Vivekanagara - Kempegowda Bus Station,BR99,3,Vivekanagara,Kempegowda Bus Station,37,0,Ordinary,Central
BMTC,BMT23-JCNP,BMT-23 - JC Nagara Police Station,BR2749,3,BMT-23,JC Nagara Police Station,33,0,Special,Other
BMTC,MP-343L,Hongasandra mico layout - Kempegowda Bus Station,BR3750,3,Hongasandra mico layout,Kempegowda Bus Station,48,0,Ordinary Variant,Central
BMTC,MP-343K,Beguru - Kempegowda Bus Station,BR3749,3,Beguru,Kempegowda Bus Station,31,0,Ordinary Variant,Central
BMTC,14B,Chowdeshwari Bus Stand JP Park - Banashankari Bus Station,BR103,3,Chowdeshwari Bus Stand JP Park,Banashankari Bus Station,57,0,Ordinary Variant,South
BMTC,13C,Kumaraswamy Layout - Shivajinagar Bus Station,BR69,3,Kumaraswamy Layout,Shivajinagar Bus Station,45,0,Ordinary Variant,Central
BMTC,13B,Padmanabha Nagara Rock - Shivajinagar Bus Station,BR68,3,Padmanabha Nagara Rock,Shivajinagar Bus Station,49,0,Ordinary Variant,Central
BMTC,13E,Banashankari 3rd Stage 2nd Phase - Shivajinagar Bus Station,BR71,3,Banashankari 3rd Stage 2nd Phase,Shivajinagar Bus Station,59,0,Ordinary Variant,South
BMTC,13D,Kadirenahalli Park - Shivajinagar Bus Station,BR70,3,Kadirenahalli Park,Shivajinagar Bus Station,45,0,Ordinary Variant,Central
BMTC,13G,Jaraganahalli House Building Co-Op-Society Layout - Shivajinagar Bus Station,BR73,3,Jaraganahalli House Building Co-Op-Society Layout,Shivajinagar Bus Station,76,0,Ordinary Variant,Central
BMTC,13F,Chennamma kere Achukattu - Shivajinagar Bus Station,BR72,3,Chennamma kere Achukattu,Shivajinagar Bus Station,51,0,Ordinary Variant,Central
BMTC,BMT26-CQEAE,Depot 26 - CQEAE Complex,BR2752,3,Depot 26,CQEAE Complex,24,0,Special,Other
BMTC,13H,AGS Layout - Shivajinagar Bus Station,BR74,3,AGS Layout,Shivajinagar Bus Station,37,0,Ordinary Variant,Central
BMTC,13K,Minaz Nagara - Shivajinagar Bus Station,BR76,3,Minaz Nagara,Shivajinagar Bus Station,39,0,Ordinary Variant,Central
BMTC,13J,Hosakerahalli village - Shivajinagar Bus Station,BR75,3,Hosakerahalli village,Shivajinagar Bus Station,48,0,Ordinary Variant,Central
BMTC,D28-ESML,DEPOT-28 - Esteem Mall,BR3228,3,DEPOT-28,Esteem Mall,22,0,Special,Other
BMTC,140,Vivekanagara - Krishnarajendra Market,BR79,3,Vivekanagara,Krishnarajendra Market,37,0,Ordinary,Central
BMTC,227GA,Kempegowda Bus Station - Jaipura,BR485,3,Kempegowda Bus Station,Jaipura,32,0,Special,Central
BMTC,141,Vivekanagara - Shivajinagar Bus Station,BR84,3,Vivekanagara,Shivajinagar Bus Station,39,0,Ordinary,Central
BMTC,CR-369N,Kempegowda Bus Station - Yelenahalli,BR2981,3,Kempegowda Bus Station,Yelenahalli,36,0,Ordinary Variant,Central
BMTC,BNP-KGR,Bannerghatta National Park - Kengeri TTMC,BR2779,3,Bannerghatta National Park,Kengeri TTMC,41,0,Special,South
BMTC,SCS-BTPL,Bettana Palya - St. Clare School,BR3939,3,Bettana Palya,St. Clare School,32,0,Special,Other
BMTC,87J,Telecom Layout - Kempegowda Bus Station,BR2539,3,Telecom Layout,Kempegowda Bus Station,39,0,Ordinary Variant,Central
BMTC,SHS-YSTDC,Sindhi High School - Mother Dairy Cross,BR3952,3,Sindhi High School,Mother Dairy Cross,39,0,Special,Other
BMTC,87C,Hampinagara RPC Layout - Kempegowda Bus Station,BR2538,3,Hampinagara RPC Layout,Kempegowda Bus Station,47,0,Ordinary Variant,Central
BMTC,215ZA,BANASHANKARI TTMC - Anekal Bus Stand,BR360,3,BANASHANKARI TTMC,Anekal Bus Stand,36,0,Special,South
BMTC,87B,Nayandahalli Railway Gate - Kempegowda Bus Station,BR2537,3,Nayandahalli Railway Gate,Kempegowda Bus Station,50,0,Ordinary Variant,West
BMTC,87A,Hampinagara RPC Layout - Kempegowda Bus Station,BR2536,3,Hampinagara RPC Layout,Kempegowda Bus Station,47,0,Ordinary Variant,Central
BMTC,ANG-ORRCA,Avalahalli Nandi Garden - ORRCA-ECOSPICE,BR2620,3,Avalahalli Nandi Garden,ORRCA-ECOSPICE,40,0,Special,Other
BMTC,87S,Hampinagara RPC Layout - Shivajinagar Bus Station,BR2540,3,Hampinagara RPC Layout,Shivajinagar Bus Station,49,0,Ordinary Variant,Central
BMTC,255KA,Yeshwanthpura - Nelamangala,BR875,3,Yeshwanthpura,Nelamangala,27,0,Special,West
BMTC,CR-369A,Elita Promenade Aparatment - KM SCHOOL,BR2980,3,Elita Promenade Aparatment,KM SCHOOL,38,0,Ordinary Variant,Other
BMTC,BMT14-WSPM,BMT14 - Whispering Meawn,BR2743,3,BMT14,Whispering Meawn,24,0,Special,Other
BMTC,CR-368H,Yelenahalli - Jayanagara 9th Block,BR2979,3,Yelenahalli,Jayanagara 9th Block,34,0,Ordinary Variant,South
BMTC,86E,KHB Colony - Jayanagara 9th Block,BR2534,3,KHB Colony,Jayanagara 9th Block,33,0,Ordinary Variant,South
BMTC,502DA,Kengeri Police Station - Amrutahalli,BR2366,3,Kengeri Police Station,Amrutahalli,36,0,Special,South
BMTC,CR-368E,DEPOT 34 - Arekere lakshmi Layout,BR2978,3,DEPOT 34,Arekere lakshmi Layout,33,0,Ordinary Variant,Other
BMTC,KNRB-ADHL,Kamalanagar BEML layout - Agrahara Dasarahalli,BR3633,3,Kamalanagar BEML layout,Agrahara Dasarahalli,46,0,Special,Other
BMTC,BMT14-STP,BMT14 - Sulthan Palya,BR2741,3,BMT14,Sulthan Palya,21,0,Special,Other
BMTC,V-335EA,Malleshwaram 18th Cross - Kadugodi,BR4074,3,Malleshwaram 18th Cross,Kadugodi,34,0,Special,East
BMTC,V-335EB,Bidadi Bus Stand - ITPL,BR4075,3,Bidadi Bus Stand,ITPL,23,0,Special,East
BMTC,89K,Kurubarahalli - JP Nagara 6th Phase,BR2552,3,Kurubarahalli,JP Nagara 6th Phase,35,0,Ordinary Variant,South
BMTC,CR-330C,Vidhana Soudha - Basvanagara Bus Station,BR2950,3,Vidhana Soudha,Basvanagara Bus Station,40,0,Ordinary Variant,Other
BMTC,89B,Geleyara Balaga AGB Layout - Kempegowda Bus Station,BR2546,3,Geleyara Balaga AGB Layout,Kempegowda Bus Station,51,0,Ordinary Variant,Central
BMTC,89A,Cauvery Nagar - Kempegowda Bus Station,BR2545,3,Cauvery Nagar,Kempegowda Bus Station,38,0,Ordinary Variant,Central
BMTC,89D,Kurubarahalli JC Nagara - Kempegowda Bus Station,BR2548,3,Kurubarahalli JC Nagara,Kempegowda Bus Station,48,0,Ordinary Variant,Central
BMTC,89C,Kurubarahalli - Kempegowda Bus Station,BR2547,3,Kurubarahalli,Kempegowda Bus Station,38,0,Ordinary Variant,Central
BMTC,89F,Geleyara Balaga AGB Layout - Kempegowda Bus Station,BR2550,3,Geleyara Balaga AGB Layout,Kempegowda Bus Station,51,0,Ordinary Variant,Central
BMTC,201-U,Baiyappanahalli Satellite Bus Station - BEL FACTORY,BR184,3,Baiyappanahalli Satellite Bus Station,BEL FACTORY,51,0,Ordinary Variant,Other
BMTC,89E,Cauvery Nagar - Kempegowda Bus Station,BR2549,3,Cauvery Nagar,Kempegowda Bus Station,38,0,Ordinary Variant,Central
BMTC,89H,Cauvery Nagar - Krishnarajendra Market,BR2551,3,Cauvery Nagar,Krishnarajendra Market,38,0,Ordinary Variant,Central
BMTC,Depot22-GRH.,Goravanahalli - Krishnarajendra Market,BR3272,3,Goravanahalli,Krishnarajendra Market,38,0,Ordinary,Central
BMTC,CR-366Z,Chinnaiahna Palya - Anekal Bus Stand,BR2976,3,Chinnaiahna Palya,Anekal Bus Stand,36,0,Ordinary Variant,Other
BMTC,D31-SBMN,Summanahalli Depot-31 - Subramanyanagara,BR3231,3,Summanahalli Depot-31,Subramanyanagara,40,0,Special,Other
BMTC,CR-366F,Nosenoor - Bannerghatta National Park,BR2975,3,Nosenoor,Bannerghatta National Park,37,0,Ordinary Variant,Other
BMTC,JBS-YST,Jayanagara 4th Block - Yelahanka Satellite Town,BR3428,3,Jayanagara 4th Block,Yelahanka Satellite Town,47,0,Special,North
BMTC,CHAKRA-2,Banashankari Bus Station - Banashankari Bus Station,BR2844,3,Banashankari Bus Station,Banashankari Bus Station,51,1,Ordinary,South
BMTC,KDG-KMT,Krishnarajendra Market - Thara Hunise,BR3569,3,Krishnarajendra Market,Thara Hunise,37,0,Special,Central
BMTC,227CA,Beemanakuppe - Kempegowda Bus Station,BR480,3,Beemanakuppe,Kempegowda Bus Station,37,0,Special,Central
BMTC,CHAKRA-1,Banashankari Bus Station - Banashankari Bus Station,BR2840,3,Banashankari Bus Station,Banashankari Bus Station,51,1,Ordinary,South
BMTC,CHAKRA-4,Vijayanagara - Vijayanagara,BR2848,3,Vijayanagara,Vijayanagara,27,1,Ordinary,South
BMTC,CHAKRA-3,BANASHANKARI TTMC - BANASHANKARI TTMC,BR2846,3,BANASHANKARI TTMC,BANASHANKARI TTMC,37,1,Ordinary,South
BMTC,CHAKRA-6,City Civil Court - City Civil Court,BR2852,3,City Civil Court,City Civil Court,35,1,Ordinary,Other
BMTC,CHAKRA-5,Vijayanagara - Vijayanagara,BR2850,3,Vijayanagara,Vijayanagara,27,1,Ordinary,South
BMTC,CHAKRA-8,Whitefield TTMC - Whitefield TTMC,BR2856,3,Whitefield TTMC,Whitefield TTMC,33,1,Ordinary,East
BMTC,YML-MRH,Yamalur - Marathahalli Bridge,BR4263,3,Yamalur,Marathahalli Bridge,29,0,Special,Other
BMTC,CHAKRA-7,BANASHANKARI TTMC - BANASHANKARI TTMC,BR2854,3,BANASHANKARI TTMC,BANASHANKARI TTMC,37,1,Ordinary,South
BMTC,88A,Basaveshwara Nagara 3rd Stage - Kempegowda Bus Station,BR2542,3,Basaveshwara Nagara 3rd Stage,Kempegowda Bus Station,54,0,Ordinary Variant,Central
BMTC,SNR-HBL,Srinagara - Hebbala,BR3967,3,Srinagara,Hebbala,19,0,Special,North
BMTC,CHAKRA-9,White Field TTMC - White Field TTMC,BR2858,3,White Field TTMC,White Field TTMC,35,1,Ordinary,Other
BMTC,502FB,Globale Academy Bangarappa Nagara - Jalahalli Cross,BR2370,3,Globale Academy Bangarappa Nagara,Jalahalli Cross,51,0,Special,North
BMTC,88E,Basaveshwara Nagara 3rd Stage - Krishnarajendra Market,BR2543,3,Basaveshwara Nagara 3rd Stage,Krishnarajendra Market,54,0,Ordinary Variant,Central
BMTC,502FA,Kengeri TTMC - Nelamangala,BR2369,3,Kengeri TTMC,Nelamangala,26,0,Special,South
BMTC,V-335CR,Kundala Halli colony - Kundala Halli colony,BR4072,3,Kundala Halli colony,Kundala Halli colony,43,1,Special,Other
BMTC,RKHN-BEML,Ramakrishna Hegde Nagara - BEML,BR3905,3,Ramakrishna Hegde Nagara,BEML,31,0,Special,Other
BMTC,240D,Gollarahatti - Kempegowda Bus Station,BR603,3,Gollarahatti,Kempegowda Bus Station,37,0,Ordinary Variant,Central
BMTC,BMT26-VPS,Depot 26 - Vyali Kaval Police Station,BR2755,3,Depot 26,Vyali Kaval Police Station,37,0,Special,Other
BMTC,240E,Bylakonenahalli - Krishnarajendra Market,BR605,3,Bylakonenahalli,Krishnarajendra Market,40,0,Ordinary Variant,Central
BMTC,240C,Kachohalli - Krishnarajendra Market,BR602,3,Kachohalli,Krishnarajendra Market,35,0,Ordinary Variant,Central
BMTC,240A,Shivajinagar Bus Station - Machohalli,BR600,3,Shivajinagar Bus Station,Machohalli,37,0,Ordinary Variant,Central
BMTC,195,Shivajinagar Bus Station - Chandra Layout,BR174,3,Shivajinagar Bus Station,Chandra Layout,41,0,Ordinary,Central
BMTC,MEBP-HSK,Manyatha Embasy Business Park - Hosakote Bus Stand,BR3706,3,Manyatha Embasy Business Park,Hosakote Bus Stand,50,0,Special,Other
BMTC,240M,Magadi - Krishnarajendra Market,BR611,3,Magadi,Krishnarajendra Market,31,0,Ordinary Variant,Central
BMTC,197,Sulthan Palya - Jeevan Bhimanagara Bus stand,BR177,3,Sulthan Palya,Jeevan Bhimanagara Bus stand,44,0,Ordinary,Other
BMTC,240J,Chikkamaskal - Krishnarajendra Market,BR609,3,Chikkamaskal,Krishnarajendra Market,37,0,Ordinary Variant,Central
BMTC,NTN-KBS,Kempegowda Bus Station - Neo Town,BR3833,3,Kempegowda Bus Station,Neo Town,33,0,Special,Central
BMTC,196,Saraswathi Nagara Vijayanagara - Shivajinagar Bus Station,BR176,3,Saraswathi Nagara Vijayanagara,Shivajinagar Bus Station,57,0,Ordinary,South
BMTC,240K,Biskur - Krishnarajendra Market,BR610,3,Biskur,Krishnarajendra Market,31,0,Ordinary Variant,Central
BMTC,240H,G Hosahalli - Kempegowda Bus Station,BR608,3,G Hosahalli,Kempegowda Bus Station,36,0,Ordinary Variant,Central
BMTC,190,Srinagara - Jeevan Bhimanagara Bus stand,BR173,3,Srinagara,Jeevan Bhimanagara Bus stand,40,0,Ordinary,Other
BMTC,240F,Krishnarajendra Market - Madanayakanahalli,BR606,3,Krishnarajendra Market,Madanayakanahalli,42,0,Ordinary Variant,Central
BMTC,227BA,Kengeri TTMC - Tavare Kere,BR478,3,Kengeri TTMC,Tavare Kere,26,0,Special,South
BMTC,240G,Nagaraholenagara - Krishnarajendra Market,BR607,3,Nagaraholenagara,Krishnarajendra Market,41,0,Ordinary Variant,Central
BMTC,ELC-FDR-1,Neeladri Nagara - Electronic City 2nd Phase,BR3299,3,Neeladri Nagara,Electronic City 2nd Phase,43,0,Ordinary,Other
BMTC,377A,Bidadi - Nelamangala,BR2095,3,Bidadi,Nelamangala,20,0,Ordinary Variant,Other
BMTC,19E,JPNagara 6th Phase - YPR RMC,BR178,3,JPNagara 6th Phase,YPR RMC,28,0,Ordinary Variant,Other
BMTC,377B,Gonipura - Nelamangala,BR2096,3,Gonipura,Nelamangala,22,0,Ordinary Variant,Other
BMTC,KDG-KSGH,Kadugodi - Kodegehalli Sigehalli Bus Stand,BR3570,3,Kadugodi,Kodegehalli Sigehalli Bus Stand,42,0,Special,East
BMTC,CS-30C,Gangenahalli - Kempegowda Bus Station,BR3137,3,Gangenahalli,Kempegowda Bus Station,37,0,Ordinary Variant,Central
BMTC,KBS-RTN,Kempegowda Bus Station - RTNagara,BR3556,3,Kempegowda Bus Station,RTNagara,33,0,Special,Central
BMTC,241C,Yale Kodigehalli - Krishnarajendra Market,BR618,3,Yale Kodigehalli,Krishnarajendra Market,41,0,Ordinary Variant,Central
BMTC,241D,Bharathnagar 2nd Stage - Kempegowda Bus Station,BR622,3,Bharathnagar 2nd Stage,Kempegowda Bus Station,47,0,Ordinary Variant,Central
BMTC,378H,ISRO Layout - Electronic City,BR2104,3,ISRO Layout,Electronic City,29,0,Ordinary Variant,Other
BMTC,JPV-141B,Shivajinagar Bus Station - Koramangala 8th Block,BR3470,3,Shivajinagar Bus Station,Koramangala 8th Block,48,0,Ordinary Variant,Central
BMTC,241E,Laxmaiah Badavane - Krishnarajendra Market,BR623,3,Laxmaiah Badavane,Krishnarajendra Market,42,0,Ordinary Variant,Central
BMTC,227AB,Krishnarajendra Market - Ajjanahalli,BR476,3,Krishnarajendra Market,Ajjanahalli,36,0,Special,Central
BMTC,378D,Electronic City - Kengeri TTMC,BR2101,3,Electronic City,Kengeri TTMC,30,0,Ordinary Variant,South
BMTC,241A,Hullala Upanagara - Krishnarajendra Market,BR616,3,Hullala Upanagara,Krishnarajendra Market,42,0,Ordinary Variant,West
BMTC,378G,Kengeri TTMC - Electronic City,BR2103,3,Kengeri TTMC,Electronic City,30,0,Ordinary Variant,South
BMTC,241B,Kempegowda Bus Station - Kenchanapura,BR617,3,Kempegowda Bus Station,Kenchanapura,37,0,Ordinary Variant,Central
BMTC,378F,Banashankari Bus Station - Anekal,BR2102,3,Banashankari Bus Station,Anekal,33,0,Ordinary Variant,South
BMTC,HGB-JFWTC,Hebbagodi - JFWTC,BR3386,3,Hebbagodi,JFWTC,17,0,Special,Other
BMTC,241K,Sulikere - Krishnarajendra Market,BR626,3,Sulikere,Krishnarajendra Market,33,0,Ordinary Variant,Central
BMTC,241L,Kenchanapura - Shivajinagar Bus Station,BR627,3,Kenchanapura,Shivajinagar Bus Station,39,0,Ordinary Variant,Central
BMTC,241M,Savanadurga - Krishnarajendra Market,BR628,3,Savanadurga,Krishnarajendra Market,36,0,Ordinary Variant,Central
BMTC,241N,Bramha Devara Gudda - Krishnarajendra Market,BR629,3,Bramha Devara Gudda,Krishnarajendra Market,44,0,Ordinary Variant,Central
BMTC,241G,Seegehalli - Krishnarajendra Market,BR624,3,Seegehalli,Krishnarajendra Market,35,0,Ordinary Variant,Central
BMTC,378M,Electronic City - Chikkallasandra Bus Stand,BR2105,3,Electronic City,Chikkallasandra Bus Stand,43,0,Ordinary Variant,Other
BMTC,SJAT-MEBP,St.John`s Wood Apartment - Manyatha Embasy Business Park,BR3955,3,St.John`s Wood Apartment,Manyatha Embasy Business Park,56,0,Special,Other
BMTC,241H,Kempegowda Bus Station - Madeshwara Nagara,BR625,3,Kempegowda Bus Station,Madeshwara Nagara,42,0,Ordinary Variant,Central
BMTC,317VV,Naduvatti - Hosakote Bus Stand,BR1567,3,Naduvatti,Hosakote Bus Stand,30,0,Special,Other
BMTC,BMT11-KNR,Depot 11 - Kannuru,BR2723,3,Depot 11,Kannuru,18,0,Special,Other
BMTC,240R,Kachohalli - Kempegowda Bus Station,BR614,3,Kachohalli,Kempegowda Bus Station,35,0,Ordinary Variant,Central
BMTC,240N,Helige Halli Colony - Krishnarajendra Market,BR612,3,Helige Halli Colony,Krishnarajendra Market,44,0,Ordinary Variant,Central
BMTC,240P,Machohalli - Jayanagara 9th Block,BR613,3,Machohalli,Jayanagara 9th Block,33,0,Ordinary Variant,South
BMTC,378A,Jigani - Kengeri TTMC,BR2099,3,Jigani,Kengeri TTMC,21,0,Ordinary Variant,South
BMTC,378B,Electronic City - Uttarahalli,BR2100,3,Electronic City,Uttarahalli,29,0,Ordinary Variant,Other
BMTC,375D,BANASHANKARI TTMC - Kengeri TTMC,BR2087,3,BANASHANKARI TTMC,Kengeri TTMC,32,0,Ordinary Variant,South
BMTC,D33-HAL,Depot 33 - HAL Main Gate,BR3233,3,Depot 33,HAL Main Gate,24,0,Special,Other
BMTC,375C,BANASHANKARI TTMC - Globale Academy Bangarappa Nagara,BR2086,3,BANASHANKARI TTMC,Globale Academy Bangarappa Nagara,53,0,Ordinary Variant,South
BMTC,CS-330,Shivajinagar Bus Station - Maratahalli Bridge,BR3141,3,Shivajinagar Bus Station,Maratahalli Bridge,45,0,Ordinary,Central
BMTC,375B,Shirke KHB Quarters - Shanthi Nagara Bus Station,BR2085,3,Shirke KHB Quarters,Shanthi Nagara Bus Station,48,0,Ordinary Variant,Other
BMTC,375H,Jayanagara Bus Stand - Kengeri TTMC,BR2092,3,Jayanagara Bus Stand,Kengeri TTMC,35,0,Ordinary Variant,South
BMTC,375G,BANASHANKARI TTMC - Bidadi,BR2090,3,BANASHANKARI TTMC,Bidadi,26,0,Ordinary Variant,South
BMTC,375F,Kengeri TTMC - Srinagara,BR2089,3,Kengeri TTMC,Srinagara,24,0,Ordinary Variant,South
BMTC,CS-333,Kempegowda Bus Station - Maratahalli Bridge,BR3142,3,Kempegowda Bus Station,Maratahalli Bridge,43,0,Ordinary,Central
BMTC,375E,Kengeri TTMC - BANASHANKARI TTMC,BR2088,3,Kengeri TTMC,BANASHANKARI TTMC,32,0,Ordinary Variant,South
BMTC,375J,Thippuru - Shanthi Nagara Bus Station,BR2093,3,Thippuru,Shanthi Nagara Bus Station,37,0,Ordinary Variant,Other
BMTC,BMT10-OASIS,Hennur Depot - Oasis School,BR2719,3,Hennur Depot,Oasis School,27,0,Special,Other
BMTC,ELC-BTMA,Electronic City - BTMAXA Software Company,BR3298,3,Electronic City,BTMAXA Software Company,41,0,Special,Other
BMTC,317YB,Kempegowda Bus Station - Kaji Hosahalli,BR1573,3,Kempegowda Bus Station,Kaji Hosahalli,39,0,Special,Central
BMTC,317YA,Krishnarajendra Market - Kattiganahalli,BR1572,3,Krishnarajendra Market,Kattiganahalli,39,0,Special,Central
BMTC,317YE,Krishnarajendra Market - Govinda Pura,BR1575,3,Krishnarajendra Market,Govinda Pura,37,0,Special,Central
BMTC,317YD,Krishnarajendra Market - DODDATHAGGALI,BR1574,3,Krishnarajendra Market,DODDATHAGGALI,38,0,Special,Central
BMTC,HOP-ORRCA,Hope Farm - Outer Ring Road Company Association,BR3396,3,Hope Farm,Outer Ring Road Company Association,47,0,Special,Other
BMTC,346CJ,Krishnarajendra Market - Karnataka Slum Development Board,BR1818,3,Krishnarajendra Market,Karnataka Slum Development Board,57,0,Special,Central
BMTC,346CK,Kempegowda Bus Station - Karnataka Slum Development Board,BR1819,3,Kempegowda Bus Station,Karnataka Slum Development Board,57,0,Special,Central
BMTC,TR-4A,Jagajeevanram Nagara - Ramakrishna Hegde Nagara,BR4011,3,Jagajeevanram Nagara,Ramakrishna Hegde Nagara,47,0,Ordinary Variant,Other
BMTC,346CA,Central Silk Board - Huskur,BR1817,3,Central Silk Board,Huskur,27,0,Special,Other
BMTC,KNB-OASIS,Kalyananagara Bus Stand - Oasis School,BR3627,3,Kalyananagara Bus Stand,Oasis School,38,0,Special,Other
BMTC,CR-329A,Madappanahalli - Ganjoor,BR2948,3,Madappanahalli,Ganjoor,24,0,Ordinary Variant,Other
BMTC,410A,Attibele - Jalahalli Cross,BR2251,3,Attibele,Jalahalli Cross,26,0,Ordinary Variant,North
BMTC,410N,Nayandahalli Junction - Yeshwanthpura TTMC,BR2262,3,Nayandahalli Junction,Yeshwanthpura TTMC,42,0,Ordinary Variant,West
BMTC,410M,Banashankari Bus Station - Yeshwanthpura TTMC,BR2261,3,Banashankari Bus Station,Yeshwanthpura TTMC,45,0,Ordinary Variant,South
BMTC,410F,Jayanagara Bus Stand - Yeshwanthpura TTMC,BR2255,3,Jayanagara Bus Stand,Yeshwanthpura TTMC,41,0,Ordinary Variant,South
BMTC,410E,Agara Junction - Jalahalli Cross,BR2254,3,Agara Junction,Jalahalli Cross,32,0,Ordinary Variant,North
BMTC,410D,Bharathnagar 2nd Stage - Electronic City,BR2253,3,Bharathnagar 2nd Stage,Electronic City,40,0,Ordinary Variant,Other
BMTC,410C,Silk Board Attibele Road - Vijayanagara,BR2252,3,Silk Board Attibele Road,Vijayanagara,39,0,Ordinary Variant,South
BMTC,BMT10-ITIC,Depot 10 - ITI Circle,BR2714,3,Depot 10,ITI Circle,21,0,Special,Other
BMTC,410J,Jayanagara 4th Block - Kamalanagar BEML layout,BR2260,3,Jayanagara 4th Block,Kamalanagar BEML layout,46,0,Ordinary Variant,South
BMTC,410H,Peenya 2nd stage - HSR Layout 2nd Sector,BR2259,3,Peenya 2nd stage,HSR Layout 2nd Sector,40,0,Ordinary Variant,North
BMTC,410G,BANASHANKARI TTMC - Kottige Palya Magadi Road,BR2258,3,BANASHANKARI TTMC,Kottige Palya Magadi Road,45,0,Ordinary Variant,South
BMTC,411A,Jayanagara Bus Stand - Basavanagara Bus Stand,BR2265,3,Jayanagara Bus Stand,Basavanagara Bus Stand,45,0,Ordinary Variant,South
BMTC,HUSG-TATA-ELEXI,Huskur gate - TATA ELEXI LIMITED,BR3407,3,Huskur gate,TATA ELEXI LIMITED,32,0,Special,Other
BMTC,411B,K R Puram - Bannerghatta National Park,BR2266,3,K R Puram,Bannerghatta National Park,38,0,Ordinary Variant,Other
BMTC,231P,Bidadi - Krishnarajendra Market,BR542,3,Bidadi,Krishnarajendra Market,31,0,Ordinary Variant,Central
BMTC,CR-328F,Ganjoor - Valepura,BR2946,3,Ganjoor,Valepura,18,0,Ordinary Variant,Other
BMTC,317SA,Krishnarajendra Market - DODDANALLURAHALLI,BR1563,3,Krishnarajendra Market,DODDANALLURAHALLI,42,0,Special,Central
BMTC,215AB,Banashankari Bus Station - Kothnuru Kanakapura Road,BR324,3,Banashankari Bus Station,Kothnuru Kanakapura Road,51,0,Special,South
BMTC,AGKR-ORRCA,Ardendale Gate Kannamangala - Outer Ring Road Company Association,BR2604,3,Ardendale Gate Kannamangala,Outer Ring Road Company Association,65,0,Special,Other
BMTC,411D,Chandapura - Marathahalli Bridge,BR2267,3,Chandapura,Marathahalli Bridge,32,0,Ordinary Variant,Other
BMTC,KRP-SVPS,KR Puram - St Vincent School,BR3648,3,KR Puram,St Vincent School,28,0,Special,East
BMTC,411G,BTM Layout Bus Stop - Kadugodi,BR2268,3,BTM Layout Bus Stop,Kadugodi,30,0,Ordinary Variant,East
BMTC,215AE,Jayanagara 4th Block - Jayanagara 4th Block,BR325,3,Jayanagara 4th Block,Jayanagara 4th Block,43,1,Special,South
BMTC,411J,Naduvatti - Bannerghatta National Park,BR2269,3,Naduvatti,Bannerghatta National Park,38,0,Ordinary Variant,Other
BMTC,CR-129,Shivajinagar Bus Station - Vidhana Soudha,BR2882,3,Shivajinagar Bus Station,Vidhana Soudha,41,0,Ordinary,Central
BMTC,CR-127,GKVK - Srirampura,BR2881,3,GKVK,Srirampura,17,0,Ordinary,Other
BMTC,317TD,Krishnarajendra Market - Devashettyhalli,BR1565,3,Krishnarajendra Market,Devashettyhalli,40,0,Special,Central
BMTC,DMLR-ABISRO,Domlur TTMC Bus Stand - Arybhata ISRO Head Office,BR3287,3,Domlur TTMC Bus Stand,Arybhata ISRO Head Office,49,0,Special,Other
BMTC,KNPC-SPHS,K NarayanaPura Cross - Sophiya High School,BR3630,3,K NarayanaPura Cross,Sophiya High School,42,0,Special,Other
BMTC,FDR-11A,Bidadi - Bidadi,BR3308,3,Bidadi,Bidadi,15,1,Ordinary Variant,Other
BMTC,231M,Kempegowda Bus Station - Kempegowda Bus Station,BR541,3,Kempegowda Bus Station,Kempegowda Bus Station,47,1,Ordinary Variant,Central
BMTC,231L,Ganakkal - Kempegowda Bus Station,BR540,3,Ganakkal,Kempegowda Bus Station,33,0,Ordinary Variant,Central
BMTC,231K,Bidadi - Krishnarajendra Market,BR539,3,Bidadi,Krishnarajendra Market,31,0,Ordinary Variant,Central
BMTC,231J,Guddadahalli Dinne - Krishnarajendra Market,BR538,3,Guddadahalli Dinne,Krishnarajendra Market,43,0,Ordinary Variant,Central
BMTC,231H,Krishnarajendra Market - Devalingaiah Palya,BR537,3,Krishnarajendra Market,Devalingaiah Palya,43,0,Ordinary Variant,Central
BMTC,231G,Krishnarajendra Market - Kempa Dyapanahalli,BR536,3,Krishnarajendra Market,Kempa Dyapanahalli,43,0,Ordinary Variant,Central
BMTC,231F,Kakaramana Halli - Krishnarajendra Market,BR535,3,Kakaramana Halli,Krishnarajendra Market,41,0,Ordinary Variant,Central
BMTC,231E,Ganakkal - Krishnarajendra Market,BR534,3,Ganakkal,Krishnarajendra Market,33,0,Ordinary Variant,Central
BMTC,231D,Bethimgere - Krishnarajendra Market,BR533,3,Bethimgere,Krishnarajendra Market,35,0,Ordinary Variant,Central
BMTC,231C,Krishnarajendra Market - Muthurayanagudi Palya,BR532,3,Krishnarajendra Market,Muthurayanagudi Palya,46,0,Ordinary Variant,Central
BMTC,231B,Bannikuppe - Krishnarajendra Market,BR531,3,Bannikuppe,Krishnarajendra Market,35,0,Ordinary Variant,Central
BMTC,231A,Avaragere - Krishnarajendra Market,BR530,3,Avaragere,Krishnarajendra Market,34,0,Ordinary Variant,Central
BMTC,JPV-138D,Jeevan Bhimanagara Bus stand - Kempegowda Bus Station,BR3468,3,Jeevan Bhimanagara Bus stand,Kempegowda Bus Station,53,0,Ordinary Variant,Central
BMTC,BDD-KMP,Bidadi - Kempaiahanapalya,BR2672,3,Bidadi,Kempaiahanapalya,25,0,Special,Other
BMTC,V-360B,Kempegowda Bus Station - Attibele,BR4103,3,Kempegowda Bus Station,Attibele,33,0,Ordinary Variant,Central
BMTC,382M,Krishnarajendra Market - Koratageredoddi Bannerghatta,BR2140,3,Krishnarajendra Market,Koratageredoddi Bannerghatta,53,0,Ordinary Variant,Central
BMTC,SBN-HALLCA,Subramanyanagara - HAL/LCA,BR3921,3,Subramanyanagara,HAL/LCA,26,0,Special,Other
BMTC,V-500Ktest,Vijayanagara - ITPL,BR4157,3,Vijayanagara,ITPL,19,0,Special,South
BMTC,501KS,Kengeri TTMC - Srinagara,BR2358,3,Kengeri TTMC,Srinagara,24,0,Special,South
BMTC,VRP-AMD,Vidyaranyapura - AMD Private Limited,BR4219,3,Vidyaranyapura,AMD Private Limited,36,0,Special,North
BMTC,JFWTC-HBL,JFWTC - Hebbala,BR3436,3,JFWTC,Hebbala,15,0,Special,North
BMTC,383B,Krishnarajendra Market - Honachanahalli,BR2143,3,Krishnarajendra Market,Honachanahalli,39,0,Ordinary Variant,Central
BMTC,383C,Kempegowda Bus Station - Bommana Bande,BR2144,3,Kempegowda Bus Station,Bommana Bande,38,0,Ordinary Variant,Central
BMTC,383D,Kempegowda Bus Station - Makanahalli,BR2145,3,Kempegowda Bus Station,Makanahalli,36,0,Ordinary Variant,Central
BMTC,CR-12B,Hosakerahalli village - Indian Express,BR2883,3,Hosakerahalli village,Indian Express,38,0,Express,Other
BMTC,DEPOT-18-WPO,Depot 18 - White Field Post Office,BR3249,3,Depot 18,White Field Post Office,34,0,Special,Other
BMTC,230B,Kempegowda Bus Station - Bettana Palya,BR528,3,Kempegowda Bus Station,Bettana Palya,38,0,Ordinary Variant,Central
BMTC,230A,Bettana Palya - Krishnarajendra Market,BR527,3,Bettana Palya,Krishnarajendra Market,38,0,Ordinary Variant,Central
BMTC,383A,Kempegowda Bus Station - Poojena agrahara,BR2142,3,Kempegowda Bus Station,Poojena agrahara,41,0,Ordinary Variant,Central
BMTC,PK-96B,Kempegowda Bus Station - Kamalanagar Bus Stop,BR3883,3,Kempegowda Bus Station,Kamalanagar Bus Stop,45,0,Ordinary Variant,Central
BMTC,PK-13E,Shivajinagar Bus Station - Banashankari 3rd Stage 2nd Phase,BR3857,3,Shivajinagar Bus Station,Banashankari 3rd Stage 2nd Phase,59,0,Ordinary Variant,South
BMTC,PK-96E,Kempegowda Bus Station - Kamalanagara BEML Layout,BR3884,3,Kempegowda Bus Station,Kamalanagara BEML Layout,49,0,Ordinary Variant,Central
BMTC,KBS-RMC,Kempegowda Bus Station - Richmond Road Tower,BR3555,3,Kempegowda Bus Station,Richmond Road Tower,44,0,Special,Central
BMTC,237A,Kempegowda Bus Station - Panchsheela Nagara,BR566,3,Kempegowda Bus Station,Panchsheela Nagara,43,0,Ordinary Variant,Central
BMTC,PK-96G,Kempegowda Bus Station - Shankararnag Bus Stop,BR3885,3,Kempegowda Bus Station,Shankararnag Bus Stop,46,0,Ordinary Variant,Central
BMTC,TDL-SNPS,Thindlu - Sahakar Nagar Police Out Post,BR3992,3,Thindlu,Sahakar Nagar Police Out Post,39,0,Special,Other
BMTC,V-258C,Kempegowda Bus Station - Nelamangala,BR4044,3,Kempegowda Bus Station,Nelamangala,36,0,Ordinary Variant,Central
BMTC,237D,Chowdeshwari Bus Stand JP Park - Bande Maramma Bus Station,BR568,3,Chowdeshwari Bus Stand JP Park,Bande Maramma Bus Station,58,0,Ordinary Variant,Other
BMTC,237C,Shivajinagar Bus Station - Bande Maramma Bus Station,BR567,3,Shivajinagar Bus Station,Bande Maramma Bus Station,52,0,Ordinary Variant,Central
BMTC,227ZA,Thirumalapura - Krishnarajendra Market,BR509,3,Thirumalapura,Krishnarajendra Market,38,0,Special,Central
BMTC,382D,Krishnarajendra Market - Mugabala,BR2139,3,Krishnarajendra Market,Mugabala,33,0,Ordinary Variant,Central
BMTC,382C,Krishnarajendra Market - Doddanallala,BR2138,3,Krishnarajendra Market,Doddanallala,37,0,Ordinary Variant,Central
BMTC,237J,Jayanagara 9th Block - Bande Maramma Bus Station,BR569,3,Jayanagara 9th Block,Bande Maramma Bus Station,48,0,Ordinary Variant,South
BMTC,382B,Krishnarajendra Market - Nidaghatta,BR2137,3,Krishnarajendra Market,Nidaghatta,35,0,Ordinary Variant,Central
BMTC,382A,Krishnarajendra Market - SHIVANAPURA,BR2136,3,Krishnarajendra Market,SHIVANAPURA,36,0,Ordinary Variant,Central
BMTC,SBS-1K,Shivajinagar Bus Station - Kadugodi,BR3923,3,Shivajinagar Bus Station,Kadugodi,35,0,Ordinary Variant,East
BMTC,380M,Hosakote Bus Stand - Jangama Kote,BR2120,3,Hosakote Bus Stand,Jangama Kote,33,0,Ordinary Variant,Other
BMTC,380N,Krishnarajendra Market - UMMALU,BR2121,3,Krishnarajendra Market,UMMALU,31,0,Ordinary Variant,Central
BMTC,380P,Hosakote Bus Stand - Bailanarsapura,BR2122,3,Hosakote Bus Stand,Bailanarsapura,35,0,Ordinary Variant,Other
BMTC,380Q,Krishnarajendra Market - Orahalli,BR2123,3,Krishnarajendra Market,Orahalli,33,0,Ordinary Variant,Central
BMTC,415A,Kempegowda Bus Station - Shampura,BR2274,3,Kempegowda Bus Station,Shampura,33,0,Ordinary Variant,Central
BMTC,238UB,Byadarahalli - Kempegowda Bus Station,BR586,3,Byadarahalli,Kempegowda Bus Station,37,0,Special,Central
BMTC,PK-150,Krishnarajendra Market - Shivajinagar Bus Station,BR3859,3,Krishnarajendra Market,Shivajinagar Bus Station,49,0,Ordinary,Central
BMTC,415C,Shivajinagar Bus Station - HBR Layout,BR2276,3,Shivajinagar Bus Station,HBR Layout,37,0,Ordinary Variant,Central
BMTC,BEBP-HBL,Manyatha Embasy Business Park - Hebbala,BR2673,3,Manyatha Embasy Business Park,Hebbala,39,0,Special,North
BMTC,BMT10-OLDB,Depot 10 - Old Bayappanahalli,BR2720,3,Depot 10,Old Bayappanahalli,29,0,Special,Other
BMTC,415B,Kempegowda Bus Station - Vishwanatha Nagenahalli,BR2275,3,Kempegowda Bus Station,Vishwanatha Nagenahalli,48,0,Ordinary Variant,Central
BMTC,415E,Krishnarajendra Market - Amarajyothi Badavane,BR2278,3,Krishnarajendra Market,Amarajyothi Badavane,45,0,Ordinary Variant,Central
BMTC,415D,Krishnarajendra Market - RAILWAY GATE SHAMPURA,BR2277,3,Krishnarajendra Market,RAILWAY GATE SHAMPURA,46,0,Ordinary Variant,Central
BMTC,415G,Kempegowda Bus Station - SHAMPURA,BR2280,3,Kempegowda Bus Station,SHAMPURA,33,0,Ordinary Variant,Central
BMTC,415F,Krishnarajendra Market - Vishwanatha Nagenahalli,BR2279,3,Krishnarajendra Market,Vishwanatha Nagenahalli,48,0,Ordinary Variant,Central
BMTC,415H,Kempegowda Bus Station - Amarajyothi Badavane,BR2281,3,Kempegowda Bus Station,Amarajyothi Badavane,45,0,Ordinary Variant,Central
BMTC,415J,Shivajinagar Bus Station - Chamundi Nagara,BR2282,3,Shivajinagar Bus Station,Chamundi Nagara,42,0,Ordinary Variant,Central
BMTC,381A,Krishnarajendra Market - Lakkondahalli Cross,BR2125,3,Krishnarajendra Market,Lakkondahalli Cross,44,0,Ordinary Variant,Central
BMTC,381C,Hoskote - Vijayapura,BR2127,3,Hoskote,Vijayapura,20,0,Ordinary Variant,East
BMTC,381B,Kempegowda Bus Station - Vijayapura,BR2126,3,Kempegowda Bus Station,Vijayapura,35,0,Ordinary Variant,Central
BMTC,381E,Kempegowda Bus Station - Kambalipura,BR2129,3,Kempegowda Bus Station,Kambalipura,36,0,Ordinary Variant,Central
BMTC,381D,Krishnarajendra Market - E Muthasandra,BR2128,3,Krishnarajendra Market,E Muthasandra,38,0,Ordinary Variant,Central
BMTC,381G,Krishnarajendra Market - Vabasandra,BR2131,3,Krishnarajendra Market,Vabasandra,35,0,Ordinary Variant,Central
BMTC,D-6,Kengeri Satelite Town - Kadugodi,BR3203,3,Kengeri Satelite Town,Kadugodi,32,0,Ordinary,South
BMTC,381F,Krishnarajendra Market - M Sathyawara,BR2130,3,Krishnarajendra Market,M Sathyawara,37,0,Ordinary Variant,Central
BMTC,JGP-JGDL,Jagadale Industries Pvt Ltd - Jaggath Pharma,BR3448,3,Jagadale Industries Pvt Ltd,Jaggath Pharma,44,0,Special,Other
BMTC,381H,Krishnarajendra Market - Bhavapura,BR2132,3,Krishnarajendra Market,Bhavapura,34,0,Ordinary Variant,Central
BMTC,381K,Krishnarajendra Market - Bettahalli,BR2134,3,Krishnarajendra Market,Bettahalli,35,0,Ordinary Variant,Central
BMTC,NML-VNC,Nelamangala - Vinayakanagara Cross D-43,BR3831,3,Nelamangala,Vinayakanagara Cross D-43,39,0,Special,Other
BMTC,381J,Krishnarajendra Market - Giddappanahalli,BR2133,3,Krishnarajendra Market,Giddappanahalli,40,0,Ordinary Variant,Central
BMTC,235C,Kempegowda Bus Station - Government Sub-Urban Press,BR554,3,Kempegowda Bus Station,Government Sub-Urban Press,51,0,Ordinary Variant,Central
BMTC,235B,Kempegowda Bus Station - Chikkanahalli,BR553,3,Kempegowda Bus Station,Chikkanahalli,38,0,Ordinary Variant,Central
BMTC,V-342RA,Sarjapura Bus Stand - Yeshwanthpura TTMC,BR4093,3,Sarjapura Bus Stand,Yeshwanthpura TTMC,40,0,Special,West
BMTC,235A,Nagarabhavi Village - Krishnarajendra Market,BR550,3,Nagarabhavi Village,Krishnarajendra Market,44,0,Ordinary Variant,Central
BMTC,412A,HAL Main gate - Kalyana Nagara,BR2271,3,HAL Main gate,Kalyana Nagara,30,0,Ordinary Variant,Other
BMTC,235J,Bharath House building Co-operative Society layout - Yeshwanthpura,BR559,3,Bharath House building Co-operative Society layout,Yeshwanthpura,66,0,Ordinary Variant,West
BMTC,380B,Krishnarajendra Market - THAVATAHALLI,BR2114,3,Krishnarajendra Market,THAVATAHALLI,37,0,Ordinary Variant,Central
BMTC,235K,Kempegowda Bus Station - Doddabasthi,BR560,3,Kempegowda Bus Station,Doddabasthi,36,0,Ordinary Variant,Central
BMTC,235H,Bande Maramma Bus Station - Jayanagara 9th Block,BR558,3,Bande Maramma Bus Station,Jayanagara 9th Block,48,0,Ordinary Variant,South
BMTC,235F,Kempegowda Bus Station - Sports Authority of India,BR557,3,Kempegowda Bus Station,Sports Authority of India,50,0,Ordinary Variant,Central
BMTC,235D,Sulikere - Kempegowda Bus Station,BR555,3,Sulikere,Kempegowda Bus Station,33,0,Ordinary Variant,Central
BMTC,KBS-BDS,Kempegowda Bus Station - BDS Nagara,BR3528,3,Kempegowda Bus Station,BDS Nagara,35,0,Special,Central
BMTC,235E,Kempegowda Bus Station - Papareddy Palya,BR556,3,Kempegowda Bus Station,Papareddy Palya,40,0,Ordinary Variant,Central
BMTC,235P,Kempegowda Bus Station - Chikkanahalli,BR563,3,Kempegowda Bus Station,Chikkanahalli,38,0,Ordinary Variant,Central
BMTC,380H,Krishnarajendra Market - Jadagenahalli,BR2119,3,Krishnarajendra Market,Jadagenahalli,38,0,Ordinary Variant,Central
BMTC,235Q,Maruthi Nagara - Kempegowda Bus Station,BR564,3,Maruthi Nagara,Kempegowda Bus Station,39,0,Ordinary Variant,Central
BMTC,380G,Krishnarajendra Market - Dandu Palya,BR2118,3,Krishnarajendra Market,Dandu Palya,36,0,Ordinary Variant,Central
BMTC,380F,Krishnarajendra Market - Devashettyhalli,BR2117,3,Krishnarajendra Market,Devashettyhalli,40,0,Ordinary Variant,Central
BMTC,215BA,Krishnarajendra Market - BCMC Layout,BR327,3,Krishnarajendra Market,BCMC Layout,36,0,Special,Central
BMTC,380E,Krishnarajendra Market - SOLURU,BR2116,3,Krishnarajendra Market,SOLURU,31,0,Ordinary Variant,Central
BMTC,215BB,BANASHANKARI TTMC - VADDARAPALYA,BR328,3,BANASHANKARI TTMC,VADDARAPALYA,32,0,Special,South
BMTC,235L,Krishnarajendra Market - ITI Layout Mallathahalli,BR561,3,Krishnarajendra Market,ITI Layout Mallathahalli,49,0,Ordinary Variant,Central
BMTC,215BC,Shivajinagar Bus Station - Anjanapura,BR329,3,Shivajinagar Bus Station,Anjanapura,37,0,Special,Central
BMTC,235M,Krishnarajendra Market - Jnana Jyothi Nagara 2nd Phase,BR562,3,Krishnarajendra Market,Jnana Jyothi Nagara 2nd Phase,54,0,Ordinary Variant,Central
BMTC,380C,Krishnarajendra Market - Haralur,BR2115,3,Krishnarajendra Market,Haralur,32,0,Ordinary Variant,Central
BMTC,ADT-YLHMD,Adithi School - Mother Dairy,BR2601,3,Adithi School,Mother Dairy,28,0,Special,Other
BMTC,JMML-OASIS,Jayamahal - Oasis School,BR3451,3,Jayamahal,Oasis School,24,0,Special,Other
BMTC,V-335YI,Yeshwanthpur TTMC - ITPL,BR4085,3,Yeshwanthpur TTMC,ITPL,24,0,Special,East
BMTC,KBS-RJE,Kempegowda Bus Station - Rajaji Nagara Entrance,BR3554,3,Kempegowda Bus Station,Rajaji Nagara Entrance,47,0,Special,Central
BMTC,234A,Hullala Upanagara - Krishnarajendra Market,BR544,3,Hullala Upanagara,Krishnarajendra Market,42,0,Ordinary Variant,West
BMTC,238SA,Kailasipalyam - Sunkadakatte,BR583,3,Kailasipalyam,Sunkadakatte,28,0,Special,West
BMTC,129C,Kempegowda Bus Station - Vidhana Soudha,BR46,3,Kempegowda Bus Station,Vidhana Soudha,39,0,Ordinary Variant,Central
BMTC,501GA,Kengeri TTMC - Agara,BR2356,3,Kengeri TTMC,Agara,20,0,Special,South
BMTC,234C,Kempegowda Bus Station - Manganahalli,BR545,3,Kempegowda Bus Station,Manganahalli,37,0,Ordinary Variant,Central
BMTC,234D,Krishnarajendra Market - Upkar Badavane,BR546,3,Krishnarajendra Market,Upkar Badavane,39,0,Ordinary Variant,Central
BMTC,234E,Kempegowda Bus Station - Hullala Upanagara,BR547,3,Kempegowda Bus Station,Hullala Upanagara,42,0,Ordinary Variant,West
BMTC,234F,Shivajinagar Bus Station - AGS Layout Manganahalli,BR548,3,Shivajinagar Bus Station,AGS Layout Manganahalli,50,0,Ordinary Variant,Central
BMTC,317QK,Hosakote Bus Stand - Korati,BR1560,3,Hosakote Bus Stand,Korati,27,0,Special,Other
BMTC,MEBP-MRHB,Manyatha Embasy Business Park - Maratahalli Bridge,BR3713,3,Manyatha Embasy Business Park,Maratahalli Bridge,50,0,Special,Other
BMTC,PK-341G,Shivajinagar Bus Station - Haralur,BR3873,3,Shivajinagar Bus Station,Haralur,34,0,Ordinary Variant,Central
BMTC,215CD,Jayanagara Bus Stand - J Srinivasa Reddy Layout,BR333,3,Jayanagara Bus Stand,J Srinivasa Reddy Layout,47,0,Special,South
BMTC,215CA,Jayanagara Bus Stand - Jambusavari dinne,BR331,3,Jayanagara Bus Stand,Jambusavari dinne,40,0,Special,South
BMTC,215CB,Jayanagara Bus Stand - Kothnuru Kanakapura Road,BR332,3,Jayanagara Bus Stand,Kothnuru Kanakapura Road,47,0,Special,South
BMTC,600CH,Banashankari Bus Station - Huskur,BR2433,3,Banashankari Bus Station,Huskur,33,0,Special,South
BMTC,600CF,BANASHANKARI TTMC - Electronic City Wipro Gate,BR2432,3,BANASHANKARI TTMC,Electronic City Wipro Gate,46,0,Special,South
BMTC,215HB,Jambusavari dinne - Peenya Satellite Bus Station,BR340,3,Jambusavari dinne,Peenya Satellite Bus Station,48,0,Special,North
BMTC,600CB,BANASHANKARI TTMC - Anekal,BR2431,3,BANASHANKARI TTMC,Anekal,26,0,Special,South
BMTC,600CA,BANASHANKARI TTMC - Anekal,BR2430,3,BANASHANKARI TTMC,Anekal,26,0,Special,South
BMTC,227UB,Melehalli - Krishnarajendra Market,BR500,3,Melehalli,Krishnarajendra Market,34,0,Special,Central
BMTC,302GA,Shivajinagar Bus Station - Babusab Palya,BR1377,3,Shivajinagar Bus Station,Babusab Palya,40,0,Special,Central
BMTC,V-335RC,ITPL - ITPL,BR4082,3,ITPL,ITPL,11,1,Special,East
BMTC,SMA-VRP,Sri Mata Amruthanandamayi Mutt - Vidyaranyapura,BR3958,3,Sri Mata Amruthanandamayi Mutt,Vidyaranyapura,47,0,Special,North
BMTC,215HA,Kempegowda Bus Station - Lal Bahadur Shastri Nagara Anjanapura,BR339,3,Kempegowda Bus Station,Lal Bahadur Shastri Nagara Anjanapura,62,0,Special,Central
BMTC,CS27,Gollarahatti - Kempegowda Bus Station,BR3188,3,Gollarahatti,Kempegowda Bus Station,37,0,Ordinary,Central
BMTC,KBS-DEPOT-11,Kempegowda Bus Station - Yelahanka Satelite Town,BR3533,3,Kempegowda Bus Station,Yelahanka Satelite Town,48,0,Ordinary,North
BMTC,238ZA,Hullala Upanagara - Kempegowda Bus Station,BR593,3,Hullala Upanagara,Kempegowda Bus Station,42,0,Special,West
BMTC,SPHS-VRP,Sophiya High School - Vidyaranyapura,BR3976,3,Sophiya High School,Vidyaranyapura,36,0,Special,North
BMTC,227VC,Krishnarajendra Market - Dabbaguli Manchanabele,BR504,3,Krishnarajendra Market,Dabbaguli Manchanabele,47,0,Special,Central
BMTC,KRRD-Depot25,K R Road - Depot-25-BS,BR3653,3,K R Road,Depot-25-BS,22,0,Ordinary,Other
BMTC,227VB,Krishnarajendra Market - Gadigaiahana Doddi,BR503,3,Krishnarajendra Market,Gadigaiahana Doddi,43,0,Special,Central
BMTC,227VA,Krishnarajendra Market - Veeregowdana Doddi,BR502,3,Krishnarajendra Market,Veeregowdana Doddi,43,0,Special,Central
BMTC,223P-UPLO-SBS,Upkar Residency Layout - Shivajinagar Bus Station,BR413,3,Upkar Residency Layout,Shivajinagar Bus Station,49,0,Special,Central
BMTC,290HA,Krishnarajendra Market - Ambedkar Medical College Shampura,BR1221,3,Krishnarajendra Market,Ambedkar Medical College Shampura,58,0,Special,Central
BMTC,HRH-GJR,Harohalli - Gunjoor,BR3400,3,Harohalli,Gunjoor,19,0,Special,Other
BMTC,V-342FD,Kempegowda Bus Station - Dodda Kannalli,BR4091,3,Kempegowda Bus Station,Dodda Kannalli,39,0,Special,Central
BMTC,238VR,Ambedkar College Circle - City Railway Station,BR590,3,Ambedkar College Circle,City Railway Station,46,0,Special,Other
BMTC,CCRL-KBS,Casappa Cola Residency Road - Kempegowda Bus Station,BR2837,3,Casappa Cola Residency Road,Kempegowda Bus Station,52,0,Special,Central
BMTC,CR-140E,Ejipura - Military Accounts Office,BR2885,3,Ejipura,Military Accounts Office,34,0,Ordinary Variant,Other
BMTC,YRSTN-YBC,Yeshwanathapura new railway station - Bagaluru Cross,BR4266,3,Yeshwanathapura new railway station,Bagaluru Cross,52,0,Special,Other
BMTC,V-12,BANASHANKARI TTMC - Kempegowda Bus Station,BR4027,3,BANASHANKARI TTMC,Kempegowda Bus Station,42,0,Ordinary,South
BMTC,BMT14-NVG,Depot 14 - Navarang Talkies,BR2739,3,Depot 14,Navarang Talkies,27,0,Special,Other
BMTC,V-342FC,Sarjapura Bus Stand - Central Silk Board,BR4090,3,Sarjapura Bus Stand,Central Silk Board,40,0,Special,Other
BMTC,239D,Bangarappa Nagara - Shivajinagar Bus Station,BR597,3,Bangarappa Nagara,Shivajinagar Bus Station,44,0,Ordinary Variant,Central
BMTC,238VA,Bande Maramma Bus Station - Shivajinagar Bus Station,BR588,3,Bande Maramma Bus Station,Shivajinagar Bus Station,52,0,Special,Central
BMTC,126A,Jeevanahalli - Krishnarajendra Market,BR42,3,Jeevanahalli,Krishnarajendra Market,37,0,Ordinary Variant,Central
BMTC,238VB,Byadarahalli - Kempegowda Bus Station,BR589,3,Byadarahalli,Kempegowda Bus Station,37,0,Special,Central
BMTC,KGNPS-KGN,Kempegowda Nagara Police Station - Kempegowda Swimming Pool,BR3579,3,Kempegowda Nagara Police Station,Kempegowda Swimming Pool,59,0,Special,Central
BMTC,287JA,Kempegowda Bus Station - Amruthnagar,BR1170,3,Kempegowda Bus Station,Amruthnagar,36,0,Special,Central
BMTC,239A,BEML Layout 5th Stage - Shivajinagar Bus Station,BR594,3,BEML Layout 5th Stage,Shivajinagar Bus Station,48,0,Ordinary Variant,Central
BMTC,108,Anandanagar - Krishnarajendra Market,BR8,3,Anandanagar,Krishnarajendra Market,36,0,Ordinary,Central
BMTC,239B,BHEL Layout Maramma Temple - Shivajinagar Bus Station,BR595,3,BHEL Layout Maramma Temple,Shivajinagar Bus Station,53,0,Ordinary Variant,Central
BMTC,239C,Bangalore Children Hospital - Kempegowda Bus Station,BR596,3,Bangalore Children Hospital,Kempegowda Bus Station,52,0,Ordinary Variant,Central
BMTC,104,Sadhashivanagar - Kempegowda Bus Station,BR5,3,Sadhashivanagar,Kempegowda Bus Station,40,0,Ordinary,Central
BMTC,V-369H,Kempegowda Bus Station - Arekere MICO Layout,BR4109,3,Kempegowda Bus Station,Arekere MICO Layout,44,0,Ordinary Variant,Central
BMTC,238W,Kempegowda Bus Station - Narasipura,BR591,3,Kempegowda Bus Station,Narasipura,35,0,Ordinary Variant,Central
BMTC,SCS-SHC,Sheshagiri Halli Mysore Road - St. Clare School,BR3944,3,Sheshagiri Halli Mysore Road,St. Clare School,47,0,Special,Other
BMTC,ABISRO-Depot-13,ISRO Layout - Depot-13-BS,BR2589,3,ISRO Layout,Depot-13-BS,25,0,Ordinary,Other
BMTC,100,Chowdeshwari Bus Stand JP Park - Shivajinagar Bus Station,BR3,3,Chowdeshwari Bus Stand JP Park,Shivajinagar Bus Station,57,0,Ordinary,Central
BMTC,238Z,Amma Ashrama - Shivajinagar Bus Station,BR592,3,Amma Ashrama,Shivajinagar Bus Station,39,0,Ordinary Variant,Central
BMTC,238V,Ambedkar College Circle - Kempegowda Bus Station,BR587,3,Ambedkar College Circle,Kempegowda Bus Station,48,0,Ordinary Variant,Central
BMTC,238U,Kempegowda Bus Station - Bangalore University ADM Block,BR585,3,Kempegowda Bus Station,Bangalore University ADM Block,55,0,Ordinary Variant,Central
BMTC,CR-141A,Karnataka Housing Complex - Malleshwaram Bus Station,BR2886,3,Karnataka Housing Complex,Malleshwaram Bus Station,52,0,Ordinary Variant,West
BMTC,238T,Shivajinagar Bus Station - Malagala Bus Stand,BR584,3,Shivajinagar Bus Station,Malagala Bus Stand,45,0,Ordinary Variant,Central
BMTC,238S,Krishnarajendra Market - Annapoorneshwari Nagara,BR582,3,Krishnarajendra Market,Annapoorneshwari Nagara,48,0,Ordinary Variant,Central
BMTC,290KA,Krishnarajendra Market - Nagavara,BR1224,3,Krishnarajendra Market,Nagavara,33,0,Special,Central
BMTC,238P,Kempegowda Bus Station - D Group Employees Layout,BR581,3,Kempegowda Bus Station,D Group Employees Layout,49,0,Ordinary Variant,Central
BMTC,CR-500C1,Jn of Marathalli Bridge - DRDO 2ND Phase,BR3003,3,Jn of Marathalli Bridge,DRDO 2ND Phase,40,0,Ordinary,Other
BMTC,600FD,Attibele - Vijayanagara TTMC,BR2439,3,Attibele,Vijayanagara TTMC,28,0,Special,South
BMTC,238L,Ambedkar College Circle - Kempegowda Bus Station,BR580,3,Ambedkar College Circle,Kempegowda Bus Station,48,0,Ordinary Variant,Central
BMTC,238K,Krishnarajendra Market - Bande Maramma Bus Station,BR579,3,Krishnarajendra Market,Bande Maramma Bus Station,50,0,Ordinary Variant,Central
BMTC,CR-141K,Depot 15 - Dodda Kannalli,BR2887,3,Depot 15,Dodda Kannalli,25,0,Ordinary Variant,Other
BMTC,600FA,BANASHANKARI TTMC - Jigani APC Circle,BR2436,3,BANASHANKARI TTMC,Jigani APC Circle,37,0,Special,South
BMTC,125E,Marappa Garden - Shivajinagar Bus Station,BR40,3,Marappa Garden,Shivajinagar Bus Station,41,0,Ordinary Variant,Central
BMTC,238H,Tavarekere Magadi Road - Krishnarajendra Market,BR578,3,Tavarekere Magadi Road,Krishnarajendra Market,47,0,Ordinary Variant,Central
BMTC,600FC,BANASHANKARI TTMC - Jigani APC Circle,BR2438,3,BANASHANKARI TTMC,Jigani APC Circle,37,0,Special,South
BMTC,238G,Nrupatunga Nagar - Malleshwaram 18th Cross,BR577,3,Nrupatunga Nagar,Malleshwaram 18th Cross,42,0,Ordinary Variant,West
BMTC,600FB,AGS Layout - Electronic City Wipro Gate,BR2437,3,AGS Layout,Electronic City Wipro Gate,39,0,Special,Other
BMTC,125A,Krishnarajendra Market - Marappa Garden,BR39,3,Krishnarajendra Market,Marappa Garden,39,0,Ordinary Variant,Central
BMTC,CR-500CH,Sri Vidyanagara - ITPL,BR3005,3,Sri Vidyanagara,ITPL,22,0,Special,East
BMTC,238F,Nagarabhavi 1st Stage 3rd Block - Malleshwaram 18th Cross,BR576,3,Nagarabhavi 1st Stage 3rd Block,Malleshwaram 18th Cross,57,0,Ordinary Variant,West
BMTC,238C,Kempegowda Bus Station - Bande Maramma Bus Station,BR574,3,Kempegowda Bus Station,Bande Maramma Bus Station,50,0,Ordinary Variant,Central
BMTC,238D,Nagarabhavi 1st Stage 3rd Block - Shivajinagar Bus Station,BR575,3,Nagarabhavi 1st Stage 3rd Block,Shivajinagar Bus Station,58,0,Ordinary Variant,Central
BMTC,317MA,Krishnarajendra Market - Gottipura,BR1556,3,Krishnarajendra Market,Gottipura,34,0,Special,Central
BMTC,AMD-CSB,AMD Private Limited - Central Silk Board,BR2612,3,AMD Private Limited,Central Silk Board,40,0,Special,Other
BMTC,238A,Chandra Layout 1st Stage - Kempegowda Bus Station,BR571,3,Chandra Layout 1st Stage,Kempegowda Bus Station,49,0,Ordinary Variant,Central
BMTC,238B,Nrupatunga Nagar - Kempegowda Bus Station,BR573,3,Nrupatunga Nagar,Kempegowda Bus Station,41,0,Ordinary Variant,Central
BMTC,CR-500CF,BANASHANKARI TTMC - Wipro Corporate Office,BR3004,3,BANASHANKARI TTMC,Wipro Corporate Office,42,0,Special,South
BMTC,CS-400D,Hope Form - Hebbala,BR3161,3,Hope Form,Hebbala,19,0,Ordinary Variant,North
BMTC,JBS-HAL,HAL-LCA - Jayanagara Bus Stand,BR3427,3,HAL-LCA,Jayanagara Bus Stand,30,0,Special,South
BMTC,V-250I,Kempegowda Bus Station - Chikkabanawara,BR4043,3,Kempegowda Bus Station,Chikkabanawara,39,0,Ordinary Variant,Central
BMTC,290EA,Shivajinagar Bus Station - Yelahanka Satelite Town 5th Phase,BR1216,3,Shivajinagar Bus Station,Yelahanka Satelite Town 5th Phase,60,0,Special,North
BMTC,290EB,Jagajeevanram Nagara - Yelahanka,BR1217,3,Jagajeevanram Nagara,Yelahanka,32,0,Special,North
BMTC,CS-279J,Uttarahalli - Boopa Sandra,BR3123,3,Uttarahalli,Boopa Sandra,26,0,Ordinary Variant,Other
BMTC,CVR-MEBP,CV Raman Nagara - Manyatha Embasy Business Park,BR3200,3,CV Raman Nagara,Manyatha Embasy Business Park,47,0,Special,Other
BMTC,MEBP-HAL,Manyatha Embasy Business Park - HAL Main Gate,BR3704,3,Manyatha Embasy Business Park,HAL Main Gate,45,0,Special,Other
BMTC,CS-401A,Yelahanka - Peenya 2nd stage,BR3162,3,Yelahanka,Peenya 2nd stage,28,0,Ordinary Variant,North
BMTC,CS-278E,Shivajinagar Bus Station - Boopa Sandra,BR3122,3,Shivajinagar Bus Station,Boopa Sandra,39,0,Ordinary Variant,Central
BMTC,CSB-SCMSP,Central Silk Board - Sambram College MS Palya,BR3191,3,Central Silk Board,Sambram College MS Palya,45,0,Special,Other
BMTC,227RC,Chandrappa Circle - Krishnarajendra Market,BR496,3,Chandrappa Circle,Krishnarajendra Market,42,0,Special,Central
BMTC,CS-2,JPNagara 6th Phase - Kempegowda Bus Station,BR3094,3,JPNagara 6th Phase,Kempegowda Bus Station,43,0,Ordinary,Central
BMTC,215MB,Brigade Millenium - Kempegowda Bus Station,BR347,3,Brigade Millenium,Kempegowda Bus Station,42,0,Special,Central
BMTC,V-362E,Electronic City - Shivajinagar Bus Station,BR4104,3,Electronic City,Shivajinagar Bus Station,42,0,Ordinary Variant,Central
BMTC,215MA,Jayanagara Bus Stand - Arekere MICO Layout,BR346,3,Jayanagara Bus Stand,Arekere MICO Layout,42,0,Special,South
BMTC,CS-1,Padmanabha Nagara - Kempegowda Bus Station,BR3066,3,Padmanabha Nagara,Kempegowda Bus Station,42,0,Ordinary,Central
BMTC,287GA,Shivajinagar Bus Station - Dasarahalli,BR1167,3,Shivajinagar Bus Station,Dasarahalli,38,0,Special,Central
BMTC,CS-6,Krishnarajendra Market - Anjanapura,BR3171,3,Krishnarajendra Market,Anjanapura,35,0,Ordinary,Central
BMTC,CS-5,Kempegowda Bus Station - Banashankari 3rd Stage 3rd Phase,BR3165,3,Kempegowda Bus Station,Banashankari 3rd Stage 3rd Phase,57,0,Ordinary,South
BMTC,AGS-MADIVALA,AGS Layout - Madiwala,BR2605,3,AGS Layout,Madiwala,21,0,Special,Other
BMTC,MEBP-HBL,Manyatha Embasy Business Park - Hebbala,BR3705,3,Manyatha Embasy Business Park,Hebbala,39,0,Special,North
BMTC,YPR-IMCP,Yeshwanthpur TTMC - Nimra maszid,BR4264,3,Yeshwanthpur TTMC,Nimra maszid,32,0,Special,West
BMTC,VC-500K,Vijayanagara TTMC - Kalyani Magnum JP Nagara,BR4194,3,Vijayanagara TTMC,Kalyani Magnum JP Nagara,44,0,Ordinary Variant,South
BMTC,CR-500F1,Marathahalli Bridge - CPWD Quarters,BR3007,3,Marathahalli Bridge,CPWD Quarters,35,0,Ordinary,Other
BMTC,CR-500F2,Central Silk Board - Prestige Shanthinikethan,BR3008,3,Central Silk Board,Prestige Shanthinikethan,45,0,Ordinary,Other
BMTC,V-365V,Kempegowda Bus Station - Bannerghatta National Park,BR4108,3,Kempegowda Bus Station,Bannerghatta National Park,51,0,Ordinary Variant,Central
BMTC,V-335PE,Kempegowda Bus Station - Kempegowda Bus Station,BR4081,3,Kempegowda Bus Station,Kempegowda Bus Station,47,1,Special,Central
BMTC,CR-144E,Nandhini Layout Bus Station - Koramangla National Games Village,BR2889,3,Nandhini Layout Bus Station,Koramangla National Games Village,63,0,Ordinary Variant,Other
BMTC,DEPOT-25-SRP,DEPOT-25 HSR Layout - Sarjapura Bus Stand,BR3256,3,DEPOT-25 HSR Layout,Sarjapura Bus Stand,41,0,Special,Other
BMTC,SBS-13K,Shivajinagar Bus Station - Kadugodi,BR3922,3,Shivajinagar Bus Station,Kadugodi,35,0,Ordinary Variant,East
BMTC,JFWTC-HGB,JFWTC - Hebbagodi,BR3437,3,JFWTC,Hebbagodi,17,0,Special,Other
BMTC,JPV-410,Jalahalli Cross - Bommanahalli,BR3495,3,Jalahalli Cross,Bommanahalli,30,0,Ordinary,North
BMTC,V-365J,Kempegowda Bus Station - Jigani,BR4106,3,Kempegowda Bus Station,Jigani,31,0,Ordinary Variant,Central
BMTC,WSPM-VNS,Whispering Meawn - Vidyaniketan School,BR4247,3,Whispering Meawn,Vidyaniketan School,38,0,Special,Other
BMTC,CR2,Madiwala - Jayanagara 9th Block,BR3036,3,Madiwala,Jayanagara 9th Block,31,0,Ordinary,South
BMTC,121A,Timber Yard Layout - Shivajinagar Bus Station,BR33,3,Timber Yard Layout,Shivajinagar Bus Station,45,0,Ordinary Variant,Central
BMTC,121B,Bapuji Nagara - Shivajinagar Bus Station,BR34,3,Bapuji Nagara,Shivajinagar Bus Station,40,0,Ordinary Variant,Central
BMTC,CR6,Depot 3 - Hanumantha Nagara Ward Office,BR3059,3,Depot 3,Hanumantha Nagara Ward Office,39,0,Ordinary,Other
BMTC,255AC,Vaderahalli - Yeshwanthpura TTMC,BR865,3,Vaderahalli,Yeshwanthpura TTMC,32,0,Special,West
BMTC,BMT-25-KBS,Depot-25 - Kempegowda Bus Station,BR2704,3,Depot-25,Kempegowda Bus Station,33,0,Special,Central
BMTC,255AA,MATTHAHALLI - Kempegowda Bus Station,BR864,3,MATTHAHALLI,Kempegowda Bus Station,36,0,Special,Central
BMTC,KBS-DEPOT-32,Kempegowda Bus Station - Depot-32,BR3534,3,Kempegowda Bus Station,Depot-32,33,0,Ordinary,Central
BMTC,Depot11-JLO,Depot 11 - Jakkur Layout,BR3262,3,Depot 11,Jakkur Layout,24,0,Special,Other
BMTC,ANP-JHC,Annapoorneshwari Nagara - Jalahalli Cross,BR2624,3,Annapoorneshwari Nagara,Jalahalli Cross,41,0,Special,North
BMTC,AJB-JNN,Amarajyothi Badavane - Jayanagara 9th Block,BR2607,3,Amarajyothi Badavane,Jayanagara 9th Block,43,0,Special,South
BMTC,MACER-NYDH-KMT,Krishnarajendra Market - M+ACER,BR3676,3,Krishnarajendra Market,M+ACER,31,0,Special,Central
BMTC,Depot-25-Doddakannalli,Depot-25 - Doddakannalli,BR3251,3,Depot-25,Doddakannalli,24,0,Special,Other
BMTC,CR-96G,Padmanabha Nagara - Vidhana Soudha,BR3024,3,Padmanabha Nagara,Vidhana Soudha,34,0,Ordinary Variant,Other
BMTC,CR-500-A,BANASHANKARI TTMC - Jayanagara T Block,BR3000,3,BANASHANKARI TTMC,Jayanagara T Block,38,0,Ordinary Variant,South
BMTC,KST-ELC,Kengeri Satelite Town - Electronic City,BR3659,3,Kengeri Satelite Town,Electronic City,39,0,Special,South
BMTC,Cr-3F1,Sidihosakote - Dommasandra,BR2991,3,Sidihosakote,Dommasandra,26,0,Ordinary,Other
BMTC,CR-210Q,Banashankri 2nd Stage - Krishnarajendra Market,BR2906,3,Banashankri 2nd Stage,Krishnarajendra Market,46,0,Ordinary Variant,Central
BMTC,CR-96B,Basaveshwara Nagara - Trinity Circle,BR3023,3,Basaveshwara Nagara,Trinity Circle,36,0,Ordinary Variant,Other
BMTC,V-435F,Dr Ambedkar Institute Of Technology - Kadugodi,BR4123,3,Dr Ambedkar Institute Of Technology,Kadugodi,46,0,Ordinary Variant,East
BMTC,V-435E,Kempegowda Bus Station - Kadugodi,BR4122,3,Kempegowda Bus Station,Kadugodi,33,0,Ordinary Variant,East
BMTC,HAL-BGL,LCA - Bagalagunte,BR3357,3,LCA,Bagalagunte,17,0,Special,Other
BMTC,CS-27E,JP Nagara 3rd Phase - Shivajinagar Bus Station,BR3124,3,JP Nagara 3rd Phase,Shivajinagar Bus Station,46,0,Ordinary Variant,South
BMTC,CR-210A,HAL-LCA - Ragigudda,BR2905,3,HAL-LCA,Ragigudda,19,0,Ordinary Variant,Other
BMTC,V-435H,Bharatnagara - Kadugodi,BR4124,3,Bharatnagara,Kadugodi,23,0,Ordinary Variant,East
BMTC,INFOSYS-600C,Infosys - Ramakrishna Ashrama,BR3417,3,Infosys,Ramakrishna Ashrama,29,0,Ordinary Variant,Other
BMTC,BEML-ITCF,BEML - ITC,BR2677,3,BEML,ITC,10,0,Special,Other
BMTC,BMT30-SINDI,Depot 30 - Sindhi High School,BR2764,3,Depot 30,Sindhi High School,29,0,Special,Other
BMTC,CR-210V,Anjanapura - Rajarajeshwarinagara Gate,BR2908,3,Anjanapura,Rajarajeshwarinagara Gate,38,0,Ordinary Variant,Other
BMTC,12F-4,KR Puram - Marasandra,BR54,3,KR Puram,Marasandra,21,0,Ordinary,East
BMTC,CR-210T,Kengeri Police Station - Bagmane Teck Park,BR2907,3,Kengeri Police Station,Bagmane Teck Park,42,0,Ordinary Variant,South
BMTC,NBVB-KHB-BTP,Nagarabhavi BDA Complex - Bagmane Teck Park,BR3792,3,Nagarabhavi BDA Complex,Bagmane Teck Park,43,0,Special,Other
BMTC,12F-5,Sarjapura Bus Stand - Hosakote Bus Stand,BR55,3,Sarjapura Bus Stand,Hosakote Bus Stand,40,0,Ordinary,Other
BMTC,12F-2,MALLIMAKANAPURA - White Field TTMC,BR52,3,MALLIMAKANAPURA,White Field TTMC,34,0,Ordinary,Other
BMTC,12F-3,White Field TTMC - Nallur,BR53,3,White Field TTMC,Nallur,25,0,Ordinary,Other
BMTC,12F-1,Khaji Hosahalli - Sulibele Hoskote,BR51,3,Khaji Hosahalli,Sulibele Hoskote,34,0,Ordinary,East
BMTC,BNBL-ITPL,Bharath Nagara 1st Phase - ITPL,BR2777,3,Bharath Nagara 1st Phase,ITPL,31,0,Special,East
BMTC,SBS-HMNP,Shivajinagar Bus Station - Hanumantappa Layout,BR3932,3,Shivajinagar Bus Station,Hanumantappa Layout,46,0,Special,Central
BMTC,GKVK-STP,GKVK - Sulthan Palya,BR3346,3,GKVK,Sulthan Palya,20,0,Special,Other
BMTC,CR-211T,Krishnarajendra Market - Art of Living International Center,BR2910,3,Krishnarajendra Market,Art of Living International Center,59,0,Ordinary Variant,Central
BMTC,CS-25H,Nayanappa Shettipalya - Kempegowda Bus Station,BR3120,3,Nayanappa Shettipalya,Kempegowda Bus Station,46,0,Ordinary Variant,Central
BMTC,VNH-ASHW,Vishwanatha Nagenahalli - Ashwatanagara Bhupasandra,BR4211,3,Vishwanatha Nagenahalli,Ashwatanagara Bhupasandra,51,0,Special,Other
BMTC,CS-25E,JP Nagara 3rd Phase - Kempegowda Bus Station,BR3118,3,JP Nagara 3rd Phase,Kempegowda Bus Station,44,0,Ordinary Variant,South
BMTC,CS-25G,Kempegowda Bus Station - BTM Layout Bus Stop,BR3119,3,Kempegowda Bus Station,BTM Layout Bus Stop,44,0,Ordinary Variant,Central
BMTC,CS-25A,BTM Layout - Kempegowda Bus Station,BR3116,3,BTM Layout,Kempegowda Bus Station,35,0,Ordinary Variant,Central
BMTC,CS-25B,BTM Layout South - Kempegowda Bus Station,BR3117,3,BTM Layout South,Kempegowda Bus Station,41,0,Ordinary Variant,Central
BMTC,CR-213P,Bidadi - TAYAPPANA DODDI,BR2913,3,Bidadi,TAYAPPANA DODDI,24,0,Ordinary Variant,Other
BMTC,CR-213K,Shivajinagar Bus Station - Gundanjaneya Swamy Temple,BR2912,3,Shivajinagar Bus Station,Gundanjaneya Swamy Temple,52,0,Ordinary Variant,Central
BMTC,248AB,Krishnarajendra Market - Jalahalli Cross,BR733,3,Krishnarajendra Market,Jalahalli Cross,40,0,Special,North
BMTC,CS-24B,Byrasandra - Krishnarajendra Market,BR3113,3,Byrasandra,Krishnarajendra Market,35,0,Ordinary Variant,Central
BMTC,CS-171D,Krishnarajendra Market - Attibele,BR3089,3,Krishnarajendra Market,Attibele,33,0,Ordinary Variant,Central
BMTC,SGH-KBS,Seegehalli - Kempegowda Bus Station,BR3947,3,Seegehalli,Kempegowda Bus Station,35,0,Special,Central
BMTC,CS-171B,Koramangala 8th Block - Kempegowda Bus Station,BR3088,3,Koramangala 8th Block,Kempegowda Bus Station,46,0,Ordinary Variant,Central
BMTC,CS-171F,Kempegowda Bus Station - Karnataka Housing Complex,BR3090,3,Kempegowda Bus Station,Karnataka Housing Complex,50,0,Ordinary Variant,Central
BMTC,GKWL-ITPL,GKW Layout - ITPL,BR3348,3,GKW Layout,ITPL,17,0,Special,East
BMTC,248A2,Peenya 2nd stage - Magadi Road TollGate,BR732,3,Peenya 2nd stage,Magadi Road TollGate,39,0,Ordinary,North
BMTC,248A1,Jalahalli Cross - Magadi Road TollGate,BR731,3,Jalahalli Cross,Magadi Road TollGate,38,0,Ordinary,North
BMTC,ANG-DEPOT-13,Avalahalli Nandi Garden - Depot-13-BS,BR2619,3,Avalahalli Nandi Garden,Depot-13-BS,37,0,Ordinary,Other
BMTC,SJWA-BSK,St.John`s Wood Apartment - Banashankari Bus Station,BR3957,3,St.John`s Wood Apartment,Banashankari Bus Station,51,0,Special,South
BMTC,248BB,KR Market - Hesaraghatta Village,BR737,3,KR Market,Hesaraghatta Village,32,0,Special,Central
BMTC,248BA,MCTC Bus Stand - Hesaraghatta Village,BR736,3,MCTC Bus Stand,Hesaraghatta Village,37,0,Special,Other
BMTC,Srinagara-CMHR,Srinagara - CMH Road,BR3978,3,Srinagara,CMH Road,20,0,Special,Other
BMTC,JHQI-JBNI,ISRO Quarters - Jeevan Bhimanagara Bus stand,BR3450,3,ISRO Quarters,Jeevan Bhimanagara Bus stand,44,0,Special,Other
BMTC,248AN,KR Market - Nelamangala,BR734,3,KR Market,Nelamangala,23,0,Special,Central
BMTC,ORRCA-SNR,Outer Ring Road Company Association - Srinagara,BR3846,3,Outer Ring Road Company Association,Srinagara,47,0,Special,Other
BMTC,BSPJN-BMTC,Babusab Palya - Shanthinagar TTMC,BR2804,3,Babusab Palya,Shanthinagar TTMC,33,0,Special,Other
BMTC,WLFR-ADT,Walker Land Long Fora Road - Adithi School,BR4246,3,Walker Land Long Fora Road,Adithi School,42,0,Special,Other
BMTC,PTN-GRL,Peenya 2nd stage - Goravanahalli,BR3895,3,Peenya 2nd stage,Goravanahalli,32,0,Special,North
BMTC,SPHS-STP,Sophiya High School - Sulthan Palya,BR3975,3,Sophiya High School,Sulthan Palya,35,0,Special,Other
BMTC,CR-215K,Depot 33 - Patalamma Temple Uthrahalli,BR2916,3,Depot 33,Patalamma Temple Uthrahalli,38,0,Ordinary Variant,Other
BMTC,JPV-285M,Kempegowda Bus Station - Doddaballapura,BR3480,3,Kempegowda Bus Station,Doddaballapura,39,0,Ordinary Variant,Central
BMTC,MP-96,Kempegowda Bus Station - Kempegowda Bus Station,BR3759,3,Kempegowda Bus Station,Kempegowda Bus Station,47,1,Ordinary,Central
BMTC,CR-215N,Shrinidhi Layout - Vidhana Soudha,BR2918,3,Shrinidhi Layout,Vidhana Soudha,33,0,Ordinary Variant,Other
BMTC,V-226SBS-1,Shivajinagar Bus Station - Wonderla Amusement Park,BR4041,3,Shivajinagar Bus Station,Wonderla Amusement Park,50,0,Ordinary,Central
BMTC,CR-215M,Indian Express - Vinayaka Nagara Telecome Layout,BR2917,3,Indian Express,Vinayaka Nagara Telecome Layout,48,0,Express,Other
BMTC,CR-507-A,Chikkabanavara - KR Puram,BR3014,3,Chikkabanavara,KR Puram,25,0,Ordinary Variant,East
BMTC,VJN-KMS,Vijayanagara - Kumarans School Mallasandra,BR4198,3,Vijayanagara,Kumarans School Mallasandra,42,0,Special,South
BMTC,DSP-KVN, - ,BR3295,3,,,3,1,Special,Other
BMTC,SNBS-VRP,Shanthinagar TTMC - Vidyaranyapura,BR3964,3,Shanthinagar TTMC,Vidyaranyapura,34,0,Special,North
BMTC,KHB-CKVK,KHB Colony Basaveshwaranagara - GKVK,BR3585,3,KHB Colony Basaveshwaranagara,GKVK,36,0,Special,Other
BMTC,226KG,Kempegowda Bus Station - Kumbalgodu,BR454,3,Kempegowda Bus Station,Kumbalgodu,35,0,Special,Central
BMTC,MRNB-NTR,Jayanagara 9th Block - Nrupatunga Nagar,BR3774,3,Jayanagara 9th Block,Nrupatunga Nagar,39,0,Special,South
BMTC,CS-174A,Nandhini Layout Bus Station - Koramangala,BR3091,3,Nandhini Layout Bus Station,Koramangala,41,0,Ordinary Variant,Other
BMTC,Depot9-SAEC,Depot 9 - Sri Ayyapa Educational Center,BR3280,3,Depot 9,Sri Ayyapa Educational Center,39,0,Special,Other
BMTC,300A,BChannasandra - Krishnarajendra Market,BR1346,3,BChannasandra,Krishnarajendra Market,38,0,Ordinary Variant,Central
BMTC,300B,Banaswadi - Kempegowda Bus Station,BR1347,3,Banaswadi,Kempegowda Bus Station,34,0,Ordinary Variant,Central
BMTC,VPLO-MEBP,Vishwapriya Layout - Manyatha Embasy Business Park,BR4216,3,Vishwapriya Layout,Manyatha Embasy Business Park,50,0,Special,Other
BMTC,V-378,Electronic City - Kengeri TTMC,BR4112,3,Electronic City,Kengeri TTMC,30,0,Ordinary,South
BMTC,G-2A,Mayohall - Sarjapura Bus Stand,BR3322,3,Mayohall,Sarjapura Bus Stand,30,0,Ordinary Variant,Other
BMTC,300L,Shivajinagar Bus Station - Kasthurinagara,BR1356,3,Shivajinagar Bus Station,Kasthurinagara,41,0,Ordinary Variant,Central
BMTC,V-356BC,Bharatnagara - Electronic City Wipro Gate,BR4097,3,Bharatnagara,Electronic City Wipro Gate,41,0,Special,Other
BMTC,300K,Sadaramangala - Shivajinagar Bus Station,BR1355,3,Sadaramangala,Shivajinagar Bus Station,40,0,Ordinary Variant,Central
BMTC,JPNBG-DEPOT-25,JP Nagar 7th Phase Brigade Gardenia - Depot-25-BS,BR3459,3,JP Nagar 7th Phase Brigade Gardenia,Depot-25-BS,49,0,Ordinary,South
BMTC,300P,Shivajinagar Bus Station - Shanthi Layout,BR1358,3,Shivajinagar Bus Station,Shanthi Layout,41,0,Ordinary Variant,Central
BMTC,300F,Ayyappa Nagara - Shivajinagar Bus Station,BR1352,3,Ayyappa Nagara,Shivajinagar Bus Station,41,0,Ordinary Variant,Central
BMTC,300E,K R Puram - Shivajinagar Bus Station,BR1351,3,K R Puram,Shivajinagar Bus Station,36,0,Ordinary Variant,Central
BMTC,300D,BChannasandra - Shivajinagar Bus Station,BR1349,3,BChannasandra,Shivajinagar Bus Station,40,0,Ordinary Variant,Central
BMTC,300C,Kempegowda Bus Station - KR Puram,BR1348,3,Kempegowda Bus Station,KR Puram,33,0,Ordinary Variant,East
BMTC,300J,Kempegowda Bus Station - Kasthurinagara,BR1354,3,Kempegowda Bus Station,Kasthurinagara,39,0,Ordinary Variant,Central
BMTC,300H,Kempegowda Bus Station - K R Puram,BR1353,3,Kempegowda Bus Station,K R Puram,34,0,Ordinary Variant,Central
BMTC,SBS-AGP,Shivajinagar Bus Station - Anagalipura,BR3924,3,Shivajinagar Bus Station,Anagalipura,38,0,Special,Central
BMTC,HSRBDA-GBV,HSR BDA Complex - Global Village,BR3404,3,HSR BDA Complex,Global Village,32,0,Special,Other
BMTC,G-3A,Shivajinagar Bus Station - Electronic City Wipro Gate,BR3324,3,Shivajinagar Bus Station,Electronic City Wipro Gate,53,0,Ordinary Variant,Central
BMTC,ULSP-ORRCA,Halasuru Police Station - Outer Ring Road Company Association,BR4023,3,Halasuru Police Station,Outer Ring Road Company Association,61,0,Special,Other
BMTC,275A,Kempegowda Bus Station - Kempegowda Bus Station,BR1042,3,Kempegowda Bus Station,Kempegowda Bus Station,47,1,Ordinary Variant,Central
BMTC,275B,Kempegowda Bus Station - Kempegowda Bus Station,BR1043,3,Kempegowda Bus Station,Kempegowda Bus Station,47,1,Ordinary Variant,Central
BMTC,275C,Kempegowda Bus Station - ISRO Quarters,BR1044,3,Kempegowda Bus Station,ISRO Quarters,38,0,Ordinary Variant,Central
BMTC,CS-201,Srinagara - Domlur TTMC Bus Stand,BR3096,3,Srinagara,Domlur TTMC Bus Stand,33,0,Ordinary,Other
BMTC,275E,Kempegowda Bus Station - ISRO Quarters,BR1045,3,Kempegowda Bus Station,ISRO Quarters,38,0,Ordinary Variant,Central
BMTC,302C,Babusab Palya - Shivajinagar Bus Station,BR1372,3,Babusab Palya,Shivajinagar Bus Station,40,0,Ordinary Variant,Central
BMTC,302D,Kalyananagara Bus Stand - Krishnarajendra Market,BR1373,3,Kalyananagara Bus Stand,Krishnarajendra Market,48,0,Ordinary Variant,Central
BMTC,302A,Kempegowda Bus Station - Babusab Palya,BR1370,3,Kempegowda Bus Station,Babusab Palya,38,0,Ordinary Variant,Central
BMTC,302B,Jalavayu Vihara - Kempegowda Bus Station,BR1371,3,Jalavayu Vihara,Kempegowda Bus Station,40,0,Ordinary Variant,Central
BMTC,VJN-SNG,Vijayanagara - Sonnenahalli Bridge,BR4199,3,Vijayanagara,Sonnenahalli Bridge,34,0,Special,South
BMTC,V-356CR,Yeshwanthpura TTMC - Electronic City Wipro Gate,BR4099,3,Yeshwanthpura TTMC,Electronic City Wipro Gate,47,0,Special,West
BMTC,V-356,Kempegowda Bus Station - Chandapura,BR4096,3,Kempegowda Bus Station,Chandapura,35,0,Ordinary,Central
BMTC,JPS-NBT,Jnana Bharathi Police Station - Nagarabhavi 2nd Phase 11th Block,BR3462,3,Jnana Bharathi Police Station,Nagarabhavi 2nd Phase 11th Block,64,0,Special,Other
BMTC,KBS-SVG,Kempegowda Bus Station - Sashiveghatta,BR3559,3,Kempegowda Bus Station,Sashiveghatta,38,0,Special,Central
BMTC,ALS-GEC,Allalasandra Gate Yalahanka - Golden Enclave,BR2611,3,Allalasandra Gate Yalahanka,Golden Enclave,44,0,Special,Other
BMTC,276P,Kempegowda Bus Station - Lotte Gollahalli,BR1055,3,Kempegowda Bus Station,Lotte Gollahalli,41,0,Ordinary Variant,Central
BMTC,347HD,Kempegowda Bus Station - Devendra Nagara,BR1841,3,Kempegowda Bus Station,Devendra Nagara,40,0,Special,Central
BMTC,276N,Vidyaranyapura - Jn of Kommaghatta Road,BR1054,3,Vidyaranyapura,Jn of Kommaghatta Road,39,0,Ordinary Variant,North
BMTC,D21-KST,BMTC Depot-21 - Kengeri Satelite Town,BR3224,3,BMTC Depot-21,Kengeri Satelite Town,37,0,Special,South
BMTC,276K,Kempegowda Bus Station - Tata Nagara,BR1053,3,Kempegowda Bus Station,Tata Nagara,36,0,Ordinary Variant,Central
BMTC,79J,Geleyara Balaga AGB Layout - Shivajinagar Bus Station,BR2504,3,Geleyara Balaga AGB Layout,Shivajinagar Bus Station,53,0,Ordinary Variant,Central
BMTC,79K,Kurubarahalli - Shivajinagar Bus Station,BR2505,3,Kurubarahalli,Shivajinagar Bus Station,40,0,Ordinary Variant,Central
BMTC,302N,Kalyananagara Bus Stand - Kempegowda Bus Station,BR1381,3,Kalyananagara Bus Stand,Kempegowda Bus Station,48,0,Ordinary Variant,Central
BMTC,302M,Lingarajapuram KHB Colony - Shivajinagar Bus Station,BR1380,3,Lingarajapuram KHB Colony,Shivajinagar Bus Station,52,0,Ordinary Variant,Central
BMTC,276G,Vidyaranyapura - Electronic City Wipro Gate,BR1052,3,Vidyaranyapura,Electronic City Wipro Gate,43,0,Ordinary Variant,North
BMTC,79F,Jai Bhuvaneshwari Nagara - Shivajinagar Bus Station,BR2501,3,Jai Bhuvaneshwari Nagara,Shivajinagar Bus Station,51,0,Ordinary Variant,Central
BMTC,302K,Lingarajapuram KHB Colony - Kempegowda Bus Station,BR1379,3,Lingarajapuram KHB Colony,Kempegowda Bus Station,50,0,Ordinary Variant,Central
BMTC,79G,Vidhanasoudha Layout - Shivajinagar Bus Station,BR2502,3,Vidhanasoudha Layout,Shivajinagar Bus Station,47,0,Ordinary Variant,Central
BMTC,D16-GNR,Deepanjalinagara Depot-16 - Girinagara Circle,BR3209,3,Deepanjalinagara Depot-16,Girinagara Circle,45,0,Special,Other
BMTC,302J,Chalekere - Shivajinagar Bus Station,BR1378,3,Chalekere,Shivajinagar Bus Station,36,0,Ordinary Variant,Central
BMTC,276E,Krishnarajendra Market - Vidyaranyapura,BR1051,3,Krishnarajendra Market,Vidyaranyapura,39,0,Ordinary Variant,North
BMTC,79H,Laggere Arch - Shivajinagar Bus Station,BR2503,3,Laggere Arch,Shivajinagar Bus Station,39,0,Ordinary Variant,Central
BMTC,276C,Kempegowda Bus Station - Lotte Gollahalli,BR1049,3,Kempegowda Bus Station,Lotte Gollahalli,41,0,Ordinary Variant,Central
BMTC,79B,Bandi Reddy Circle - Shivajinagar Bus Station,BR2498,3,Bandi Reddy Circle,Shivajinagar Bus Station,45,0,Ordinary Variant,Central
BMTC,302G,Horamavu Agara - Shivajinagar Bus Station,BR1376,3,Horamavu Agara,Shivajinagar Bus Station,41,0,Ordinary Variant,Central
BMTC,276D,Lotte Gollahalli - Krishnarajendra Market,BR1050,3,Lotte Gollahalli,Krishnarajendra Market,41,0,Ordinary Variant,Central
BMTC,302F,Babusab Palya - Kempegowda Bus Station,BR1375,3,Babusab Palya,Kempegowda Bus Station,38,0,Ordinary Variant,Central
BMTC,276A,Vidyaranyapura - Shivajinagar Bus Station,BR1047,3,Vidyaranyapura,Shivajinagar Bus Station,41,0,Ordinary Variant,North
BMTC,79D,Mahalakshmi Layout - Shivajinagar Bus Station,BR2499,3,Mahalakshmi Layout,Shivajinagar Bus Station,45,0,Ordinary Variant,Central
BMTC,302E,Chalekere - Krishnarajendra Market,BR1374,3,Chalekere,Krishnarajendra Market,34,0,Ordinary Variant,Central
BMTC,276B,Shanthi Nagara Bus Station - Vidyaranyapura,BR1048,3,Shanthi Nagara Bus Station,Vidyaranyapura,43,0,Ordinary Variant,North
BMTC,79E,Nandhini Layout Bus Station - Shivajinagar Bus Station,BR2500,3,Nandhini Layout Bus Station,Shivajinagar Bus Station,54,0,Ordinary Variant,Central
BMTC,79A,Yeshwanthpura TTMC - Shivajinagar Bus Station,BR2497,3,Yeshwanthpura TTMC,Shivajinagar Bus Station,45,0,Ordinary Variant,West
BMTC,301A,Banaswadi - Krishnarajendra Market,BR1362,3,Banaswadi,Krishnarajendra Market,34,0,Ordinary Variant,Central
BMTC,301B,Hebbala Bridge - Hosakote Bus Stand,BR1363,3,Hebbala Bridge,Hosakote Bus Stand,35,0,Ordinary Variant,North
BMTC,DML-INF,Domlur TTMC Bus Stand - Infosys,BR3285,3,Domlur TTMC Bus Stand,Infosys,31,0,Special,Other
BMTC,DVH-VGK,Devanahalli - Venkatagirikote,BR3297,3,Devanahalli,Venkatagirikote,29,0,Special,Other
BMTC,V-KBS-ORRCA,Kempegowda Bus Station - Outer Ring Road Company Association,BR4186,3,Kempegowda Bus Station,Outer Ring Road Company Association,60,0,Special,Central
BMTC,V-365,Kempegowda Bus Station - Bannerghatta National Park,BR4105,3,Kempegowda Bus Station,Bannerghatta National Park,51,0,Ordinary,Central
BMTC,JGF-FTN,Jagath Pharma - Frazer Town,BR3446,3,Jagath Pharma,Frazer Town,27,0,Special,Other
BMTC,300T,Naduvatti - Shivajinagar Bus Station,BR1359,3,Naduvatti,Shivajinagar Bus Station,36,0,Ordinary Variant,Central
BMTC,300V,Hampinagara RPC Layout - Shampura,BR1360,3,Hampinagara RPC Layout,Shampura,33,0,Ordinary Variant,Other
BMTC,301R,Hebbala Bridge - Naduvatti Colony,BR1368,3,Hebbala Bridge,Naduvatti Colony,33,0,Ordinary Variant,North
BMTC,YHK-HNYR,Yelahanka - Haniyur,BR4255,3,Yelahanka,Haniyur,19,0,Special,North
BMTC,78E,YPR RMC - Kempegowda Bus Station,BR2496,3,YPR RMC,Kempegowda Bus Station,32,0,Ordinary Variant,Central
BMTC,301E,Shivajinagar Bus Station - KR Puram,BR1365,3,Shivajinagar Bus Station,KR Puram,35,0,Ordinary Variant,East
BMTC,301D,Shivajinagar Bus Station - Hosakote Bus Stand,BR1364,3,Shivajinagar Bus Station,Hosakote Bus Stand,45,0,Ordinary Variant,Central
BMTC,301G,Shivajinagar Bus Station - Kada Agrahara,BR1367,3,Shivajinagar Bus Station,Kada Agrahara,40,0,Ordinary Variant,Central
BMTC,78A,Iskcon Temple - Kempegowda Bus Station,BR2495,3,Iskcon Temple,Kempegowda Bus Station,38,0,Ordinary Variant,Central
BMTC,301F,Kempegowda Bus Station - Thambuchetty Palya,BR1366,3,Kempegowda Bus Station,Thambuchetty Palya,43,0,Ordinary Variant,Central
BMTC,V-215H,Kempegowda Bus Station - Jambusavari dinne,BR4033,3,Kempegowda Bus Station,Jambusavari dinne,42,0,Ordinary Variant,Central
BMTC,252GA,Yeshawanthapura TTMC - Andrahalli,BR823,3,Yeshawanthapura TTMC,Andrahalli,33,0,Special,West
BMTC,304B,Kempegowda Bus Station - Hoodi,BR1392,3,Kempegowda Bus Station,Hoodi,30,0,Ordinary Variant,Central
BMTC,304A,Krishnarajendra Market - Garudachar Palya,BR1391,3,Krishnarajendra Market,Garudachar Palya,41,0,Ordinary Variant,Central
BMTC,304F,Krishnarajendra Market - AECS Layout,BR1396,3,Krishnarajendra Market,AECS Layout,36,0,Ordinary Variant,Central
BMTC,304E,Krishnarajendra Market - Kallukunte Agrahara,BR1395,3,Krishnarajendra Market,Kallukunte Agrahara,44,0,Ordinary Variant,Central
BMTC,304D,Shivajinagar Bus Station - Medi Mallasandra,BR1394,3,Shivajinagar Bus Station,Medi Mallasandra,43,0,Ordinary Variant,Central
BMTC,304C,Channasandra - Krishnarajendra Market,BR1393,3,Channasandra,Krishnarajendra Market,37,0,Ordinary Variant,Central
BMTC,77A,Laxmidevi Nagar - Krishnarajendra Market,BR2488,3,Laxmidevi Nagar,Krishnarajendra Market,40,0,Ordinary Variant,Central
BMTC,304J,Kempegowda Bus Station - Kallukunte Agrahara,BR1398,3,Kempegowda Bus Station,Kallukunte Agrahara,44,0,Ordinary Variant,Central
BMTC,BMSH-KBS,Bommashetta Halli - Kempegowda Bus Station,BR2700,3,Bommashetta Halli,Kempegowda Bus Station,42,0,Special,Central
BMTC,77C,Nandhini Layout Bus Station - NRColony,BR2490,3,Nandhini Layout Bus Station,NRColony,38,0,Ordinary Variant,Other
BMTC,304H,Kempegowda Bus Station - Arehalli,BR1397,3,Kempegowda Bus Station,Arehalli,33,0,Ordinary Variant,Central
BMTC,77B,Mahalakshmi Layout - NRColony,BR2489,3,Mahalakshmi Layout,NRColony,29,0,Ordinary Variant,Other
BMTC,304M,Krishnarajendra Market - Alambadi,BR1401,3,Krishnarajendra Market,Alambadi,33,0,Ordinary Variant,Central
BMTC,77E,Nandhini Layout Bus Station - Krishnarajendra Market,BR2492,3,Nandhini Layout Bus Station,Krishnarajendra Market,52,0,Ordinary Variant,Central
BMTC,304N,Krishnarajendra Market - Anugondanahalli,BR1403,3,Krishnarajendra Market,Anugondanahalli,40,0,Ordinary Variant,Central
BMTC,270A,Jalahalli Cross - Shivajinagar Bus Station,BR1003,3,Jalahalli Cross,Shivajinagar Bus Station,42,0,Ordinary Variant,North
BMTC,77D,Vidhanasoudha Layout - Krishnarajendra Market,BR2491,3,Vidhanasoudha Layout,Krishnarajendra Market,45,0,Ordinary Variant,Central
BMTC,SCS-YPR,St. Clare School - Yeshwanthpura,BR3945,3,St. Clare School,Yeshwanthpura,32,0,Special,West
BMTC,304K,Channasandra - Tin Factory,BR1399,3,Channasandra,Tin Factory,26,0,Ordinary Variant,Other
BMTC,304L,Kempegowda Bus Station - Medi Mallasandra,BR1400,3,Kempegowda Bus Station,Medi Mallasandra,41,0,Ordinary Variant,Central
BMTC,77F,Jai Bhuvaneshwari Nagara - Krishnarajendra Market,BR2493,3,Jai Bhuvaneshwari Nagara,Krishnarajendra Market,49,0,Ordinary Variant,Central
BMTC,304Q,Krishnarajendra Market - Ganagaluru,BR1406,3,Krishnarajendra Market,Ganagaluru,35,0,Ordinary Variant,Central
BMTC,304R,Kempegowda Bus Station - BN Bache Gowda Badavane,BR1407,3,Kempegowda Bus Station,BN Bache Gowda Badavane,48,0,Ordinary Variant,Central
BMTC,270E,Muthyalaya Nagar - Shivajinagar Bus Station,BR1006,3,Muthyalaya Nagar,Shivajinagar Bus Station,43,0,Ordinary Variant,Central
BMTC,270D,Abbigere Village - Shivajinagar Bus Station,BR1005,3,Abbigere Village,Shivajinagar Bus Station,43,0,Ordinary Variant,Central
BMTC,304P,Krishnarajendra Market - Yattukodi,BR1405,3,Krishnarajendra Market,Yattukodi,34,0,Ordinary Variant,Central
BMTC,270C,Jalahalli Village - Shivajinagar Bus Station,BR1004,3,Jalahalli Village,Shivajinagar Bus Station,44,0,Ordinary Variant,North
BMTC,304V,Krishnarajendra Market - Chikka Tirupathi,BR1410,3,Krishnarajendra Market,Chikka Tirupathi,41,0,Ordinary Variant,Central
BMTC,304S,Shivajinagar Bus Station - Kallukunte Agrahara,BR1408,3,Shivajinagar Bus Station,Kallukunte Agrahara,46,0,Ordinary Variant,Central
BMTC,270H,HMT Auditorium - JP Nagara 6th Phase,BR1008,3,HMT Auditorium,JP Nagara 6th Phase,36,0,Ordinary Variant,South
BMTC,304T,Krishnarajendra Market - Dunnasandra Cross,BR1409,3,Krishnarajendra Market,Dunnasandra Cross,42,0,Ordinary Variant,Central
BMTC,270G,Vishweshwaraiah Enclave - Shivajinagar Bus Station,BR1007,3,Vishweshwaraiah Enclave,Shivajinagar Bus Station,50,0,Ordinary Variant,Central
BMTC,AS-2,Pillanna Garden - Halasur,BR2637,3,Pillanna Garden,Halasur,25,0,Ordinary,Other
BMTC,AS-1,Banashankari Bus Station - Avalahalli BDA Layout,BR2628,3,Banashankari Bus Station,Avalahalli BDA Layout,48,0,Ordinary,South
BMTC,HAL-BSK,HAL Main Gate - BANASHANKARI TTMC,BR3358,3,HAL Main Gate,BANASHANKARI TTMC,33,0,Special,South
BMTC,Depot11-LCA,Depot 11 - LCA,BR3263,3,Depot 11,LCA,14,0,Special,Other
BMTC,252FA,Kempegowda Bus Station - Thigalara Palya,BR820,3,Kempegowda Bus Station,Thigalara Palya,40,0,Special,Central
BMTC,CJP-CAPG,Chowdeshwari Bus Stop - Cap Gemini,BR2863,3,Chowdeshwari Bus Stop,Cap Gemini,34,0,Special,Other
BMTC,252FB,Kempegowda Bus Station - Thigalara Palya,BR821,3,Kempegowda Bus Station,Thigalara Palya,40,0,Special,Central
BMTC,V-411GT,Gottigere - ITPL,BR4119,3,Gottigere,ITPL,16,0,Special,East
BMTC,CCC-1A,City Civil Court - City Civil Court,BR2836,3,City Civil Court,City Civil Court,35,1,Ordinary Variant,Other
BMTC,ORRCA-PPBS,ORRCA-ECOSPICE - Papareddy Palya Bus Stand,BR3844,3,ORRCA-ECOSPICE,Papareddy Palya Bus Stand,42,0,Special,Other
BMTC,201MD,JPNagara 6th Phase - Domlur TTMC Bus Stand,BR197,3,JPNagara 6th Phase,Domlur TTMC Bus Stand,42,0,Special,Other
BMTC,270S,Shettty Halli - Shivajinagar Bus Station,BR1010,3,Shettty Halli,Shivajinagar Bus Station,40,0,Ordinary Variant,Central
BMTC,AS-9,8th Mile - Byadarahalli,BR2643,3,8th Mile,Byadarahalli,23,0,Ordinary,Other
BMTC,303A,Kempegowda Bus Station - Jayanthi Nagar,BR1383,3,Kempegowda Bus Station,Jayanthi Nagar,39,0,Ordinary Variant,Central
BMTC,201MA,Madivala Mosque - Jeevan Bhimanagara Bus stand,BR196,3,Madivala Mosque,Jeevan Bhimanagara Bus stand,46,0,Special,Other
BMTC,AS-8,Chowdeshwari Bus Stop - Shankararnag Bus Stop,BR2642,3,Chowdeshwari Bus Stop,Shankararnag Bus Stop,45,0,Ordinary,Other
BMTC,AS-7,Peenya 2nd stage - Chikkabanawara,BR2641,3,Peenya 2nd stage,Chikkabanawara,33,0,Ordinary,North
BMTC,BMT14-ANJM,BMT14 - Adityanagara Jally Machine,BR2729,3,BMT14,Adityanagara Jally Machine,34,0,Special,Other
BMTC,CND-GKWLO,Chandra Layout - GKW Layout Bus Stand,BR2871,3,Chandra Layout,GKW Layout Bus Stand,37,0,Special,Other
BMTC,CR201U,Magadi Road 2nd Cross - BEL FACTORY,BR3038,3,Magadi Road 2nd Cross,BEL FACTORY,35,0,Ordinary Variant,Other
BMTC,303C,Kalyananagara Bus Stand - Shivajinagar Bus Station,BR1385,3,Kalyananagara Bus Stand,Shivajinagar Bus Station,50,0,Ordinary Variant,Central
BMTC,AS-6,Hullala Upanagara - MCTC Bus Stand,BR2640,3,Hullala Upanagara,MCTC Bus Stand,34,0,Ordinary,West
BMTC,303B,Horamabu petrol bunk - Krishnarajendra Market,BR1384,3,Horamabu petrol bunk,Krishnarajendra Market,45,0,Ordinary Variant,Central
BMTC,303E,Horamavu - Krishnarajendra Market,BR1387,3,Horamavu,Krishnarajendra Market,33,0,Ordinary Variant,Central
BMTC,AS-4,Indian Express - Nagavara,BR2639,3,Indian Express,Nagavara,25,0,Express,Other
BMTC,303D,Horamabu petrol bunk - Kempegowda Bus Station,BR1386,3,Horamabu petrol bunk,Kempegowda Bus Station,45,0,Ordinary Variant,Central
BMTC,AS-3,MCTC Bus Stand - Sunkadakatte,BR2638,3,MCTC Bus Stand,Sunkadakatte,29,0,Ordinary,West
BMTC,303F,Mariyamma Layout - Shivajinagar Bus Station,BR1388,3,Mariyamma Layout,Shivajinagar Bus Station,43,0,Ordinary Variant,Central
BMTC,303G,Shivajinagar Bus Station - Om Shakthi Temple,BR1389,3,Shivajinagar Bus Station,Om Shakthi Temple,44,0,Ordinary Variant,Central
BMTC,271A,Kempegowda Bus Station - Abbigere Village,BR1012,3,Kempegowda Bus Station,Abbigere Village,41,0,Ordinary Variant,Central
BMTC,76E,Government Soap Factory - Krishnarajendra Market,BR2486,3,Government Soap Factory,Krishnarajendra Market,48,0,Ordinary Variant,Central
BMTC,271C,Singapura - Kempegowda Bus Station,BR1014,3,Singapura,Kempegowda Bus Station,34,0,Ordinary Variant,Central
BMTC,Depot-13-NBMN,Depot-13-BS - Nagarabhavi Maruthinagara,BR3245,3,Depot-13-BS,Nagarabhavi Maruthinagara,39,0,Special,Other
BMTC,271B,Kuvempu Nagara 2nd Stage - Kempegowda Bus Station,BR1013,3,Kuvempu Nagara 2nd Stage,Kempegowda Bus Station,49,0,Ordinary Variant,Central
BMTC,DEPOT-25-STJW,Depot-25-BS - St.John`s Wood Apartment,BR3257,3,Depot-25-BS,St.John`s Wood Apartment,38,0,Special,Other
BMTC,271E,Veerasagara - Kempegowda Bus Station,BR1016,3,Veerasagara,Kempegowda Bus Station,36,0,Ordinary Variant,Central
BMTC,INF-ITIEC,Infosys Parking Lot - ITI Circle,BR3415,3,Infosys Parking Lot,ITI Circle,32,0,Special,Other
BMTC,271D,Jalahalli Village - Kempegowda Bus Station,BR1015,3,Jalahalli Village,Kempegowda Bus Station,42,0,Ordinary Variant,North
BMTC,271G,Somashettihalli - Kempegowda Bus Station,BR1018,3,Somashettihalli,Kempegowda Bus Station,40,0,Ordinary Variant,Central
BMTC,271F,Chikkabanawara Railway Gate - Krishnarajendra Market,BR1017,3,Chikkabanawara Railway Gate,Krishnarajendra Market,52,0,Ordinary Variant,Central
BMTC,WBWR-BOSCHKRM,Warriers Bakery - BOSCH,BR4239,3,Warriers Bakery,BOSCH,23,0,Special,Other
BMTC,201MJ,BANASHANKARI TTMC - Jeevanahalli,BR198,3,BANASHANKARI TTMC,Jeevanahalli,32,0,Special,South
BMTC,271H,Yelahanka Satelite Town - Kempegowda Bus Station,BR1019,3,Yelahanka Satelite Town,Kempegowda Bus Station,48,0,Ordinary Variant,North
BMTC,271K,Muthyalaya Nagar - Kempegowda Bus Station,BR1021,3,Muthyalaya Nagar,Kempegowda Bus Station,41,0,Ordinary Variant,Central
BMTC,KBS-GNGN,Kempegowda Bus Station - Ganganagara,BR3539,3,Kempegowda Bus Station,Ganganagara,36,0,Special,Central
BMTC,271J,Jalahalli Village - Krishnarajendra Market,BR1020,3,Jalahalli Village,Krishnarajendra Market,42,0,Ordinary Variant,North
BMTC,271R,Yeshwanthpura TTMC - Yeshwanthpura TTMC,BR1028,3,Yeshwanthpura TTMC,Yeshwanthpura TTMC,39,1,Ordinary Variant,West
BMTC,271P,Raghavendra Colony - Kempegowda Bus Station,BR1026,3,Raghavendra Colony,Kempegowda Bus Station,43,0,Ordinary Variant,Central
BMTC,271Q,Yeshawanthapura TTMC - Yeshawanthapura TTMC,BR1027,3,Yeshawanthapura TTMC,Yeshawanthapura TTMC,43,1,Ordinary Variant,Other
BMTC,271N,Janapriya Apartments - Krishnarajendra Market,BR1025,3,Janapriya Apartments,Krishnarajendra Market,45,0,Ordinary Variant,Central
BMTC,271L,Krishnarajendra Market - Muthyalanagar,BR1023,3,Krishnarajendra Market,Muthyalanagar,38,0,Ordinary Variant,Central
BMTC,306H,Krishnarajendra Market - Handaenahalli,BR1442,3,Krishnarajendra Market,Handaenahalli,38,0,Ordinary Variant,Central
BMTC,VRP-BTP,Vidyaranyapura - Bagmane Teck Park,BR4220,3,Vidyaranyapura,Bagmane Teck Park,34,0,Special,North
BMTC,306G,Krishnarajendra Market - Somalapura,BR1441,3,Krishnarajendra Market,Somalapura,35,0,Ordinary Variant,Central
BMTC,306F,Krishnarajendra Market - Banarahalli,BR1440,3,Krishnarajendra Market,Banarahalli,36,0,Ordinary Variant,Central
BMTC,KBS-GFGC,Govt First Grade College Bidadi - Kempegowda Bus Station,BR3538,3,Govt First Grade College Bidadi,Kempegowda Bus Station,56,0,Special,Central
BMTC,306E,Krishnarajendra Market - Narayankere,BR1439,3,Krishnarajendra Market,Narayankere,36,0,Ordinary Variant,Central
BMTC,306D,Kempegowda Bus Station - Devanagundi,BR1438,3,Kempegowda Bus Station,Devanagundi,36,0,Ordinary Variant,Central
BMTC,306C,Krishnarajendra Market - Kanekallu,BR1437,3,Krishnarajendra Market,Kanekallu,34,0,Ordinary Variant,Central
BMTC,306B,Krishnarajendra Market - Thindlu,BR1436,3,Krishnarajendra Market,Thindlu,32,0,Ordinary Variant,Central
BMTC,271T,Kempegowda Bus Station - Janapriya Greenwood Apartments,BR1029,3,Kempegowda Bus Station,Janapriya Greenwood Apartments,55,0,Ordinary Variant,Central
BMTC,306A,Krishnarajendra Market - Lingadira Mallasandra,BR1435,3,Krishnarajendra Market,Lingadira Mallasandra,46,0,Ordinary Variant,Central
BMTC,75C,Vijayanagara TTMC - Chowdeshwari Bus Stand JP Park,BR2480,3,Vijayanagara TTMC,Chowdeshwari Bus Stand JP Park,50,0,Ordinary Variant,South
BMTC,MP-10,Kempegowda Bus Station - Avalahalli BDA Park,BR3743,3,Kempegowda Bus Station,Avalahalli BDA Park,44,0,Ordinary,Central
BMTC,306P,Krishnarajendra Market - HARSNAHALLI,BR1448,3,Krishnarajendra Market,HARSNAHALLI,36,0,Ordinary Variant,Central
BMTC,75B,Hampinagara RPC Layout - Malleshwaram 18th Cross,BR2479,3,Hampinagara RPC Layout,Malleshwaram 18th Cross,48,0,Ordinary Variant,West
BMTC,306M,Krishnarajendra Market - PURA,BR1446,3,Krishnarajendra Market,PURA,29,0,Ordinary Variant,Central
BMTC,272B,Shiluvepura - Shivajinagar Bus Station,BR1032,3,Shiluvepura,Shivajinagar Bus Station,38,0,Ordinary Variant,Central
BMTC,75E,GKW Layout - Malleshwaram 18th Cross,BR2482,3,GKW Layout,Malleshwaram 18th Cross,36,0,Ordinary Variant,West
BMTC,75D,Chandra Layout 1st Stage - Chowdeshwari Bus Stand JP Park,BR2481,3,Chandra Layout 1st Stage,Chowdeshwari Bus Stand JP Park,57,0,Ordinary Variant,Other
BMTC,306K,Krishnarajendra Market - Hosahalli,BR1444,3,Krishnarajendra Market,Hosahalli,34,0,Ordinary Variant,Central
BMTC,306L,Krishnarajendra Market - Jn of Marasandra,BR1445,3,Krishnarajendra Market,Jn of Marasandra,41,0,Ordinary Variant,Central
BMTC,75A,KHB Colony - Malleshwaram 18th Cross,BR2478,3,KHB Colony,Malleshwaram 18th Cross,36,0,Ordinary Variant,West
BMTC,306J,Krishnarajendra Market - Domlur,BR1443,3,Krishnarajendra Market,Domlur,31,0,Ordinary Variant,Central
BMTC,KSGH-ORRCA,Kodegehalli Sigehalli Bus Stand - Outer Ring Road Company Association,BR3655,3,Kodegehalli Sigehalli Bus Stand,Outer Ring Road Company Association,69,0,Special,Other
BMTC,306S,Krishnarajendra Market - Paramanahalli,BR1452,3,Krishnarajendra Market,Paramanahalli,38,0,Ordinary Variant,Central
BMTC,306T,Krishnarajendra Market - Banara halli,BR1453,3,Krishnarajendra Market,Banara halli,37,0,Ordinary Variant,Central
BMTC,75F,Saraswathi Nagara Vijayanagara - Yeshawanthapura TTMC,BR2483,3,Saraswathi Nagara Vijayanagara,Yeshawanthapura TTMC,53,0,Ordinary Variant,South
BMTC,306Q,Shivajinagar Bus Station - Devanagundi,BR1449,3,Shivajinagar Bus Station,Devanagundi,38,0,Ordinary Variant,Central
BMTC,306R,Kempegowda Bus Station - Devanagundi,BR1450,3,Kempegowda Bus Station,Devanagundi,36,0,Ordinary Variant,Central
BMTC,272E,Singapura - Shivajinagar Bus Station,BR1033,3,Singapura,Shivajinagar Bus Station,36,0,Ordinary Variant,Central
BMTC,75H,MCTC Bus Stand - Malleshwaram 18th Cross,BR2484,3,MCTC Bus Stand,Malleshwaram 18th Cross,40,0,Ordinary Variant,West
BMTC,BMT13-BMT33,Depot-13-BS - Depot-33,BR2727,3,Depot-13-BS,Depot-33,22,0,Ordinary,Other
BMTC,JP6-DYNS,JP Nagara 6th Phase - Dayananda Sagar College,BR3453,3,JP Nagara 6th Phase,Dayananda Sagar College,45,0,Special,South
BMTC,JPV-80,Kempegowda Bus Station - Mahalakshmi Layout,BR3500,3,Kempegowda Bus Station,Mahalakshmi Layout,43,0,Ordinary,Central
BMTC,304X,Arehalli - Kempegowda Bus Station,BR1412,3,Arehalli,Kempegowda Bus Station,33,0,Ordinary Variant,Central
BMTC,304Z,Kempegowda Bus Station - Chikka Tirupathi,BR1413,3,Kempegowda Bus Station,Chikka Tirupathi,41,0,Ordinary Variant,Central
BMTC,305E,Krishnarajendra Market - KODIHALLI,BR1419,3,Krishnarajendra Market,KODIHALLI,34,0,Ordinary Variant,Central
BMTC,305D,Kempegowda Bus Station - Channasandra,BR1418,3,Kempegowda Bus Station,Channasandra,37,0,Ordinary Variant,Central
BMTC,305G,Krishnarajendra Market - Devashettyhalli,BR1421,3,Krishnarajendra Market,Devashettyhalli,40,0,Ordinary Variant,Central
BMTC,305F,Krishnarajendra Market - Naduvatti Colony,BR1420,3,Krishnarajendra Market,Naduvatti Colony,41,0,Ordinary Variant,Central
BMTC,305A,Krishnarajendra Market - Bhaktharahalli,BR1415,3,Krishnarajendra Market,Bhaktharahalli,39,0,Ordinary Variant,Central
BMTC,305C,Kempegowda Bus Station - Bisanahalli,BR1417,3,Kempegowda Bus Station,Bisanahalli,36,0,Ordinary Variant,Central
BMTC,305B,Krishnarajendra Market - Makanahalli,BR1416,3,Krishnarajendra Market,Makanahalli,36,0,Ordinary Variant,Central
BMTC,G-10,Ramakrishna Hegde Nagara - Krishnarajendra Market,BR3318,3,Ramakrishna Hegde Nagara,Krishnarajendra Market,49,0,Ordinary,Central
BMTC,305L,Kempegowda Bus Station - Vaghata,BR1425,3,Kempegowda Bus Station,Vaghata,32,0,Ordinary Variant,Central
BMTC,273C,Jalahalli Cross - Kempegowda Bus Station,BR1036,3,Jalahalli Cross,Kempegowda Bus Station,40,0,Ordinary Variant,North
BMTC,8000,Kengeri TTMC - Hesaraghatta Village,BR2512,3,Kengeri TTMC,Hesaraghatta Village,35,0,Ordinary,South
BMTC,305M,Kempegowda Bus Station - Tharabana Halli,BR1426,3,Kempegowda Bus Station,Tharabana Halli,40,0,Ordinary Variant,Central
BMTC,273B,Medarahalli Railway Cross - Kempegowda Bus Station,BR1035,3,Medarahalli Railway Cross,Kempegowda Bus Station,50,0,Ordinary Variant,Central
BMTC,G-12,Jayanagara 9th Block - Hosakote Bus Stand,BR3320,3,Jayanagara 9th Block,Hosakote Bus Stand,41,0,Ordinary,South
BMTC,305N,Krishnarajendra Market - Kattiganahalli,BR1427,3,Krishnarajendra Market,Kattiganahalli,39,0,Ordinary Variant,Central
BMTC,273E,Shettty Halli - Krishnarajendra Market,BR1037,3,Shettty Halli,Krishnarajendra Market,38,0,Ordinary Variant,Central
BMTC,G-11,Bagaluru - MG Road Metro Station,BR3319,3,Bagaluru,MG Road Metro Station,32,0,Ordinary,Other
BMTC,305H,Shivajinagar Bus Station - Naduvatti Colony,BR1422,3,Shivajinagar Bus Station,Naduvatti Colony,43,0,Ordinary Variant,Central
BMTC,NBMN-HPM,Nagarabhavi Maruthinagara - HP Software Mahadevapura,BR3791,3,Nagarabhavi Maruthinagara,HP Software Mahadevapura,52,0,Special,Other
BMTC,305J,Krishnarajendra Market - Hosakote Bus Stand,BR1423,3,Krishnarajendra Market,Hosakote Bus Stand,43,0,Ordinary Variant,Central
BMTC,Depot28-AGKR,DEPOT-28 - Ardendale Gate Kannamangala,BR3275,3,DEPOT-28,Ardendale Gate Kannamangala,38,0,Special,Other
BMTC,305K,Shivajinagar Bus Station - Kattiganahalli,BR1424,3,Shivajinagar Bus Station,Kattiganahalli,41,0,Ordinary Variant,Central
BMTC,273J,Vishweshwaraiah Enclave - Kempegowda Bus Station,BR1040,3,Vishweshwaraiah Enclave,Kempegowda Bus Station,48,0,Ordinary Variant,Central
BMTC,305V,Kempegowda Bus Station - Devalapura,BR1433,3,Kempegowda Bus Station,Devalapura,35,0,Ordinary Variant,Central
BMTC,305P,Krishnarajendra Market - Bommanabande,BR1429,3,Krishnarajendra Market,Bommanabande,37,0,Ordinary Variant,Central
BMTC,DVH-LCA,Devanahalli - LCA,BR3296,3,Devanahalli,LCA,17,0,Special,Other
BMTC,305Q,Kempegowda Bus Station - Pichguntarahalli,BR1430,3,Kempegowda Bus Station,Pichguntarahalli,41,0,Ordinary Variant,Central
BMTC,273F,Peenya 2nd stage - Kempegowda Bus Station,BR1038,3,Peenya 2nd stage,Kempegowda Bus Station,41,0,Ordinary Variant,North
BMTC,305R,Krishnarajendra Market - Dodda Dasarahalli,BR1431,3,Krishnarajendra Market,Dodda Dasarahalli,42,0,Ordinary Variant,Central
BMTC,305S,Kempegowda Bus Station - Soukhya Hospital,BR1432,3,Kempegowda Bus Station,Soukhya Hospital,41,0,Ordinary Variant,Central
BMTC,273H,Sharada Nagara - Kempegowda Bus Station,BR1039,3,Sharada Nagara,Kempegowda Bus Station,39,0,Ordinary Variant,Central
BMTC,ULS-JFWTC,Halasuru Laxmipura Road - JFWTC-ITPL,BR4022,3,Halasuru Laxmipura Road,JFWTC-ITPL,36,0,Special,East
BMTC,NICE-3A,Srinagara - Electronic City Wipro Gate,BR3808,3,Srinagara,Electronic City Wipro Gate,38,0,Ordinary Variant,Other
BMTC,YHK-ARS,Yelahanka - Hoovinayakanahalli,BR4253,3,Yelahanka,Hoovinayakanahalli,30,0,Special,North
BMTC,KHBC-MEBP,Kengeri Housing Board Quarters - Manyatha Embasy Business Park,BR3587,3,Kengeri Housing Board Quarters,Manyatha Embasy Business Park,62,0,Special,South
BMTC,307B,Krishnarajendra Market - Kadugodi,BR1456,3,Krishnarajendra Market,Kadugodi,33,0,Ordinary Variant,East
BMTC,307C,Krishnarajendra Market - Doddabannahalli,BR1457,3,Krishnarajendra Market,Doddabannahalli,40,0,Ordinary Variant,Central
BMTC,CR-319B,Chikka Banahalli - Krishnarajendra Market,BR2944,3,Chikka Banahalli,Krishnarajendra Market,41,0,Ordinary Variant,Central
BMTC,KGRT,Kengeri Satelite Town - UNITEX,BR3584,3,Kengeri Satelite Town,UNITEX,30,0,Special,South
BMTC,307A,Krishnarajendra Market - Veerenahalli,BR1455,3,Krishnarajendra Market,Veerenahalli,37,0,Ordinary Variant,Central
BMTC,BMT33-BSK,Depot-33 - Banashankari Bus Station,BR2766,3,Depot-33,Banashankari Bus Station,35,0,Special,South
BMTC,CR600F,Rajarajeshwarinagar Swargarani School - Attibele,BR3061,3,Rajarajeshwarinagar Swargarani School,Attibele,48,0,Ordinary Variant,Other
BMTC,CVR-BTP,C V Ramanagra - Bagmane Tech Park,BR3198,3,C V Ramanagra,Bagmane Tech Park,33,0,Special,Other
BMTC,D21-SHK,BMTC Depot-21 - Shirke KHB Quarters,BR3226,3,BMTC Depot-21,Shirke KHB Quarters,35,0,Special,Other
BMTC,SNTN-TGH,Shanthinagar TTMC - Thotada Guddadahalli,BR3970,3,Shanthinagar TTMC,Thotada Guddadahalli,40,0,Special,Other
BMTC,226VB,Annahalli - Krishnarajendra Market,BR470,3,Annahalli,Krishnarajendra Market,34,0,Special,Central
BMTC,226VC,Manchegowdana palya - Krishnarajendra Market,BR471,3,Manchegowdana palya,Krishnarajendra Market,44,0,Special,Central
BMTC,226VA,M Gopahalli - Krishnarajendra Market,BR469,3,M Gopahalli,Krishnarajendra Market,36,0,Special,Central
BMTC,BMT33-BTP,Depot-33 - BAGMANE TECH PARK,BR2767,3,Depot-33,BAGMANE TECH PARK,28,0,Special,Other
BMTC,308A,Kempegowda Bus Station - Marasandra,BR1459,3,Kempegowda Bus Station,Marasandra,35,0,Ordinary Variant,Central
BMTC,308B,Krishnarajendra Market - Marasandra,BR1460,3,Krishnarajendra Market,Marasandra,35,0,Ordinary Variant,Central
BMTC,YHK-ASK,Yelahanka - Arishinakunte,BR4254,3,Yelahanka,Arishinakunte,25,0,Special,North
BMTC,JPV-37,Srinagar - Shivajinagar Bus Station,BR3494,3,Srinagar,Shivajinagar Bus Station,35,0,Ordinary,Central
BMTC,ABL-D21,Avalahalli New BDA Layout - BMTC Depot-21,BR2592,3,Avalahalli New BDA Layout,BMTC Depot-21,41,0,Ordinary,Other
BMTC,ALR-VNC,Aluru - Vinayakanagara Cross D-43,BR2609,3,Aluru,Vinayakanagara Cross D-43,33,0,Special,Other
BMTC,V-222A,Kengeri Housing Board Quarters - Kempegowda Bus Station,BR4034,3,Kengeri Housing Board Quarters,Kempegowda Bus Station,55,0,Ordinary Variant,South
BMTC,V-HOHO-1,Kempegowda Bus Station - Kempegowda Bus Station,BR4179,3,Kempegowda Bus Station,Kempegowda Bus Station,47,1,Ordinary,Central
BMTC,V-HOHO-3,Malleshwaram Bus Station - Malleshwaram Bus Station,BR4181,3,Malleshwaram Bus Station,Malleshwaram Bus Station,51,1,Ordinary,West
BMTC,V-HOHO-2,MG Road Metro Station - MG Road Metro Station,BR4180,3,MG Road Metro Station,MG Road Metro Station,45,1,Ordinary,Other
BMTC,V-HOHO-5,Freedom Park - Freedom Park,BR4183,3,Freedom Park,Freedom Park,27,1,Ordinary,Other
BMTC,KSJ-CVB,Sanjay Nagara - Cauvery Bhavana,BR3656,3,Sanjay Nagara,Cauvery Bhavana,31,0,Special,Other
BMTC,V-HOHO-4,Gavigangadeshwara Temple - Gavigangadeshwara Temple,BR4182,3,Gavigangadeshwara Temple,Gavigangadeshwara Temple,51,1,Ordinary,Other
BMTC,NICE-2A,Uttarahalli - Electronic City Wipro Gate,BR3807,3,Uttarahalli,Electronic City Wipro Gate,40,0,Ordinary Variant,Other
BMTC,V-HOHO-7,Shivajinagar Bus Station - Shivajinagar Bus Station,BR4185,3,Shivajinagar Bus Station,Shivajinagar Bus Station,51,1,Ordinary,Central
BMTC,V-HOHO-6,ISKCON Temple - ISKCON Temple,BR4184,3,ISKCON Temple,ISKCON Temple,29,1,Ordinary,Other
BMTC,119C,Shivajinagar Bus Station - Muddamma Garden,BR30,3,Shivajinagar Bus Station,Muddamma Garden,42,0,Ordinary Variant,Central
BMTC,C201,Shanthinagara KSRTC Qtrs - Srinagara,BR2829,3,Shanthinagara KSRTC Qtrs,Srinagara,36,0,Ordinary,Other
BMTC,NICE-1A,Jayanagara Bus Stand - Electronic City Wipro Gate,BR3805,3,Jayanagara Bus Stand,Electronic City Wipro Gate,49,0,Ordinary Variant,South
BMTC,JYS-AMD,Jayadeva Signal - AMD Private Limited,BR3503,3,Jayadeva Signal,AMD Private Limited,37,0,Special,Other
BMTC,JPV-18,Jayanagara 9th Block - Kempegowda Bus Station,BR3474,3,Jayanagara 9th Block,Kempegowda Bus Station,45,0,Ordinary,South
BMTC,JPV-14,Kempegowda Bus Station - Bannerghatta National Park,BR3469,3,Kempegowda Bus Station,Bannerghatta National Park,51,0,Ordinary,Central
BMTC,V-45G,Kempegowda Bus Station - Depot-13-BS,BR4125,3,Kempegowda Bus Station,Depot-13-BS,36,0,Ordinary Variant,Central
BMTC,SRP-BSK,Sarjapura Bus Stand - Banashankari Bus Station,BR3980,3,Sarjapura Bus Stand,Banashankari Bus Station,46,0,Special,South
BMTC,JPV-16,Shivajinagar Bus Station - JP Nagara 3rd Phase,BR3472,3,Shivajinagar Bus Station,JP Nagara 3rd Phase,46,0,Ordinary,South
BMTC,267C,Krishnarajendra Market - Rajeev Gandhi Nagara,BR995,3,Krishnarajendra Market,Rajeev Gandhi Nagara,45,0,Ordinary Variant,Central
BMTC,KBS-SHS,Kempegowda Bus Station - Sophiya School,BR3557,3,Kempegowda Bus Station,Sophiya School,39,0,Special,Central
BMTC,BC-9D,Hebbala - Bagaluru,BR2670,3,Hebbala,Bagaluru,18,0,Ordinary Variant,North
BMTC,BC-9B,Hebbala Bridge - Avalahalli,BR2669,3,Hebbala Bridge,Avalahalli,27,0,Ordinary Variant,North
BMTC,V-373G,Electronic City Wipro Gate - Srinagara,BR4110,3,Electronic City Wipro Gate,Srinagara,38,0,Ordinary Variant,Other
BMTC,266T,Lakshmipura MS Palya - Kempegowda Bus Station,BR991,3,Lakshmipura MS Palya,Kempegowda Bus Station,45,0,Ordinary Variant,Central
BMTC,266R,Rainbow Layout - Krishnarajendra Market,BR990,3,Rainbow Layout,Krishnarajendra Market,39,0,Ordinary Variant,Central
BMTC,JPV-21,Kempegowda Bus Station - Electronic City,BR3476,3,Kempegowda Bus Station,Electronic City,40,0,Ordinary,Central
BMTC,267A,Lourdhubhai Kalyana mantapa - Kempegowda Bus Station,BR993,3,Lourdhubhai Kalyana mantapa,Kempegowda Bus Station,52,0,Ordinary Variant,Central
BMTC,PK-95,Kamalanagar BEML layout - Shivajinagar Bus Station,BR3882,3,Kamalanagar BEML layout,Shivajinagar Bus Station,50,0,Ordinary,Central
BMTC,D16-KRRD,Deepanjalinagara Depot-16 - Garadi Apartments KR Road,BR3210,3,Deepanjalinagara Depot-16,Garadi Apartments KR Road,53,0,Special,Other
BMTC,267B,Lourdhubhai Kalyana mantapa - Shivajinagar Bus Station,BR994,3,Lourdhubhai Kalyana mantapa,Shivajinagar Bus Station,54,0,Ordinary Variant,Central
BMTC,BSF-KBS,BSF - Kempegowda Bus Station,BR2794,3,BSF,Kempegowda Bus Station,28,0,Special,Central
BMTC,266G,Muttugadahalli Linganahalli - Krishnarajendra Market,BR983,3,Muttugadahalli Linganahalli,Krishnarajendra Market,52,0,Ordinary Variant,Central
BMTC,266F,Guni Agrahara - Krishnarajendra Market,BR982,3,Guni Agrahara,Krishnarajendra Market,38,0,Ordinary Variant,Central
BMTC,MEBP-SJAT,Manyatha Embasy Business Park - St John Wood Apartments,BR3717,3,Manyatha Embasy Business Park,St John Wood Apartments,55,0,Special,Other
BMTC,266H,Marasandra Circle - Kempegowda Bus Station,BR984,3,Marasandra Circle,Kempegowda Bus Station,42,0,Ordinary Variant,Central
BMTC,266C,Kakolu - Krishnarajendra Market,BR979,3,Kakolu,Krishnarajendra Market,31,0,Ordinary Variant,Central
BMTC,SCMSP-HBL,Sambram College MS Palya - Hebbala,BR3937,3,Sambram College MS Palya,Hebbala,34,0,Special,North
BMTC,266B,Mylappanahalli - Krishnarajendra Market,BR978,3,Mylappanahalli,Krishnarajendra Market,39,0,Ordinary Variant,Central
BMTC,266E,Madhugirihalli - Krishnarajendra Market,BR981,3,Madhugirihalli,Krishnarajendra Market,39,0,Ordinary Variant,Central
BMTC,JPV-25,BTM Layout - City Railway Station,BR3478,3,BTM Layout,City Railway Station,33,0,Ordinary,Other
BMTC,266D,Hesaraghatta Village - Krishnarajendra Market,BR980,3,Hesaraghatta Village,Krishnarajendra Market,45,0,Ordinary Variant,Central
BMTC,D17-NPMS,BMTC Depot-17 - NP Medical Store,BR3215,3,BMTC Depot-17,NP Medical Store,32,0,Special,Other
BMTC,266N,Shamarajapura - Krishnarajendra Market,BR987,3,Shamarajapura,Krishnarajendra Market,38,0,Ordinary Variant,Central
BMTC,BC-8A,Abbigere Village - Peenya 2nd stage,BR2667,3,Abbigere Village,Peenya 2nd stage,35,0,Ordinary Variant,North
BMTC,266Q,Kanshiram Nagara - Krishnarajendra Market,BR989,3,Kanshiram Nagara,Krishnarajendra Market,41,0,Ordinary Variant,Central
BMTC,KBS-WSPM,Kempegowda Bus Station - Whispering Meawn,BR3565,3,Kempegowda Bus Station,Whispering Meawn,41,0,Special,Central
BMTC,266K,Madappanahalli - Krishnarajendra Market,BR985,3,Madappanahalli,Krishnarajendra Market,39,0,Ordinary Variant,Central
BMTC,KBS-MEBP,Kempegowda Bus Station - Manyatha Embasy Business Park,BR3549,3,Kempegowda Bus Station,Manyatha Embasy Business Park,54,0,Special,Central
BMTC,CR-314M,Banashankari Bus Station - CV Raman Nagara,BR2943,3,Banashankari Bus Station,CV Raman Nagara,42,0,Ordinary Variant,South
BMTC,266M,Kondashettihalli Byalakere - Krishnarajendra Market,BR986,3,Kondashettihalli Byalakere,Krishnarajendra Market,51,0,Ordinary Variant,Central
BMTC,HPN-KRC,Hampinagara RPC Layout - KR Circle,BR3398,3,Hampinagara RPC Layout,KR Circle,34,0,Special,Other
BMTC,CR-314A,Vidhana Soudha - DRDO 2ND Phase,BR2942,3,Vidhana Soudha,DRDO 2ND Phase,31,0,Ordinary Variant,Other
BMTC,CSB-VSD,Central Silk Board - Vidhana Soudha,BR3193,3,Central Silk Board,Vidhana Soudha,35,0,Special,Other
BMTC,266A,Linganahalli - Krishnarajendra Market,BR977,3,Linganahalli,Krishnarajendra Market,37,0,Ordinary Variant,Central
BMTC,VNC-MTH,Vinayakanagara Cross D-43 - Mathahalli,BR4207,3,Vinayakanagara Cross D-43,Mathahalli,38,0,Special,Other
BMTC,PK-81,Shivajinagar Bus Station - Padmanabha Nagara,BR3880,3,Shivajinagar Bus Station,Padmanabha Nagara,44,0,Ordinary,Central
BMTC,398B,Kaggalipura - Chandapura,BR2147,3,Kaggalipura,Chandapura,24,0,Ordinary Variant,Other
BMTC,248PS,Krishnarajendra Market - Peenya Satellite Bus Station,BR750,3,Krishnarajendra Market,Peenya Satellite Bus Station,53,0,Special,North
BMTC,398H,Jigani - Hosakote Bus Stand,BR2148,3,Jigani,Hosakote Bus Stand,27,0,Ordinary Variant,Other
BMTC,G-9A,Yelahanka Satelite Town 5th Phase - Maniksha Parade Ground,BR3331,3,Yelahanka Satelite Town 5th Phase,Maniksha Parade Ground,58,0,Ordinary Variant,North
BMTC,364FA,Kempegowda Bus Station - Yelenahalli,BR1970,3,Kempegowda Bus Station,Yelenahalli,36,0,Special,Central
BMTC,BVNR-VNS,Bhuvaneshwari Nagara - Vidyaniketan School,BR2822,3,Bhuvaneshwari Nagara,Vidyaniketan School,42,0,Special,Other
BMTC,269C,Ramachandrpura - Shivajinagar Bus Station,BR1000,3,Ramachandrpura,Shivajinagar Bus Station,41,0,Ordinary Variant,Central
BMTC,269A,Ramachandrpura - Krishnarajendra Market,BR998,3,Ramachandrpura,Krishnarajendra Market,39,0,Ordinary Variant,Central
BMTC,269B,Vidyaranyapura - Kempegowda Bus Station,BR999,3,Vidyaranyapura,Kempegowda Bus Station,39,0,Ordinary Variant,North
BMTC,V-319CT,Kempegowda Bus Station - White Field TTMC,BR4057,3,Kempegowda Bus Station,White Field TTMC,41,0,Special,Central
BMTC,KDL-BTP,Bagmane Teck Park - Kudlu Gate,BR3578,3,Bagmane Teck Park,Kudlu Gate,30,0,Special,Other
BMTC,201HA,Avalahalli BDA Park - Vivekanagara,BR191,3,Avalahalli BDA Park,Vivekanagara,34,0,Special,Other
BMTC,TPR-SBS,Shivajinagar Bus Station - Thippuru,BR4002,3,Shivajinagar Bus Station,Thippuru,35,0,Special,Central
BMTC,JPV-12,BANASHANKARI TTMC - Kempegowda Bus Station,BR3464,3,BANASHANKARI TTMC,Kempegowda Bus Station,42,0,Ordinary,South
BMTC,JPV-13,Kempegowda Bus Station - HAL Main Gate,BR3466,3,Kempegowda Bus Station,HAL Main Gate,38,0,Ordinary,Central
BMTC,JPV-10,Kempegowda Bus Station - Avalahalli BDA Park,BR3463,3,Kempegowda Bus Station,Avalahalli BDA Park,44,0,Ordinary,Central
BMTC,KMT-GPS,KR Market - Government Sub-Urban Press,BR3617,3,KR Market,Government Sub-Urban Press,38,0,Special,Central
BMTC,V-226HSR-1,HSR BDA Complex - Wonderla Amusement Park,BR4038,3,HSR BDA Complex,Wonderla Amusement Park,41,0,Ordinary,Other
BMTC,PK-290G,Shivajinagar Bus Station - Vidyasagara Bus Stoop,BR3868,3,Shivajinagar Bus Station,Vidyasagara Bus Stoop,48,0,Ordinary Variant,Central
BMTC,ADT-YST5,Adithi School - Yelahanka 5th Phase,BR2602,3,Adithi School,Yelahanka 5th Phase,35,0,Ordinary,North
BMTC,226MB,Manchanabele - Krishnarajendra Market,BR457,3,Manchanabele,Krishnarajendra Market,37,0,Special,Central
BMTC,KDH-VNC,Kadirenahalli Village - Vinayakanagara Cross D-43,BR3575,3,Kadirenahalli Village,Vinayakanagara Cross D-43,49,0,Special,Other
BMTC,V-502GA,Yeshwanthpur TTMC - Kadugodi,BR4162,3,Yeshwanthpur TTMC,Kadugodi,28,0,Special,East
BMTC,CSB-VVK,Central Silk Board - Vivekanagara,BR3194,3,Central Silk Board,Vivekanagara,33,0,Special,Other
BMTC,CR-342VA,Handenahalli - Ganjoor,BR2960,3,Handenahalli,Ganjoor,22,0,Special,Other
BMTC,KBS-AKC,Abbanakuppe - Kempegowda Bus Station,BR3527,3,Abbanakuppe,Kempegowda Bus Station,36,0,Special,Central
BMTC,CVR-CMT-SMH,Summanahalli Magadi Road - CV Raman Nagara,BR3199,3,Summanahalli Magadi Road,CV Raman Nagara,42,0,Special,Other
BMTC,PK-290F,Shivajinagar Bus Station - Agrahara Layout,BR3867,3,Shivajinagar Bus Station,Agrahara Layout,42,0,Ordinary Variant,Central
BMTC,PK-290E,Yelahanka - Shivajinagar Bus Station,BR3866,3,Yelahanka,Shivajinagar Bus Station,36,0,Ordinary Variant,North
BMTC,AVT-YLKOT,Avathi - Yelahanka Old Town,BR2653,3,Avathi,Yelahanka Old Town,27,0,Special,North
BMTC,V-Bengaluru-Darshini,Kempegowda Bus Station - Kempegowda Bus Station,BR4177,3,Kempegowda Bus Station,Kempegowda Bus Station,47,1,Special,Central
BMTC,CVB-PNN,Cauvery Bhavana - Padmanabha Nagara,BR3196,3,Cauvery Bhavana,Padmanabha Nagara,35,0,Special,Other
BMTC,CHLS-BENG,Christel House Learning School - Bennigana Halli,BR2861,3,Christel House Learning School,Bennigana Halli,48,0,Special,Other
BMTC,226NA,Kempaiahanapalya - Kempegowda Bus Station,BR459,3,Kempaiahanapalya,Kempegowda Bus Station,41,0,Special,Central
BMTC,226NB,Kempegowda Bus Station - Kempegowda Bus Station,BR460,3,Kempegowda Bus Station,Kempegowda Bus Station,47,1,Special,Central
BMTC,AMTEC-SBS,Shivajinagar Bus Station - MATHA AMRUTHAMAYI COLLEGE,BR2617,3,Shivajinagar Bus Station,MATHA AMRUTHAMAYI COLLEGE,52,0,Special,Central
BMTC,MGH-KBS,Madhugirihalli - Kempegowda Bus Station,BR3735,3,Madhugirihalli,Kempegowda Bus Station,39,0,Special,Central
BMTC,314BM,Kempegowda Bus Station - Mallesh Palya New Bus Stand,BR1496,3,Kempegowda Bus Station,Mallesh Palya New Bus Stand,52,0,Special,Central
BMTC,ELE-JNN,Jayanagara 9th Block - Electronic City,BR3303,3,Jayanagara 9th Block,Electronic City,38,0,Special,South
BMTC,BMT9-JKL,Depot 9 - Jakkur Layout,BR2772,3,Depot 9,Jakkur Layout,23,0,Special,Other
BMTC,BRWNR-NLO,Beereshwaralayout - Nandini Layout,BR2792,3,Beereshwaralayout,Nandini Layout,34,0,Special,Other
BMTC,PK-201,Srinagara - Domlur TTMC Bus Stand,BR3861,3,Srinagara,Domlur TTMC Bus Stand,33,0,Ordinary,Other
BMTC,BMT14-BPS,Depot 14 - Boopa Sandra,BR2731,3,Depot 14,Boopa Sandra,23,0,Special,Other
BMTC,CS-170E,Chamarajpet Edga Mydana - Koramangala,BR3086,3,Chamarajpet Edga Mydana,Koramangala,37,0,Ordinary Variant,Other
BMTC,112A,Kaval Byrasandra - Shivajinagar Bus Station,BR19,3,Kaval Byrasandra,Shivajinagar Bus Station,43,0,Ordinary Variant,Central
BMTC,V-375A,Shirke KHB Quarters - Electronic City Wipro Gate,BR4111,3,Shirke KHB Quarters,Electronic City Wipro Gate,48,0,Ordinary Variant,Other
BMTC,BMT14-VNH,Depot 14 - Vishwanatha Nagenahalli,BR2742,3,Depot 14,Vishwanatha Nagenahalli,34,0,Special,Other
BMTC,CS-301G,Shivajinagar Bus Station - Kada Agrahara,BR3134,3,Shivajinagar Bus Station,Kada Agrahara,40,0,Ordinary Variant,Central
BMTC,MKT-5H,Krishnarajendra Market - Harohalli,BR3737,3,Krishnarajendra Market,Harohalli,34,0,Ordinary Variant,Central
BMTC,RTN-KYB,RTNagara - Kaval Byrasandra,BR3911,3,RTNagara,Kaval Byrasandra,27,0,Special,Other
BMTC,BMT30-NDC,Depot 30 - Nandi Cross,BR2762,3,Depot 30,Nandi Cross,22,0,Special,Other
BMTC,443A,Anjanapura - Kempegowda Bus Station,BR2297,3,Anjanapura,Kempegowda Bus Station,35,0,Ordinary Variant,Central
BMTC,CS-302N,Kempegowda Bus Station - Kalyananagara Bus Stand,BR3136,3,Kempegowda Bus Station,Kalyananagara Bus Stand,48,0,Ordinary Variant,Central
BMTC,CSB-JHC,Central Silk Board - Jalahalli Cross,BR3190,3,Central Silk Board,Jalahalli Cross,36,0,Special,North
BMTC,OLDB-CHLS,Old Bayappanahalli - Christ college,BR3837,3,Old Bayappanahalli,Christ college,35,0,Special,Other
BMTC,DSP-KRP,Dasanapura - KR Puram,BR3294,3,Dasanapura,KR Puram,21,0,Special,East
BMTC,CS-302B,Jalavayu Vihara - Kempegowda Bus Station,BR3135,3,Jalavayu Vihara,Kempegowda Bus Station,40,0,Ordinary Variant,Central
BMTC,111A,Kaval Byrasandra - Krishnarajendra Market,BR15,3,Kaval Byrasandra,Krishnarajendra Market,41,0,Ordinary Variant,Central
BMTC,111C,Kaval Byrasandra - Kempegowda Bus Station,BR16,3,Kaval Byrasandra,Kempegowda Bus Station,41,0,Ordinary Variant,Central
BMTC,111E,Kaval Byrasandra - Jagajeevanram Nagara,BR17,3,Kaval Byrasandra,Jagajeevanram Nagara,39,0,Ordinary Variant,Other
BMTC,ISRO-KGN,ISRO Layout - Kengeri TTMC,BR3419,3,ISRO Layout,Kengeri TTMC,26,0,Special,South
BMTC,114C,Sulthan Palya - Kempegowda Bus Station,BR24,3,Sulthan Palya,Kempegowda Bus Station,38,0,Ordinary Variant,Central
BMTC,Depot13-MRTOLL,BMTC Depot-13 - Magadi Road TollGate,BR3266,3,BMTC Depot-13,Magadi Road TollGate,36,0,Special,Other
BMTC,114B,Manorayana Palya - Kempegowda Bus Station,BR23,3,Manorayana Palya,Kempegowda Bus Station,41,0,Ordinary Variant,Central
BMTC,114A,Sulthan Palya - Shivajinagar Bus Station,BR22,3,Sulthan Palya,Shivajinagar Bus Station,40,0,Ordinary Variant,Central
BMTC,BMT9-JHQ,Depot 9 - Jalahalli Quarters,BR2771,3,Depot 9,Jalahalli Quarters,28,0,Special,North
BMTC,KHB-HNB,KHB Colony Basaveshwaranagara - Hennur Cross,BR3586,3,KHB Colony Basaveshwaranagara,Hennur Cross,44,0,Special,Other
BMTC,SJHS-HBL,St John High School - Hebbala Bridge,BR3956,3,St John High School,Hebbala Bridge,36,0,Special,North
BMTC,314FA,Krishnarajendra Market - Mallesh Palya New Bus Stand,BR1501,3,Krishnarajendra Market,Mallesh Palya New Bus Stand,52,0,Special,Central
BMTC,114G,Manorayana Palya - Krishnarajendra Market,BR27,3,Manorayana Palya,Krishnarajendra Market,41,0,Ordinary Variant,Central
BMTC,114D,Manorayana Palya - Shivajinagar Bus Station,BR25,3,Manorayana Palya,Shivajinagar Bus Station,43,0,Ordinary Variant,Central
BMTC,114E,Sulthan Palya - Banashankari Bus Station,BR26,3,Sulthan Palya,Banashankari Bus Station,40,0,Ordinary Variant,South
BMTC,JPV-500C,Central Silk Board - KR Puram,BR3497,3,Central Silk Board,KR Puram,29,0,Ordinary Variant,East
BMTC,NICE-7A,MS Palya - Electronic City Wipro Gate,BR3814,3,MS Palya,Electronic City Wipro Gate,37,0,Ordinary Variant,Other
BMTC,SMHS-JVH,St Michael's High School - Jalavayu Vihara,BR3960,3,St Michael's High School,Jalavayu Vihara,42,0,Special,Other
BMTC,CR150,Krishnarajendra Market - Infosys,BR3035,3,Krishnarajendra Market,Infosys,32,0,Ordinary,Central
BMTC,MSP-GGP,MS Palya - Goragunte Palya,BR3778,3,MS Palya,Goragunte Palya,26,0,Special,Other
BMTC,NITT-KCH,NITTE Institute of Technology - Kenchenahalli Yelahanka,BR3815,3,NITTE Institute of Technology,Kenchenahalli Yelahanka,55,0,Special,North
BMTC,MP-2,JPNagara 6th Phase - Kempegowda Bus Station,BR3744,3,JPNagara 6th Phase,Kempegowda Bus Station,43,0,Ordinary,Central
BMTC,MP-60A,Vijayanagara TTMC - Jayanagara 9th Block,BR3758,3,Vijayanagara TTMC,Jayanagara 9th Block,40,0,Ordinary Variant,South
BMTC,VSD-RJE,Vidhana Soudha - Rajaji Nagara Entrance,BR4232,3,Vidhana Soudha,Rajaji Nagara Entrance,39,0,Special,Other
BMTC,GLHT-KTP-BTP,Gollarahatti - Bagmane Teck Park,BR3350,3,Gollarahatti,Bagmane Teck Park,32,0,Special,Other
BMTC,SNB-BSN-SMH,Shankararnag Bus Stop - Summanahalli Magadi Road,BR3961,3,Shankararnag Bus Stop,Summanahalli Magadi Road,48,0,Special,Other
BMTC,CS-300E,K R Puram - Shivajinagar Bus Station,BR3133,3,K R Puram,Shivajinagar Bus Station,36,0,Ordinary Variant,Central
BMTC,VJN-TEL,Vijayanagara - Tata Elxsi BrigadeTeck Park,BR4200,3,Vijayanagara,Tata Elxsi BrigadeTeck Park,42,0,Special,South
BMTC,VSD-RJF,Vidhana Soudha - Rajaji Nagar 1st Block,BR4233,3,Vidhana Soudha,Rajaji Nagar 1st Block,39,0,Special,Other
BMTC,CR-91D,Brigade Road - Halasur,BR3021,3,Brigade Road,Halasur,22,0,Ordinary Variant,Other
BMTC,CR144,Neelasandra Rose Garden - Shanthinagar TTMC,BR3034,3,Neelasandra Rose Garden,Shanthinagar TTMC,43,0,Ordinary,Other
BMTC,D13-ABISRO,Depot-13-BS - ABISRO,BR3207,3,Depot-13-BS,ABISRO,20,0,Special,Other
BMTC,226SB,Byramangala - Kempegowda Bus Station,BR465,3,Byramangala,Kempegowda Bus Station,36,0,Special,Central
BMTC,BSF-KMT,BSF - Krishnarajendra Market,BR2795,3,BSF,Krishnarajendra Market,28,0,Special,Central
BMTC,TR-12A,Girinagara 2ND Stage - YPR RMC,BR4007,3,Girinagara 2ND Stage,YPR RMC,30,0,Ordinary Variant,Other
BMTC,HALLCA-MRHB,HAL/LCA - Jn of Marathalli Bridge,BR3366,3,HAL/LCA,Jn of Marathalli Bridge,33,0,Special,Other
BMTC,NICE-5A,Summanahalli Magadi Road - Electronic City Wipro Gate,BR3811,3,Summanahalli Magadi Road,Electronic City Wipro Gate,53,0,Ordinary Variant,Other
BMTC,VPS-BUQ-KST,Kengeri Satelite Town - Vidyanikethan Public School,BR4217,3,Kengeri Satelite Town,Vidyanikethan Public School,51,0,Special,South
BMTC,BMT22-JCN,Depot 22 - JC Nagara,BR2745,3,Depot 22,JC Nagara,20,0,Special,Other
BMTC,PRSH-KBS,Purushanahalli - Kempegowda Bus Station,BR3890,3,Purushanahalli,Kempegowda Bus Station,39,0,Special,Central
BMTC,115A,Kaval Byrasandra - Kamalanagar BEML layout,BR28,3,Kaval Byrasandra,Kamalanagar BEML layout,42,0,Ordinary Variant,Other
BMTC,BEML5-RJKS,BEML Layout 5th Stage - Rajkumar Samadhi,BR2681,3,BEML Layout 5th Stage,Rajkumar Samadhi,40,0,Special,Other
BMTC,BEML-D6,BEML - BMTC Depot-6,BR2676,3,BEML,BMTC Depot-6,19,0,Ordinary,Other
BMTC,KNPC-ITIB,Kenchanapura Cross - ITI Bhavan,BR3629,3,Kenchanapura Cross,ITI Bhavan,31,0,Special,Other
BMTC,601,BANASHANKARI TTMC - BANASHANKARI TTMC,BR2447,3,BANASHANKARI TTMC,BANASHANKARI TTMC,37,1,Ordinary,South
BMTC,600,BANASHANKARI TTMC - BANASHANKARI TTMC,BR2426,3,BANASHANKARI TTMC,BANASHANKARI TTMC,37,1,Ordinary,South
BMTC,410PS,Bommanahalli - Peenya Satellite Bus Station,BR2263,3,Bommanahalli,Peenya Satellite Bus Station,43,0,Special,North
BMTC,MRH-GBV,Marathahalli Bridge - Global Village,BR3765,3,Marathahalli Bridge,Global Village,36,0,Special,Other
BMTC,CS-150,Shivajinagar Bus Station - Krishnarajendra Market,BR3083,3,Shivajinagar Bus Station,Krishnarajendra Market,49,0,Ordinary,Central
BMTC,606,Attibele - Devanagundi,BR2448,3,Attibele,Devanagundi,22,0,Ordinary,Other
BMTC,213QA,Krishnarajendra Market - Gottigehalli,BR304,3,Krishnarajendra Market,Gottigehalli,37,0,Special,Central
BMTC,CS-141,Vivekanagara - Shivajinagar Bus Station,BR3079,3,Vivekanagara,Shivajinagar Bus Station,39,0,Ordinary,Central
BMTC,KIAS-8AA,Electronic City Wipro Gate - Kempegowda International Airport,BR3605,3,Electronic City Wipro Gate,Kempegowda International Airport,61,0,Airport,Central
BMTC,CS-143,Neela sandra - Krishnarajendra Market,BR3081,3,Neela sandra,Krishnarajendra Market,37,0,Ordinary,Central
BMTC,MDL-ACC,Madiwala MARKET - Accenture,BR3696,3,Madiwala MARKET,Accenture,27,0,Special,Other
BMTC,CR-162E,Kempegowda Bus Station - Multiplex Marathahalli,BR2893,3,Kempegowda Bus Station,Multiplex Marathahalli,47,0,Ordinary Variant,Central
BMTC,CR-304MC,Ganjoor - Chikka Tirupathi,BR2933,3,Ganjoor,Chikka Tirupathi,26,0,Special,Other
BMTC,CS-13E,Banashankari 3rd Stage 2nd Phase - Shivajinagar Bus Station,BR3078,3,Banashankari 3rd Stage 2nd Phase,Shivajinagar Bus Station,59,0,Ordinary Variant,South
BMTC,SHC-KWS,Sheshagiri Halli Mysore Road - Kengeri KSRTC Regional Workshop,BR3949,3,Sheshagiri Halli Mysore Road,Kengeri KSRTC Regional Workshop,62,0,Special,South
BMTC,CS-96G,Kempegowda Bus Station - Shankararnag Bus Stop,BR3186,3,Kempegowda Bus Station,Shankararnag Bus Stop,46,0,Ordinary Variant,Central
BMTC,HLG-ELCWIPRO,Heelalige - Electronic City Wipro Gate,BR3388,3,Heelalige,Electronic City Wipro Gate,38,0,Special,Other
BMTC,CS-96B,Kamalanagar BEML layout - Kempegowda Bus Station,BR3185,3,Kamalanagar BEML layout,Kempegowda Bus Station,48,0,Ordinary Variant,Central
BMTC,AYJC-MRHB,Jalahalli Cross Ayyappa Temple - Marathahalli Bridge,BR2654,3,Jalahalli Cross Ayyappa Temple,Marathahalli Bridge,52,0,Special,North
BMTC,CR-215CA,Jambusavari dinne - Holy Mother School,BR2915,3,Jambusavari dinne,Holy Mother School,38,0,Special,Other
BMTC,MEBP-KBS,Manyatha Embasy Business Park - Kempegowda Bus Station,BR3710,3,Manyatha Embasy Business Park,Kempegowda Bus Station,54,0,Special,Central
BMTC,61A,Kempegowda Bus Station - Chandra Layout,BR2459,3,Kempegowda Bus Station,Chandra Layout,39,0,Ordinary Variant,Central
BMTC,61B,Kempegowda Bus Station - Saraswathi Nagara Vijayanagara,BR2460,3,Kempegowda Bus Station,Saraswathi Nagara Vijayanagara,55,0,Ordinary Variant,South
BMTC,CS-178,Tin Factory - Banashankari Bus Station,BR3092,3,Tin Factory,Banashankari Bus Station,38,0,Ordinary,South
BMTC,61E,Kempegowda Bus Station - Vijayanagara TTMC,BR2463,3,Kempegowda Bus Station,Vijayanagara TTMC,42,0,Ordinary Variant,South
BMTC,61F,Kempegowda Bus Station - GKW Layout,BR2464,3,Kempegowda Bus Station,GKW Layout,35,0,Ordinary Variant,Central
BMTC,61C,Kempegowda Bus Station - BCC Layout,BR2461,3,Kempegowda Bus Station,BCC Layout,35,0,Ordinary Variant,Central
BMTC,V-500KM,Kalyani Magnum JP Nagara - ITPL,BR4154,3,Kalyani Magnum JP Nagara,ITPL,31,0,Special,South
BMTC,61D,Kempegowda Bus Station - Vijayanagara TTMC,BR2462,3,Kempegowda Bus Station,Vijayanagara TTMC,42,0,Ordinary Variant,South
BMTC,V-500KS,MCTC Bus Stand - Kadugodi,BR4156,3,MCTC Bus Stand,Kadugodi,25,0,Special,East
BMTC,225DA,BHEL Concrode Layout - Krishnarajendra Market,BR430,3,BHEL Concrode Layout,Krishnarajendra Market,45,0,Special,Central
BMTC,61J,Kempegowda Bus Station - Chandra Layout 1st Stage,BR2466,3,Kempegowda Bus Station,Chandra Layout 1st Stage,49,0,Ordinary Variant,Central
BMTC,V-500KR,Rajarajeshwarinagara Gate - ITPL,BR4155,3,Rajarajeshwarinagara Gate,ITPL,32,0,Special,East
BMTC,61G,Kempegowda Bus Station - Chandra Layout,BR2465,3,Kempegowda Bus Station,Chandra Layout,39,0,Ordinary Variant,Central
BMTC,BSFYLK-KMT,Krishnarajendra Market - BSF,BR2796,3,Krishnarajendra Market,BSF,28,0,Special,Central
BMTC,HSRKEB-BTP,HSRKEB - BAGMANE TECH PARK,BR3405,3,HSRKEB,BAGMANE TECH PARK,26,0,Special,Other
BMTC,CS-248A,Laggere - Jalahalli Cross,BR3112,3,Laggere,Jalahalli Cross,25,0,Ordinary Variant,North
BMTC,KMNR-BEML,Kamalanagar BEML layout - BEML,BR3611,3,Kamalanagar BEML layout,BEML,30,0,Special,Other
BMTC,340AA,Kempegowda Bus Station - Yellu Kunte,BR1744,3,Kempegowda Bus Station,Yellu Kunte,36,0,Special,Central
BMTC,61M,Kempegowda Bus Station - Vidyagiri Layout,BR2468,3,Kempegowda Bus Station,Vidyagiri Layout,41,0,Ordinary Variant,Central
BMTC,CR-411A,Hongansandra - Banashankari Bus Station,BR2996,3,Hongansandra,Banashankari Bus Station,39,0,Ordinary Variant,South
BMTC,61K,Kempegowda Bus Station - Nanjarasappa Badavane,BR2467,3,Kempegowda Bus Station,Nanjarasappa Badavane,46,0,Ordinary Variant,Central
BMTC,CS-171,Koramangala - Kempegowda Bus Station,BR3087,3,Koramangala,Kempegowda Bus Station,36,0,Ordinary,Central
BMTC,BTMA-ATB,BTMAXA Software Company - Attibele,BR2805,3,BTMAXA Software Company,Attibele,34,0,Special,Other
BMTC,CS-166,Koramangala - Shivajinagar Bus Station,BR3085,3,Koramangala,Shivajinagar Bus Station,38,0,Ordinary,Central
BMTC,225CF,BGS Hospital - Kempegowda Bus Station,BR428,3,BGS Hospital,Kempegowda Bus Station,37,0,Special,Central
BMTC,60A,Vijayanagara TTMC - Jayanagara 9th Block,BR2449,3,Vijayanagara TTMC,Jayanagara 9th Block,40,0,Ordinary Variant,South
BMTC,60B,Chandra Layout - JP Nagara 3rd Phase,BR2450,3,Chandra Layout,JP Nagara 3rd Phase,36,0,Ordinary Variant,South
BMTC,225CB,BHEL Layout - Kempegowda Bus Station,BR427,3,BHEL Layout,Kempegowda Bus Station,36,0,Special,Central
BMTC,60C,JPNagara 6th Phase - Chandra Layout,BR2451,3,JPNagara 6th Phase,Chandra Layout,35,0,Ordinary Variant,Other
BMTC,SBCH-BEL,Syndicate bank Colony Andrahalli - BEL Circle,BR3918,3,Syndicate bank Colony Andrahalli,BEL Circle,45,0,Special,West
BMTC,60E,Vijayanagara TTMC - BTM Layout,BR2452,3,Vijayanagara TTMC,BTM Layout,30,0,Ordinary Variant,South
BMTC,60F,Chennamma kere Achukattu - Kamalanagar BEML layout,BR2453,3,Chennamma kere Achukattu,Kamalanagar BEML layout,50,0,Ordinary Variant,Other
BMTC,60G,Brudavana Nagara Jinke vana - BTM Layout Bus Stop,BR2454,3,Brudavana Nagara Jinke vana,BTM Layout Bus Stop,49,0,Ordinary Variant,Other
BMTC,60H,Kamalanagar BEML layout - Jayanagara 9th Block,BR2455,3,Kamalanagar BEML layout,Jayanagara 9th Block,46,0,Ordinary Variant,South
BMTC,V-500KE,Kengeri Housing Board Quarters - ITPL,BR4152,3,Kengeri Housing Board Quarters,ITPL,37,0,Special,South
BMTC,CS-15A,Padmanabha Nagara - Krishnarajendra Market,BR3084,3,Padmanabha Nagara,Krishnarajendra Market,42,0,Ordinary Variant,Central
BMTC,60J,Koramangala - GKW Layout,BR2456,3,Koramangala,GKW Layout,24,0,Ordinary Variant,Other
BMTC,V-500KG,Gottigere - ITPL,BR4153,3,Gottigere,ITPL,16,0,Special,East
BMTC,60L,Vijayanagara TTMC - Jaibheemanagara,BR2457,3,Vijayanagara TTMC,Jaibheemanagara,35,0,Ordinary Variant,South
BMTC,Depot-13-VBN,Depot-13-BS - Veerabhadranagar,BR3248,3,Depot-13-BS,Veerabhadranagar,30,0,Special,Other
BMTC,DHL-GTG,Deo Hights Layout Arch - Gottigere,BR3282,3,Deo Hights Layout Arch,Gottigere,34,0,Special,Other
BMTC,V-500KB,Chowdeshwari Bus Stand JP Park - ITPL,BR4150,3,Chowdeshwari Bus Stand JP Park,ITPL,37,0,Special,East
BMTC,MEBP-KAE,Manyatha Embasy Business Park - Konappana Agarahara,BR3709,3,Manyatha Embasy Business Park,Konappana Agarahara,51,0,Special,Other
BMTC,V-500KC,Nagarabhavi BDA Complex - ITPL,BR4151,3,Nagarabhavi BDA Complex,ITPL,30,0,Special,East
BMTC,D21-BEML,BMTC Depot-21 - BEML,BR3220,3,BMTC Depot-21,BEML,20,0,Special,Other
BMTC,ISRO-KBS,Arybhata ISRO Head Office - Kempegowda Bus Station,BR3418,3,Arybhata ISRO Head Office,Kempegowda Bus Station,50,0,Special,Central
BMTC,V-600F,BANASHANKARI TTMC - Attibele,BR4169,3,BANASHANKARI TTMC,Attibele,28,0,Ordinary Variant,South
BMTC,V-600C,Banashankari Bus Station - Chandapura,BR4167,3,Banashankari Bus Station,Chandapura,37,0,Ordinary Variant,South
BMTC,KRPR-HENB,KR Puram Railway Station - Ramakrishna Hegde Nagara,BR3649,3,KR Puram Railway Station,Ramakrishna Hegde Nagara,51,0,Special,East
BMTC,CS-111,Kaval Byrasandra - Krishnarajendra Market,BR3069,3,Kaval Byrasandra,Krishnarajendra Market,41,0,Ordinary,Central
BMTC,SCMSP-JFWTC,Sambram College MS Palya - JFWTC,BR3938,3,Sambram College MS Palya,JFWTC,32,0,Special,Other
BMTC,CS-112,Kaval Byrasandra - Shivajinagar Bus Station,BR3070,3,Kaval Byrasandra,Shivajinagar Bus Station,43,0,Ordinary,Central
BMTC,V-600M,Chikkalasandra Ramanjaneya Layout - Electronic City Wipro Gate,BR4173,3,Chikkalasandra Ramanjaneya Layout,Electronic City Wipro Gate,62,0,Ordinary Variant,Other
BMTC,310B,Shivajinagar Bus Station - Basavanapura Govt School,BR1467,3,Shivajinagar Bus Station,Basavanapura Govt School,51,0,Ordinary Variant,Central
BMTC,310C,Shivajinagar Bus Station - Udayanagara,BR1468,3,Shivajinagar Bus Station,Udayanagara,38,0,Ordinary Variant,Central
BMTC,V-600K,Vijayanagara - BTL College,BR4170,3,Vijayanagara,BTL College,26,0,Ordinary Variant,South
BMTC,310D,Shivajinagar Bus Station - Naduvatti,BR1469,3,Shivajinagar Bus Station,Naduvatti,36,0,Ordinary Variant,Central
BMTC,CHAKRA-2A,Banashankari Bus Station - Banashankari Bus Station,BR2845,3,Banashankari Bus Station,Banashankari Bus Station,51,1,Ordinary Variant,South
BMTC,310E,Shivajinagar Bus Station - Kittaganur,BR1470,3,Shivajinagar Bus Station,Kittaganur,37,0,Ordinary Variant,Central
BMTC,CS-91D,Kempegowda Bus Station - Electronic City Wipro Gate,BR3183,3,Kempegowda Bus Station,Electronic City Wipro Gate,51,0,Ordinary Variant,Central
BMTC,310A,Shivajinagar Bus Station - A Narayanapura,BR1466,3,Shivajinagar Bus Station,A Narayanapura,41,0,Ordinary Variant,Central
BMTC,BMEU-HBL,BM English School Ulsoor - Hebbala Bridge,BR2697,3,BM English School Ulsoor,Hebbala Bridge,41,0,Special,North
BMTC,CS-108,Anandanagar - Krishnarajendra Market,BR3068,3,Anandanagar,Krishnarajendra Market,36,0,Ordinary,Central
BMTC,V-500DK,Vidyaranyapura - Kadugodi,BR4144,3,Vidyaranyapura,Kadugodi,25,0,Special,North
BMTC,MBWD-VNC,Mallara Banavadi - Vinayakanagara Cross D-43,BR3695,3,Mallara Banavadi,Vinayakanagara Cross D-43,44,0,Special,Other
BMTC,V-500DF,Hebbala - Hope Farm,BR4142,3,Hebbala,Hope Farm,19,0,Special,North
BMTC,JHBCS-RRNG,JHBCS Cross - Rajarajeshwarinagara Gate,BR3449,3,JHBCS Cross,Rajarajeshwarinagara Gate,39,0,Special,Other
BMTC,CS-104,Sadhashivanagar - Kempegowda Bus Station,BR3067,3,Sadhashivanagar,Kempegowda Bus Station,40,0,Ordinary,Central
BMTC,V-500DI,Yelahanka Satelite Town 5th Phase - ITPL,BR4143,3,Yelahanka Satelite Town 5th Phase,ITPL,40,0,Special,North
BMTC,D37-KRG,Depot-37 - Krishna Garden BHEL Layout,BR3234,3,Depot-37,Krishna Garden BHEL Layout,37,0,Special,Other
BMTC,Depot25-KRRD,Depot-25 - K R Road,BR3273,3,Depot-25,K R Road,19,0,Special,Other
BMTC,CHAKRA-1A,Banashankari Bus Station - Banashankari Bus Station,BR2843,3,Banashankari Bus Station,Banashankari Bus Station,51,1,Ordinary Variant,South
BMTC,ODC-YBS,Yeshawanthapura TTMC - Out Door Clothing Company,BR3836,3,Yeshawanthapura TTMC,Out Door Clothing Company,48,0,Special,Other
BMTC,GBV-HSRBDA,Global Village - HSR BDA Complex,BR3335,3,Global Village,HSR BDA Complex,32,0,Special,Other
BMTC,V-500DV,Vidyaranyapura - Central Silk Board,BR4145,3,Vidyaranyapura,Central Silk Board,35,0,Special,North
BMTC,V-500DY,Yelahanka Satelite Town 5th Phase - Electronic City,BR4147,3,Yelahanka Satelite Town 5th Phase,Electronic City,51,0,Special,North
BMTC,KBS-13K,Kempegowda Bus Station - Kadugodi,BR3518,3,Kempegowda Bus Station,Kadugodi,33,0,Ordinary Variant,East
BMTC,V-500DX,Hebbala - Central Silk Board,BR4146,3,Hebbala,Central Silk Board,28,0,Special,North
BMTC,KIAS-8,Electronic City - Kempegowda International Airport,BR3603,3,Electronic City,Kempegowda International Airport,50,0,Airport,Central
BMTC,KIAS-7,HSR BDA COMPLEX - Kempegowda International Airport,BR3601,3,HSR BDA COMPLEX,Kempegowda International Airport,50,0,Airport,Central
BMTC,KIAS-6,Kadugodi - Kempegowda International Airport,BR3600,3,Kadugodi,Kempegowda International Airport,43,0,Airport,East
BMTC,CR-201J,Jeevan Bhimanagara Bus stand - Dayananda Sagar College,BR2900,3,Jeevan Bhimanagara Bus stand,Dayananda Sagar College,54,0,Ordinary Variant,Other
BMTC,KIAS-5,BANASHANKARI TTMC - Kempegowda International Airport,BR3597,3,BANASHANKARI TTMC,Kempegowda International Airport,52,0,Airport,South
BMTC,CS-138,Shivajinagar Bus Station - Hebbala,BR3077,3,Shivajinagar Bus Station,Hebbala,34,0,Ordinary,North
BMTC,MRH-GDH,Kala Mandir Marathalli - Geddala Halli,BR3766,3,Kala Mandir Marathalli,Geddala Halli,38,0,Special,Other
BMTC,KIAS-9,Kempegowda Bus Station - Kempegowda International Airport,BR3608,3,Kempegowda Bus Station,Kempegowda International Airport,57,0,Airport,Central
BMTC,CHAKRA-4A,Vijayanagara - Vijayanagara,BR2849,3,Vijayanagara,Vijayanagara,27,1,Ordinary Variant,South
BMTC,GLH-KGR-SBS,Shivajinagar Bus Station - Gollahalli,BR3349,3,Shivajinagar Bus Station,Gollahalli,37,0,Special,Central
BMTC,KIAS-4,HAL Main Gate - Kempegowda International Airport,BR3595,3,HAL Main Gate,Kempegowda International Airport,48,0,Airport,Central
BMTC,KIAS-1,Brigade Gateway/Orian Mall - Kempegowda International Airport,BR3591,3,Brigade Gateway/Orian Mall,Kempegowda International Airport,61,0,Airport,Central
BMTC,DHL-MEBP,Deo Hights Layout Arch - Manyatha Embasy Business Park,BR3283,3,Deo Hights Layout Arch,Manyatha Embasy Business Park,54,0,Special,Other
BMTC,304VA,Tin Factory - Shivanapura,BR1411,3,Tin Factory,Shivanapura,25,0,Special,Other
BMTC,TMG-KBS,Thyamagondlu - Kempegowda Bus Station,BR4000,3,Thyamagondlu,Kempegowda Bus Station,37,0,Special,Central
BMTC,KRC-VRP,KR Circle - Vidyaranyapura,BR3640,3,KR Circle,Vidyaranyapura,26,0,Special,North
BMTC,VNS-GDWC,Vidyaniketan School - Goodwill Womens College,BR4212,3,Vidyaniketan School,Goodwill Womens College,45,0,Special,Other
BMTC,CHAKRA-3A,BANASHANKARI TTMC - BANASHANKARI TTMC,BR2847,3,BANASHANKARI TTMC,BANASHANKARI TTMC,37,1,Ordinary Variant,South
BMTC,CR-201U,Byappana Halli Satallite Bus Station - Kempegowda Bus Station,BR2902,3,Byappana Halli Satallite Bus Station,Kempegowda Bus Station,61,0,Ordinary Variant,Central
BMTC,CR-202E,Kumaraswamy Layout - Attibele,BR2903,3,Kumaraswamy Layout,Attibele,29,0,Ordinary Variant,Other
BMTC,Depot-13-RRNBEML,Depot-13-BS - Rajarajeshwarinagara BEML Layout,BR3246,3,Depot-13-BS,Rajarajeshwarinagara BEML Layout,46,0,Special,Other
BMTC,MTK-MRG,Mathikere - Marappa Garden,BR3783,3,Mathikere,Marappa Garden,26,0,Special,Other
BMTC,263R,Kammasandra - Shivajinagar Bus Station,BR968,3,Kammasandra,Shivajinagar Bus Station,38,0,Ordinary Variant,Central
BMTC,313U,Krishnarajendra Market - Varanasi,BR1492,3,Krishnarajendra Market,Varanasi,33,0,Ordinary Variant,Central
BMTC,263P,8th Mile T Dasarahalli - Madanayakanahalli,BR967,3,8th Mile T Dasarahalli,Madanayakanahalli,42,0,Ordinary Variant,Other
BMTC,314D,Kempegowda Bus Station - Mallesh Palya New Bus Stand,BR1498,3,Kempegowda Bus Station,Mallesh Palya New Bus Stand,52,0,Ordinary Variant,Central
BMTC,314E,Kempegowda Bus Station - DRDO 2ND Phase,BR1499,3,Kempegowda Bus Station,DRDO 2ND Phase,39,0,Ordinary Variant,Central
BMTC,314B,Kempegowda Bus Station - CV Raman Nagara,BR1495,3,Kempegowda Bus Station,CV Raman Nagara,40,0,Ordinary Variant,Central
BMTC,Kadugodi-DomlurTTMC,Kadugodi - Domlur TTMC Bus Stand,BR3510,3,Kadugodi,Domlur TTMC Bus Stand,32,0,Special,East
BMTC,314C,Krishnarajendra Market - CGHS Nagavar Palya,BR1497,3,Krishnarajendra Market,CGHS Nagavar Palya,43,0,Ordinary Variant,Central
BMTC,314A,Shivajinagar Bus Station - DRDO 2ND Phase,BR1494,3,Shivajinagar Bus Station,DRDO 2ND Phase,41,0,Ordinary Variant,Central
BMTC,314M,Banashankari Bus Station - Mallesh Palya New Bus Stand,BR1505,3,Banashankari Bus Station,Mallesh Palya New Bus Stand,54,0,Ordinary Variant,South
BMTC,CHAKRA-6A,City Civil Court - City Civil Court,BR2853,3,City Civil Court,City Civil Court,35,1,Ordinary Variant,Other
BMTC,314K,Chennamma kere Achukattu - CV Raman Nagara,BR1504,3,Chennamma kere Achukattu,CV Raman Nagara,42,0,Ordinary Variant,Other
BMTC,314H,Kempegowda Bus Station - Mallesh Palya New Bus Stand,BR1503,3,Kempegowda Bus Station,Mallesh Palya New Bus Stand,52,0,Ordinary Variant,Central
BMTC,314G,Krishnarajendra Market - Byrasandra,BR1502,3,Krishnarajendra Market,Byrasandra,35,0,Ordinary Variant,Central
BMTC,314F,Krishnarajendra Market - Vibhuthipura Samudaya Bhavana,BR1500,3,Krishnarajendra Market,Vibhuthipura Samudaya Bhavana,54,0,Ordinary Variant,Central
BMTC,264A,Kempegowda Bus Station - Kempegowda Bus Station,BR970,3,Kempegowda Bus Station,Kempegowda Bus Station,47,1,Ordinary Variant,Central
BMTC,314T,Kempegowda Bus Station - Basvanagara Bus Station,BR1509,3,Kempegowda Bus Station,Basvanagara Bus Station,48,0,Ordinary Variant,Central
BMTC,314R,Nrupathunga Nagara - C V Ramanagra,BR1508,3,Nrupathunga Nagara,C V Ramanagra,34,0,Ordinary Variant,Other
BMTC,314P,Shivajinagar Bus Station - Jagadeesha nagar,BR1507,3,Shivajinagar Bus Station,Jagadeesha nagar,43,0,Ordinary Variant,Central
BMTC,314N,Shivajinagar Bus Station - Vibhuthipura Samudaya Bhavana,BR1506,3,Shivajinagar Bus Station,Vibhuthipura Samudaya Bhavana,56,0,Ordinary Variant,Central
BMTC,V-500QK,Kadugodi - Manyatha Embasy Business Park,BR4159,3,Kadugodi,Manyatha Embasy Business Park,40,0,Special,East
BMTC,CR-313F,Rampura - KR Puram,BR2939,3,Rampura,KR Puram,18,0,Ordinary Variant,East
BMTC,313A,Krishnarajendra Market - Maragondanahalli,BR1479,3,Krishnarajendra Market,Maragondanahalli,41,0,Ordinary Variant,Central
BMTC,313B,Krishnarajendra Market - Vijanapura,BR1480,3,Krishnarajendra Market,Vijanapura,35,0,Ordinary Variant,Central
BMTC,313C,Krishnarajendra Market - A Narayanapura,BR1481,3,Krishnarajendra Market,A Narayanapura,39,0,Ordinary Variant,Central
BMTC,313D,Krishnarajendra Market - K R Puram,BR1482,3,Krishnarajendra Market,K R Puram,34,0,Ordinary Variant,Central
BMTC,ADT-KBS,Adithi School - Kempegowda Bus Station,BR2598,3,Adithi School,Kempegowda Bus Station,38,0,Special,Central
BMTC,313J,Krishnarajendra Market - Jinke Thimmanahalli,BR1486,3,Krishnarajendra Market,Jinke Thimmanahalli,44,0,Ordinary Variant,Central
BMTC,265E,Kempegowda Bus Station - MATTHAHALLI,BR975,3,Kempegowda Bus Station,MATTHAHALLI,36,0,Ordinary Variant,Central
BMTC,CR-313P,Shanthi Layout - KR Puram,BR2940,3,Shanthi Layout,KR Puram,25,0,Ordinary Variant,East
BMTC,313L,Krishnarajendra Market - Alada Mara Ramamurthy Nagar,BR1488,3,Krishnarajendra Market,Alada Mara Ramamurthy Nagar,52,0,Ordinary Variant,Central
BMTC,CHAKRA-5A,Vijayanagara - Vijayanagara,BR2851,3,Vijayanagara,Vijayanagara,27,1,Ordinary Variant,South
BMTC,313K,Krishnarajendra Market - Ayyappa Nagara,BR1487,3,Krishnarajendra Market,Ayyappa Nagara,39,0,Ordinary Variant,Central
BMTC,313F,Krishnarajendra Market - Rampura,BR1484,3,Krishnarajendra Market,Rampura,32,0,Ordinary Variant,Central
BMTC,265A,Kempegowda Bus Station - Kempegowda Bus Station,BR972,3,Kempegowda Bus Station,Kempegowda Bus Station,47,1,Ordinary Variant,Central
BMTC,313E,Krishnarajendra Market - Kadugodi Bapuji circle,BR1483,3,Krishnarajendra Market,Kadugodi Bapuji circle,47,0,Ordinary Variant,East
BMTC,265B,Kempegowda Bus Station - Thigalara Palya,BR973,3,Kempegowda Bus Station,Thigalara Palya,40,0,Ordinary Variant,Central
BMTC,313G,Krishnarajendra Market - Gayatri Layout,BR1485,3,Krishnarajendra Market,Gayatri Layout,39,0,Ordinary Variant,Central
BMTC,265D,Kempegowda Bus Station - Vigneshwara Nagara,BR974,3,Kempegowda Bus Station,Vigneshwara Nagara,43,0,Ordinary Variant,Central
BMTC,BC-7E,Tumkur Road 8th Mile - Byadarahalli,BR2665,3,Tumkur Road 8th Mile,Byadarahalli,35,0,Ordinary Variant,Other
BMTC,313T,Krishnarajendra Market - Thambuchetty Palya,BR1491,3,Krishnarajendra Market,Thambuchetty Palya,43,0,Ordinary Variant,Central
BMTC,BC-7B,8th Mile - Byadarahalli,BR2664,3,8th Mile,Byadarahalli,23,0,Ordinary Variant,Other
BMTC,313M,Krishnarajendra Market - Parvathi Nagara,BR1489,3,Krishnarajendra Market,Parvathi Nagara,40,0,Ordinary Variant,Central
BMTC,313P,Krishnarajendra Market - Shanthi Layout,BR1490,3,Krishnarajendra Market,Shanthi Layout,39,0,Ordinary Variant,Central
BMTC,KNRBL-JGP,Jaggath Pharma - Kamalanagar BEML layout,BR3636,3,Jaggath Pharma,Kamalanagar BEML layout,40,0,Special,Other
BMTC,399A,Hosakote Bus Stand - Chandapura,BR2150,3,Hosakote Bus Stand,Chandapura,31,0,Ordinary Variant,Other
BMTC,312A,Shivajinagar Bus Station - Maragondanahalli,BR1478,3,Shivajinagar Bus Station,Maragondanahalli,43,0,Ordinary Variant,Central
BMTC,399F,Hosakote Bus Stand - Anekal,BR2154,3,Hosakote Bus Stand,Anekal,27,0,Ordinary Variant,Other
BMTC,399E,Jigani - Chikka Thirupathi,BR2153,3,Jigani,Chikka Thirupathi,26,0,Ordinary Variant,Other
BMTC,399D,Electronic City - Attibele,BR2152,3,Electronic City,Attibele,26,0,Ordinary Variant,Other
BMTC,BC-4A,Jayanagara 4th Block - Yelenahalli,BR2661,3,Jayanagara 4th Block,Yelenahalli,34,0,Ordinary Variant,South
BMTC,399C,Chikka Thirupathi - Anekal,BR2151,3,Chikka Thirupathi,Anekal,26,0,Ordinary Variant,Other
BMTC,CHAKRA-8A,Kundalahalli Gate - Kundalahalli Gate,BR2857,3,Kundalahalli Gate,Kundalahalli Gate,37,1,Ordinary Variant,Other
BMTC,NGM-KMT,Nrutya Grama - Krishnarajendra Market,BR3803,3,Nrutya Grama,Krishnarajendra Market,37,0,Special,Central
BMTC,HAPT-VNS,Heritage Apartment - Vidyaniketan School,BR3370,3,Heritage Apartment,Vidyaniketan School,40,0,Special,Other
BMTC,CR-310E,Kittaganur - KR Puram,BR2938,3,Kittaganur,KR Puram,21,0,Ordinary Variant,East
BMTC,ORRCA-KPC,ORRCA-ECOSPICE - Kenchanapura Cross,BR3843,3,ORRCA-ECOSPICE,Kenchanapura Cross,35,0,Special,Other
BMTC,311C,Shivajinagar Bus Station - Mini TajMahal,BR1472,3,Shivajinagar Bus Station,Mini TajMahal,40,0,Ordinary Variant,Central
BMTC,BPS-KDH,Boopa Sandra - Kodigehalli Yelahanka road,BR2789,3,Boopa Sandra,Kodigehalli Yelahanka road,41,0,Special,North
BMTC,311F,Shivajinagar Bus Station - K R Puram,BR1474,3,Shivajinagar Bus Station,K R Puram,36,0,Ordinary Variant,Central
BMTC,263A,Krishnarajendra Market - Thippenahalli,BR958,3,Krishnarajendra Market,Thippenahalli,38,0,Ordinary Variant,Central
BMTC,311E,Shivajinagar Bus Station - Ayyappa Nagara,BR1473,3,Shivajinagar Bus Station,Ayyappa Nagara,41,0,Ordinary Variant,Central
BMTC,263B,Krishnarajendra Market - Gangondanahalli,BR959,3,Krishnarajendra Market,Gangondanahalli,40,0,Ordinary Variant,Central
BMTC,263C,Kadirenahalli Village - Krishnarajendra Market,BR960,3,Kadirenahalli Village,Krishnarajendra Market,46,0,Ordinary Variant,Central
BMTC,CHAKRA-7A,BANASHANKARI TTMC - BANASHANKARI TTMC,BR2855,3,BANASHANKARI TTMC,BANASHANKARI TTMC,37,1,Ordinary Variant,South
BMTC,263D,Krishnarajendra Market - KRS Gowda Layout,BR961,3,Krishnarajendra Market,KRS Gowda Layout,41,0,Ordinary Variant,Central
BMTC,311J,Shivajinagar Bus Station - Sigehalli,BR1475,3,Shivajinagar Bus Station,Sigehalli,36,0,Ordinary Variant,Central
BMTC,263E,Channa Nayakanapalya - Krishnarajendra Market,BR962,3,Channa Nayakanapalya,Krishnarajendra Market,45,0,Ordinary Variant,Central
BMTC,BPS-BEL,Boopa Sandra - BEL Circle,BR2787,3,Boopa Sandra,BEL Circle,25,0,Special,Other
BMTC,263G,Kempegowda Bus Station - Gangondanahalli,BR963,3,Kempegowda Bus Station,Gangondanahalli,40,0,Ordinary Variant,Central
BMTC,311K,Shivajinagar Bus Station - Kadugodi Bapuji circle,BR1476,3,Shivajinagar Bus Station,Kadugodi Bapuji circle,49,0,Ordinary Variant,East
BMTC,263H,Kempegowda Bus Station - Doddabidarakallu,BR964,3,Kempegowda Bus Station,Doddabidarakallu,41,0,Ordinary Variant,Central
BMTC,263J,Nagasandra - Krishnarajendra Market,BR965,3,Nagasandra,Krishnarajendra Market,35,0,Ordinary Variant,Central
BMTC,263K,Kammasandra - Kempegowda Bus Station,BR966,3,Kammasandra,Kempegowda Bus Station,36,0,Ordinary Variant,Central
BMTC,GDH-INF,Geddala Halli - Infosys,BR3337,3,Geddala Halli,Infosys,23,0,Special,Other
BMTC,CR-342F2,Attibele - Infosys,BR2958,3,Attibele,Infosys,18,0,Ordinary,Other
BMTC,V-225C,Rajarajeshwarinagara BEML Layout - Kempegowda Bus Station,BR4035,3,Rajarajeshwarinagara BEML Layout,Kempegowda Bus Station,57,0,Ordinary Variant,Central
BMTC,318E,Krishnarajendra Market - Thirumenahalli,BR1579,3,Krishnarajendra Market,Thirumenahalli,39,0,Ordinary Variant,Central
BMTC,318A,Krishnarajendra Market - Bommenahalli,BR1578,3,Krishnarajendra Market,Bommenahalli,37,0,Ordinary Variant,Central
BMTC,JPN6-KGR-JGF,JP Nagara 6th Phase - Jaggath Pharma,BR3457,3,JP Nagara 6th Phase,Jaggath Pharma,36,0,Special,South
BMTC,317Z,Krishnarajendra Market - Kaji Hosahalli,BR1576,3,Krishnarajendra Market,Kaji Hosahalli,39,0,Ordinary Variant,Central
BMTC,317Y,Krishnarajendra Market - Govinda Pura,BR1571,3,Krishnarajendra Market,Govinda Pura,37,0,Ordinary Variant,Central
BMTC,WEB-100,White Field - John FW Tech Centre,BR4240,3,White Field,John FW Tech Centre,33,0,Ordinary,Other
BMTC,63E,Hampinagara RPC Layout - Shivajinagar Bus Station,BR2471,3,Hampinagara RPC Layout,Shivajinagar Bus Station,49,0,Ordinary Variant,Central
BMTC,C-201,Kengeri KSRTC Regional Workshop - Sangam Circle,BR2823,3,Kengeri KSRTC Regional Workshop,Sangam Circle,47,0,Ordinary,South
BMTC,HBL-DPT,Hebbala - Dinnur Puspanjali Talkies,BR3374,3,Hebbala,Dinnur Puspanjali Talkies,35,0,Special,North
BMTC,63B,GKW Layout - Shivajinagar Bus Station,BR2470,3,GKW Layout,Shivajinagar Bus Station,37,0,Ordinary Variant,Central
BMTC,PSS-ISL,Peenya 2nd stage - ISRO Layout,BR3891,3,Peenya 2nd stage,ISRO Layout,30,0,Special,North
BMTC,317F,Krishnarajendra Market - Pillagumba,BR1550,3,Krishnarajendra Market,Pillagumba,35,0,Ordinary Variant,Central
BMTC,317E,Krishnarajendra Market - Kumbala Halli,BR1549,3,Krishnarajendra Market,Kumbala Halli,38,0,Ordinary Variant,Central
BMTC,317G,Shivajinagar Bus Station - Hosakote Bus Stand,BR1551,3,Shivajinagar Bus Station,Hosakote Bus Stand,45,0,Ordinary Variant,Central
BMTC,GJH-KBS,Gejjagadahalli - Kempegowda Bus Station,BR3344,3,Gejjagadahalli,Kempegowda Bus Station,39,0,Special,Central
BMTC,317B,Krishnarajendra Market - Kannamangala,BR1546,3,Krishnarajendra Market,Kannamangala,37,0,Ordinary Variant,Central
BMTC,317A,Kempegowda Bus Station - Hosakote Bus Stand,BR1545,3,Kempegowda Bus Station,Hosakote Bus Stand,43,0,Ordinary Variant,Central
BMTC,317D,Krishnarajendra Market - Kannurahalli,BR1548,3,Krishnarajendra Market,Kannurahalli,37,0,Ordinary Variant,Central
BMTC,317C,Krishnarajendra Market - Poojena agrahara,BR1547,3,Krishnarajendra Market,Poojena agrahara,41,0,Ordinary Variant,Central
BMTC,V-226N,Kempegowda Bus Station - Bidadi Bus Stand,BR4040,3,Kempegowda Bus Station,Bidadi Bus Stand,41,0,Ordinary Variant,Central
BMTC,316Y,KR Puram - Devanahalli,BR1543,3,KR Puram,Devanahalli,22,0,Ordinary Variant,East
BMTC,317V,Kempegowda Bus Station - Naduvatti,BR1566,3,Kempegowda Bus Station,Naduvatti,34,0,Ordinary Variant,Central
BMTC,317W,Krishnarajendra Market - Ganagaluru,BR1570,3,Krishnarajendra Market,Ganagaluru,35,0,Ordinary Variant,Central
BMTC,JPNBG-ORRCA,JP Nagar 7th Phase Brigade Gardenia - Outer Ring Road Company Association,BR3460,3,JP Nagar 7th Phase Brigade Gardenia,Outer Ring Road Company Association,73,0,Special,South
BMTC,SNB-BTP,SHANTHI NAGAR BUS STAND - Bagmane Teck Park,BR3962,3,SHANTHI NAGAR BUS STAND,Bagmane Teck Park,43,0,Special,Other
BMTC,225AB,Srinivasapura Colony - Kempegowda Bus Station,BR424,3,Srinivasapura Colony,Kempegowda Bus Station,45,0,Special,Central
BMTC,317Q,Krishnarajendra Market - Nelavagilu,BR1559,3,Krishnarajendra Market,Nelavagilu,35,0,Ordinary Variant,Central
BMTC,317R,Krishnarajendra Market - CHIMANDAHALLI,BR1561,3,Krishnarajendra Market,CHIMANDAHALLI,38,0,Ordinary Variant,Central
BMTC,317S,Krishnarajendra Market - Beguru,BR1562,3,Krishnarajendra Market,Beguru,31,0,Ordinary Variant,Central
BMTC,317T,Krishnarajendra Market - Vaghata,BR1564,3,Krishnarajendra Market,Vaghata,32,0,Ordinary Variant,Central
BMTC,CHAKRA-9A,White Field TTMC - White Field TTMC,BR2859,3,White Field TTMC,White Field TTMC,35,1,Ordinary Variant,Other
BMTC,317M,Krishnarajendra Market - Dasarahalli,BR1555,3,Krishnarajendra Market,Dasarahalli,36,0,Ordinary Variant,Central
BMTC,317N,Krishnarajendra Market - Kamarasanahalli,BR1557,3,Krishnarajendra Market,Kamarasanahalli,40,0,Ordinary Variant,Central
BMTC,317P,Krishnarajendra Market - Kannamangala,BR1558,3,Krishnarajendra Market,Kannamangala,37,0,Ordinary Variant,Central
BMTC,317J,Krishnarajendra Market - Kacharakanahalli,BR1552,3,Krishnarajendra Market,Kacharakanahalli,41,0,Ordinary Variant,Central
BMTC,317K,Krishnarajendra Market - Kurabarahalli,BR1553,3,Krishnarajendra Market,Kurabarahalli,38,0,Ordinary Variant,Central
BMTC,BC-3A,Jigani APC Circle - Bommasandra,BR2659,3,Jigani APC Circle,Bommasandra,31,0,Ordinary Variant,Other
BMTC,317L,Kempegowda Bus Station - Vijayapura,BR1554,3,Kempegowda Bus Station,Vijayapura,35,0,Ordinary Variant,Central
BMTC,BC-3B,Jigani APC Circle - Bommasandra,BR2660,3,Jigani APC Circle,Bommasandra,31,0,Ordinary Variant,Other
BMTC,316C,Krishnarajendra Market - Huskur,BR1528,3,Krishnarajendra Market,Huskur,31,0,Ordinary Variant,Central
BMTC,316B,Kempegowda Bus Station - Budigere,BR1527,3,Kempegowda Bus Station,Budigere,33,0,Ordinary Variant,Central
BMTC,KMT-BLCD,Kailasipalyam - Bellandur Coffee Day,BR3615,3,Kailasipalyam,Bellandur Coffee Day,36,0,Special,Other
BMTC,316A,Krishnarajendra Market - Gangawara,BR1526,3,Krishnarajendra Market,Gangawara,34,0,Ordinary Variant,Central
BMTC,316G,Kempegowda Bus Station - Mandooru,BR1532,3,Kempegowda Bus Station,Mandooru,33,0,Ordinary Variant,Central
BMTC,316F,Kempegowda Bus Station - Chimmasandra,BR1531,3,Kempegowda Bus Station,Chimmasandra,37,0,Ordinary Variant,Central
BMTC,316E,Krishnarajendra Market - Hancharahalli,BR1530,3,Krishnarajendra Market,Hancharahalli,38,0,Ordinary Variant,Central
BMTC,316D,Krishnarajendra Market - Bhattaramarenahalli,BR1529,3,Krishnarajendra Market,Bhattaramarenahalli,44,0,Ordinary Variant,Central
BMTC,KBS-OKLP-MGD2CR,Kempegowda Bus Station - Magadi Road 2nd Cross,BR3551,3,Kempegowda Bus Station,Magadi Road 2nd Cross,46,0,Special,Central
BMTC,KBS-HSS,Kempegowda Bus Station - Head Start School,BR3541,3,Kempegowda Bus Station,Head Start School,42,0,Special,Central
BMTC,316R,Krishnarajendra Market - Bidalapura,BR1539,3,Krishnarajendra Market,Bidalapura,35,0,Ordinary Variant,Central
BMTC,316Q,Krishnarajendra Market - Kaggalahalli,BR1538,3,Krishnarajendra Market,Kaggalahalli,37,0,Ordinary Variant,Central
BMTC,316V,Krishnarajendra Market - Byappana Halli Satallite Bus Station,BR1542,3,Krishnarajendra Market,Byappana Halli Satallite Bus Station,61,0,Ordinary Variant,Central
BMTC,NDH-JFWTC,Nagadevanahalli Kengeri - JFWTC,BR3798,3,Nagadevanahalli Kengeri,JFWTC,31,0,Special,South
BMTC,316T,Krishnarajendra Market - Somathanahalli,BR1540,3,Krishnarajendra Market,Somathanahalli,39,0,Ordinary Variant,Central
BMTC,316U,Krishnarajendra Market - Nallur,BR1541,3,Krishnarajendra Market,Nallur,31,0,Ordinary Variant,Central
BMTC,316J,Krishnarajendra Market - Kattugollahalli,BR1533,3,Krishnarajendra Market,Kattugollahalli,40,0,Ordinary Variant,Central
BMTC,BMEU-BMT10,BM English School Ulsoor - Depot 10,BR2696,3,BM English School Ulsoor,Depot 10,35,0,Ordinary,Other
BMTC,316K,Krishnarajendra Market - Kaggalahalli,BR1534,3,Krishnarajendra Market,Kaggalahalli,37,0,Ordinary Variant,Central
BMTC,65B,Basaveshwara Nagara - BANASHANKARI TTMC,BR2474,3,Basaveshwara Nagara,BANASHANKARI TTMC,39,0,Ordinary Variant,South
BMTC,316N,Krishnarajendra Market - Handrahalli,BR1537,3,Krishnarajendra Market,Handrahalli,36,0,Ordinary Variant,West
BMTC,316L,Krishnarajendra Market - Chimmasandra,BR1535,3,Krishnarajendra Market,Chimmasandra,37,0,Ordinary Variant,Central
BMTC,316M,Kempegowda Bus Station - Singahalli,BR1536,3,Kempegowda Bus Station,Singahalli,35,0,Ordinary Variant,Central
BMTC,BSN-CVN,Basaveshwara Nagara - Cauvery Nagara,BR2803,3,Basaveshwara Nagara,Cauvery Nagara,36,0,Special,Other
BMTC,315D,Kempegowda Bus Station - Kalkere,BR1513,3,Kempegowda Bus Station,Kalkere,32,0,Ordinary Variant,Central
BMTC,315C,Kempegowda Bus Station - Krishnaiahnapalya/S.Nagara,BR1512,3,Kempegowda Bus Station,Krishnaiahnapalya/S.Nagara,51,0,Ordinary Variant,Central
BMTC,315F,Kempegowda Bus Station - Sigehalli,BR1516,3,Kempegowda Bus Station,Sigehalli,34,0,Ordinary Variant,Central
BMTC,315E,Kempegowda Bus Station - Sadaramangala,BR1515,3,Kempegowda Bus Station,Sadaramangala,38,0,Ordinary Variant,Central
BMTC,PPBS-ORRCA,Papareddy Palya Bus Stand - ORRCA-ECOSPICE,BR3888,3,Papareddy Palya Bus Stand,ORRCA-ECOSPICE,42,0,Special,Other
BMTC,253HA,Krishnarajendra Market - Mallohalli Palya,BR842,3,Krishnarajendra Market,Mallohalli Palya,41,0,Special,Central
BMTC,314X,Kempegowda Bus Station - Abbaiah Layout,BR1510,3,Kempegowda Bus Station,Abbaiah Layout,39,0,Ordinary Variant,Central
BMTC,253HC,Krishnarajendra Market - Hadripura,BR843,3,Krishnarajendra Market,Hadripura,34,0,Special,Central
BMTC,BC-12,KR Puram - Geddala Halli,BR2656,3,KR Puram,Geddala Halli,24,0,Ordinary,East
BMTC,253HE,Yeshwanthpur TTMC - Hesaraghatta Village,BR844,3,Yeshwanthpur TTMC,Hesaraghatta Village,40,0,Special,West
BMTC,VNC-MTNT,Vinayakanagara Cross D-43 - Muthyalaya Nagar,BR4208,3,Vinayakanagara Cross D-43,Muthyalaya Nagar,44,0,Special,Other
BMTC,315P,Kempegowda Bus Station - Shanthi Layout,BR1521,3,Kempegowda Bus Station,Shanthi Layout,39,0,Ordinary Variant,Central
BMTC,KBS-KRSL,Kempegowda Bus Station - KRS Gowda Layout,BR3547,3,Kempegowda Bus Station,KRS Gowda Layout,41,0,Special,Central
BMTC,315T,Kempegowda Bus Station - Kittaganur,BR1522,3,Kempegowda Bus Station,Kittaganur,35,0,Ordinary Variant,Central
BMTC,315U,Kempegowda Bus Station - Alada Mara Ramamurthy Nagar,BR1523,3,Kempegowda Bus Station,Alada Mara Ramamurthy Nagar,52,0,Ordinary Variant,Central
BMTC,315V,Kempegowda Bus Station - Kadugodi Bapuji circle,BR1524,3,Kempegowda Bus Station,Kadugodi Bapuji circle,47,0,Ordinary Variant,East
BMTC,315H,Kempegowda Bus Station - Mini TajMahal,BR1517,3,Kempegowda Bus Station,Mini TajMahal,38,0,Ordinary Variant,Central
BMTC,315J,Kempegowda Bus Station - Rampura,BR1518,3,Kempegowda Bus Station,Rampura,32,0,Ordinary Variant,Central
BMTC,315K,Kempegowda Bus Station - K R Puram,BR1519,3,Kempegowda Bus Station,K R Puram,34,0,Ordinary Variant,Central
BMTC,BC-1A,Maratahalli Bridge - Wipro gate,BR2657,3,Maratahalli Bridge,Wipro gate,31,0,Ordinary Variant,Other
BMTC,315L,Kempegowda Bus Station - Alada Mara Ramamurthy Nagar,BR1520,3,Kempegowda Bus Station,Alada Mara Ramamurthy Nagar,52,0,Ordinary Variant,Central
BMTC,BMT-13-BSK,BMTC Depot-13 - Banashankari Bus Station,BR2701,3,BMTC Depot-13,Banashankari Bus Station,40,0,Special,South
BMTC,JPV-80A,Kempegowda Bus Station - Nandhini Layout Bus Station,BR3501,3,Kempegowda Bus Station,Nandhini Layout Bus Station,52,0,Ordinary Variant,Central
BMTC,252PS,Kempegowda Bus Station - Peenya Satellite Bus Station,BR829,3,Kempegowda Bus Station,Peenya Satellite Bus Station,53,0,Special,North
BMTC,SGH-ORRCA,Singanayakanahalli - ORRCA-ECOSPICE,BR3948,3,Singanayakanahalli,ORRCA-ECOSPICE,35,0,Special,Other
BMTC,MEBP-SPGC,Manyatha Embasy Business Park - Sapthagiri College Chikka Banawara,BR3718,3,Manyatha Embasy Business Park,Sapthagiri College Chikka Banawara,66,0,Special,Other
BMTC,108B,Ganga Nagara - Kempegowda Bus Station,BR9,3,Ganga Nagara,Kempegowda Bus Station,37,0,Ordinary Variant,Central
BMTC,VVK-BSK,Vivekanagara - Banashankari Bus Station,BR4237,3,Vivekanagara,Banashankari Bus Station,39,0,Special,South
BMTC,KSLPS-JHBCS,Kumaraswamy Layout Police Station - JHBCS Cross,BR3657,3,Kumaraswamy Layout Police Station,JHBCS Cross,47,0,Special,Other
BMTC,289CA,Yelahanka - Hoovinayakanahalli,BR1196,3,Yelahanka,Hoovinayakanahalli,30,0,Special,North
BMTC,252RA,Kempegowda Bus Station - Annapurna Nagara,BR831,3,Kempegowda Bus Station,Annapurna Nagara,41,0,Special,Central
BMTC,V-507,Peenya 2nd stage - KR Puram,BR4166,3,Peenya 2nd stage,KR Puram,27,0,Ordinary,North
BMTC,GTG-BSN,Gottigere - BASAVESHWARA NAGARA,BR3353,3,Gottigere,BASAVESHWARA NAGARA,31,0,Special,Other
BMTC,V-505,Electronic City Wipro Gate - ITPL,BR4164,3,Electronic City Wipro Gate,ITPL,33,0,Ordinary,East
BMTC,CVR-ORRCA,C V Ramanagra - Outer Ring Road Company Association,BR3201,3,C V Ramanagra,Outer Ring Road Company Association,51,0,Special,Other
BMTC,KBS-TPH,Kempegowda Bus Station - Thippenahalli,BR3562,3,Kempegowda Bus Station,Thippenahalli,38,0,Special,Central
BMTC,107C,Shivajinagar Bus Station - R T NAGARA,BR7,3,Shivajinagar Bus Station,R T NAGARA,37,0,Ordinary Variant,Central
BMTC,NBVB-SNBS,Nagarabhavi BDA Complex - Shanthinagar TTMC,BR3793,3,Nagarabhavi BDA Complex,Shanthinagar TTMC,43,0,Special,Other
BMTC,PK-402D,Kempegowda Bus Station - Yelahanka Satelite Town 5th Phase,BR3877,3,Kempegowda Bus Station,Yelahanka Satelite Town 5th Phase,58,0,Ordinary Variant,North
BMTC,319K,Nandini Layout - Kadugodi,BR1588,3,Nandini Layout,Kadugodi,25,0,Ordinary Variant,East
BMTC,VVK-ORRCA,Vivekanagara - Outer Ring Road Company Association,BR4238,3,Vivekanagara,Outer Ring Road Company Association,50,0,Special,Other
BMTC,319B,Krishnarajendra Market - Chikka Banahalli,BR1581,3,Krishnarajendra Market,Chikka Banahalli,41,0,Ordinary Variant,Central
BMTC,258Y,Mallara Banavadi - Krishnarajendra Market,BR939,3,Mallara Banavadi,Krishnarajendra Market,41,0,Ordinary Variant,Central
BMTC,258X,Nelamangala - Muthyalaya Nagar,BR938,3,Nelamangala,Muthyalaya Nagar,30,0,Ordinary Variant,Other
BMTC,CS-215CA,Jayanagara Bus Stand - Jambusavari dinne,BR3104,3,Jayanagara Bus Stand,Jambusavari dinne,40,0,Special,South
BMTC,258W,Jodi Ragi Thimmasandra - Kempegowda Bus Station,BR936,3,Jodi Ragi Thimmasandra,Kempegowda Bus Station,47,0,Ordinary Variant,Central
BMTC,258V,Goravanahalli - Krishnarajendra Market,BR929,3,Goravanahalli,Krishnarajendra Market,38,0,Ordinary Variant,Central
BMTC,258U,Gorinabele - Krishnarajendra Market,BR928,3,Gorinabele,Krishnarajendra Market,35,0,Ordinary Variant,Central
BMTC,CGLH-IDPL,Chikkagollarahatti - Indian Design Pvt Ltd,BR2839,3,Chikkagollarahatti,Indian Design Pvt Ltd,42,0,Special,Other
BMTC,V-VPR-ANTG,Vidyaranyapura - Anantapura Gate,BR4189,3,Vidyaranyapura,Anantapura Gate,32,0,Special,North
BMTC,319J,Krishnarajendra Market - Dinnur,BR1587,3,Krishnarajendra Market,Dinnur,31,0,Ordinary Variant,Central
BMTC,319G,Kempegowda Bus Station - Ambedkar nagara,BR1586,3,Kempegowda Bus Station,Ambedkar nagara,40,0,Ordinary Variant,Central
BMTC,259B,Doddabidarakallu - Kempegowda Bus Station,BR942,3,Doddabidarakallu,Kempegowda Bus Station,41,0,Ordinary Variant,Central
BMTC,259A,KRS Gowda Layout - Shivajinagar Bus Station,BR941,3,KRS Gowda Layout,Shivajinagar Bus Station,43,0,Ordinary Variant,Central
BMTC,319E,Halasuru - Hope Form,BR1584,3,Halasuru,Hope Form,20,0,Ordinary Variant,Other
BMTC,319F,Kempegowda Bus Station - Pattandur Agrahara,BR1585,3,Kempegowda Bus Station,Pattandur Agrahara,43,0,Ordinary Variant,Central
BMTC,319C,Kempegowda Bus Station - Kadugodi,BR1582,3,Kempegowda Bus Station,Kadugodi,33,0,Ordinary Variant,East
BMTC,BMT14-CHM,BMT14 - Chitrapura Mutt Malleshwaram,BR2733,3,BMT14,Chitrapura Mutt Malleshwaram,36,0,Special,West
BMTC,YBS-PTH,Yeshawanthapura TTMC - Puttenahalli Yelhanka,BR4252,3,Yeshawanthapura TTMC,Puttenahalli Yelhanka,44,0,Special,Other
BMTC,289AB,Yelahanka - Byala Halli,BR1193,3,Yelahanka,Byala Halli,23,0,Special,North
BMTC,258J,Krishnarajendra Market - Srinivaspura,BR909,3,Krishnarajendra Market,Srinivaspura,37,0,Ordinary Variant,Central
BMTC,258K,Yentaganahalli - Krishnarajendra Market,BR910,3,Yentaganahalli,Krishnarajendra Market,39,0,Ordinary Variant,Central
BMTC,V-505A,CV Raman Nagara - Electronic City Wipro Gate,BR4165,3,CV Raman Nagara,Electronic City Wipro Gate,44,0,Ordinary Variant,Other
BMTC,258E,Mylanahalli - Krishnarajendra Market,BR905,3,Mylanahalli,Krishnarajendra Market,36,0,Ordinary Variant,Central
BMTC,258F,Shivanapura - Kempegowda Bus Station,BR906,3,Shivanapura,Kempegowda Bus Station,36,0,Ordinary Variant,Central
BMTC,258G,Guruvanahalli - Krishnarajendra Market,BR907,3,Guruvanahalli,Krishnarajendra Market,38,0,Ordinary Variant,Central
BMTC,258Q,Hunnigere - Krishnarajendra Market,BR916,3,Hunnigere,Krishnarajendra Market,34,0,Ordinary Variant,Central
BMTC,258R,Honnasandra - Krishnarajendra Market,BR918,3,Honnasandra,Krishnarajendra Market,36,0,Ordinary Variant,Central
BMTC,SNH-DSG,Sonnenahalli Bridge - Designers Suits,BR3965,3,Sonnenahalli Bridge,Designers Suits,37,0,Special,Other
BMTC,258S,Ramadevanahalli - Krishnarajendra Market,BR919,3,Ramadevanahalli,Krishnarajendra Market,40,0,Ordinary Variant,Central
BMTC,258T,Kannamangala - Kempegowda Bus Station,BR923,3,Kannamangala,Kempegowda Bus Station,37,0,Ordinary Variant,Central
BMTC,258M,Thyamagondlu - Krishnarajendra Market,BR912,3,Thyamagondlu,Krishnarajendra Market,37,0,Ordinary Variant,Central
BMTC,258N,Nelamangala - Shivajinagar Bus Station,BR914,3,Nelamangala,Shivajinagar Bus Station,38,0,Ordinary Variant,Central
BMTC,258P,Kanegowdanahalli - Krishnarajendra Market,BR915,3,Kanegowdanahalli,Krishnarajendra Market,41,0,Ordinary Variant,Central
BMTC,BMT43-AND,Depot 43 - Adarsha Nagara,BR2769,3,Depot 43,Adarsha Nagara,25,0,Special,Other
BMTC,PK-108B,Kempegowda Bus Station - Ganga Nagara,BR3855,3,Kempegowda Bus Station,Ganga Nagara,37,0,Ordinary Variant,Central
BMTC,CR-306E,Narayankere - Ganjoor,BR2934,3,Narayankere,Ganjoor,21,0,Ordinary Variant,Other
BMTC,SBS-OASIS,Shivajinagar Bus Station - Oasis School,BR3935,3,Shivajinagar Bus Station,Oasis School,39,0,Special,Central
BMTC,258B,Nelamangala - Kempegowda Bus Station,BR900,3,Nelamangala,Kempegowda Bus Station,36,0,Ordinary Variant,Central
BMTC,V-2,Kempegowda Bus Station - JP Nagar 6th Phase,BR4029,3,Kempegowda Bus Station,JP Nagar 6th Phase,43,0,Ordinary,South
BMTC,258A,Machanayakanahalli - Krishnarajendra Market,BR898,3,Machanayakanahalli,Krishnarajendra Market,43,0,Ordinary Variant,Central
BMTC,258C,Nelamangala - Kempegowda Bus Station,BR902,3,Nelamangala,Kempegowda Bus Station,36,0,Ordinary Variant,Central
BMTC,V-600NL,Vijayanagara TTMC - Electronic City Wipro Gate,BR4174,3,Vijayanagara TTMC,Electronic City Wipro Gate,46,0,Special,South
BMTC,105A,RM Guttahalli - Brudavana Nagara Jinke vana,BR6,3,RM Guttahalli,Brudavana Nagara Jinke vana,43,0,Ordinary Variant,Other
BMTC,PK-100E,Sadhashivanagar - BTM Layout,BR3854,3,Sadhashivanagar,BTM Layout,28,0,Ordinary Variant,Other
BMTC,NLO-VSD,Nandhini Layout Bus Station - Vidhana Soudha,BR3825,3,Nandhini Layout Bus Station,Vidhana Soudha,44,0,Special,Other
BMTC,BMT-YSTF,Depot 30 - Yelahanka Satelite Town 5th Phase,BR2708,3,Depot 30,Yelahanka Satelite Town 5th Phase,44,0,Special,North
BMTC,257G,Adakimaranahalli - Kempegowda Bus Station,BR895,3,Adakimaranahalli,Kempegowda Bus Station,41,0,Ordinary Variant,Central
BMTC,257E,Aluru Palya - Kempegowda Bus Station,BR894,3,Aluru Palya,Kempegowda Bus Station,36,0,Ordinary Variant,Central
BMTC,257D,Kudhurgere Madhanayakanahalli - Krishnarajendra Market,BR893,3,Kudhurgere Madhanayakanahalli,Krishnarajendra Market,54,0,Ordinary Variant,Central
BMTC,257H,Aluru - Shivajinagar Bus Station,BR896,3,Aluru,Shivajinagar Bus Station,32,0,Ordinary Variant,Central
BMTC,257B,Madavara - Krishnarajendra Market,BR891,3,Madavara,Krishnarajendra Market,33,0,Ordinary Variant,Central
BMTC,257C,Anche Palya - Kempegowda Bus Station,BR892,3,Anche Palya,Kempegowda Bus Station,36,0,Ordinary Variant,Central
BMTC,257A,Haro Kyatanahalli - Krishnarajendra Market,BR890,3,Haro Kyatanahalli,Krishnarajendra Market,42,0,Ordinary Variant,Central
BMTC,V-600KB,Vijayanagara TTMC - Electronic City Wipro Gate,BR4171,3,Vijayanagara TTMC,Electronic City Wipro Gate,46,0,Special,South
BMTC,MRN-YBS,Maruthi Nagara Kannur Road - Yeshwanthpur TTMC,BR3772,3,Maruthi Nagara Kannur Road,Yeshwanthpur TTMC,46,0,Special,West
BMTC,V-600KC,Nagarabhavi BDA Complex - Electronic City Wipro Gate,BR4172,3,Nagarabhavi BDA Complex,Electronic City Wipro Gate,52,0,Special,Other
BMTC,V-378CS,Attibele - Gottigere,BR4113,3,Attibele,Gottigere,20,0,Special,Other
BMTC,Depot22-GRH,Depot 22 - Guruvanahalli,BR3271,3,Depot 22,Guruvanahalli,24,0,Special,Other
BMTC,256K,Adarsha Nagara - Kempegowda Bus Station,BR885,3,Adarsha Nagara,Kempegowda Bus Station,39,0,Ordinary Variant,Central
BMTC,256M,Marikuppe - Krishnarajendra Market,BR886,3,Marikuppe,Krishnarajendra Market,34,0,Ordinary Variant,Central
BMTC,PPLO-BMT13,Poornapragna Layout - Depot-13-BS,BR3889,3,Poornapragna Layout,Depot-13-BS,33,0,Ordinary,Other
BMTC,CR201,Banashankari Bus Station - Mind Tree,BR3037,3,Banashankari Bus Station,Mind Tree,36,0,Ordinary,South
BMTC,256D,Kittanahalli - Krishnarajendra Market,BR882,3,Kittanahalli,Krishnarajendra Market,37,0,Ordinary Variant,Central
BMTC,256C,Thippenahalli Anjaneya Temple - Kempegowda Bus Station,BR881,3,Thippenahalli Anjaneya Temple,Kempegowda Bus Station,54,0,Ordinary Variant,Central
BMTC,BTP-BMT33,BAGMANE TECH PARK - Depot-33,BR2808,3,BAGMANE TECH PARK,Depot-33,28,0,Ordinary,Other
BMTC,256F,Nelamangala - Laggere,BR883,3,Nelamangala,Laggere,21,0,Ordinary Variant,Other
BMTC,D21-KGR,BMTC Depot-21 - Kengeri TTMC,BR3223,3,BMTC Depot-21,Kengeri TTMC,28,0,Special,South
BMTC,256G,Kempegowda Bus Station - Gowdahalli,BR884,3,Kempegowda Bus Station,Gowdahalli,35,0,Ordinary Variant,Central
BMTC,V-502G,Yeshwanthpura TTMC - ITPL,BR4161,3,Yeshwanthpura TTMC,ITPL,25,0,Ordinary Variant,East
BMTC,256B,Gejjagadahalli - Krishnarajendra Market,BR880,3,Gejjagadahalli,Krishnarajendra Market,39,0,Ordinary Variant,Central
BMTC,V-502H,Kengeri TTMC - Chikkabanawara,BR4163,3,Kengeri TTMC,Chikkabanawara,29,0,Ordinary Variant,South
BMTC,255N,Kengeri TTMC - Narasipura,BR878,3,Kengeri TTMC,Narasipura,25,0,Ordinary Variant,South
BMTC,255M,Yeshwanthpura TTMC - Yeshwanthpura,BR877,3,Yeshwanthpura TTMC,Yeshwanthpura,34,0,Ordinary Variant,West
BMTC,PK-360F,Jayanagara 4th Block - Yeshwanthpura TTMC,BR3874,3,Jayanagara 4th Block,Yeshwanthpura TTMC,41,0,Ordinary Variant,South
BMTC,255L,Yeshwanthpura TTMC - Yeshwanthpura,BR876,3,Yeshwanthpura TTMC,Yeshwanthpura,34,0,Ordinary Variant,West
BMTC,255K,Nelamangala - Shivajinagar Bus Station,BR874,3,Nelamangala,Shivajinagar Bus Station,38,0,Ordinary Variant,Central
BMTC,255J,Honnasandra - Krishnarajendra Market,BR873,3,Honnasandra,Krishnarajendra Market,36,0,Ordinary Variant,Central
BMTC,255H,Govinda Pura - Krishnarajendra Market,BR872,3,Govinda Pura,Krishnarajendra Market,37,0,Ordinary Variant,Central
BMTC,255G,Betthanagere - Krishnarajendra Market,BR871,3,Betthanagere,Krishnarajendra Market,37,0,Ordinary Variant,Central
BMTC,255F,Bylanjaneya Temple - Krishnarajendra Market,BR870,3,Bylanjaneya Temple,Krishnarajendra Market,43,0,Ordinary Variant,Central
BMTC,255E,Narasipura - Krishnarajendra Market,BR869,3,Narasipura,Krishnarajendra Market,35,0,Ordinary Variant,Central
BMTC,255D,Huskur Village - Kempegowda Bus Station,BR868,3,Huskur Village,Kempegowda Bus Station,39,0,Ordinary Variant,Central
BMTC,CS-319C,Kempegowda Bus Station - Kadugodi,BR3139,3,Kempegowda Bus Station,Kadugodi,33,0,Ordinary Variant,East
BMTC,255C,Pillahalli - Krishnarajendra Market,BR867,3,Pillahalli,Krishnarajendra Market,35,0,Ordinary Variant,Central
BMTC,255B,Nagaroor - Krishnarajendra Market,BR866,3,Nagaroor,Krishnarajendra Market,33,0,Ordinary Variant,Central
BMTC,255A,Huskur Village - Krishnarajendra Market,BR863,3,Huskur Village,Krishnarajendra Market,39,0,Ordinary Variant,Central
BMTC,ITPL-HUSG,ITPL - Huskur Gate,BR3423,3,ITPL,Huskur Gate,18,0,Special,East
BMTC,WGB-JFWTC,Wilson Garden Police Station - JFWTC,BR4244,3,Wilson Garden Police Station,JFWTC,36,0,Special,Other
BMTC,V-500P,Chikkallasandra Bus Stand - ITPL,BR4158,3,Chikkallasandra Bus Stand,ITPL,32,0,Ordinary Variant,East
BMTC,ANJP-ISROL,Anjanapura - ISRO Layout,BR2623,3,Anjanapura,ISRO Layout,24,0,Special,Other
BMTC,KBR-CHSC,Kaval Byrasandra - Christel House Learning School,BR3514,3,Kaval Byrasandra,Christel House Learning School,49,0,Special,Other
BMTC,254E,Krishnarajendra Market - Kempapura,BR861,3,Krishnarajendra Market,Kempapura,34,0,Ordinary Variant,Central
BMTC,V-500W,ISRO Layout - SAP ITPL,BR4160,3,ISRO Layout,SAP ITPL,22,0,Ordinary Variant,East
BMTC,254B,Krishnarajendra Market - Kumbarahalli,BR858,3,Krishnarajendra Market,Kumbarahalli,37,0,Ordinary Variant,Central
BMTC,254A,Krishnarajendra Market - Kasghattapura,BR857,3,Krishnarajendra Market,Kasghattapura,38,0,Ordinary Variant,Central
BMTC,254D,Krishnarajendra Market - Kempapura,BR860,3,Krishnarajendra Market,Kempapura,34,0,Ordinary Variant,Central
BMTC,PTH-ITI,Puttenahalli Yelhanka - ITI Circle KRPuram,BR3894,3,Puttenahalli Yelhanka,ITI Circle KRPuram,42,0,Special,Other
BMTC,KRR-CLO,Kamaraj Road - Chandra Layout,BR3651,3,Kamaraj Road,Chandra Layout,29,0,Special,Other
BMTC,254C,Krishnarajendra Market - Kalathammanahalli,BR859,3,Krishnarajendra Market,Kalathammanahalli,42,0,Ordinary Variant,Central
BMTC,CR1-500K,Vijayanagara TTMC - Kalyani Magnum JP Nagara,BR3033,3,Vijayanagara TTMC,Kalyani Magnum JP Nagara,44,0,Ordinary Variant,South
BMTC,V-500A,BANASHANKARI TTMC - Hebbala,BR4126,3,BANASHANKARI TTMC,Hebbala,27,0,Ordinary Variant,North
BMTC,HTPN-SBS,H Tippunagar - Shivajinagar Bus Station,BR3406,3,H Tippunagar,Shivajinagar Bus Station,39,0,Special,Central
BMTC,V-500D,Hebbala Bridge - Central Silk Board,BR4137,3,Hebbala Bridge,Central Silk Board,35,0,Ordinary Variant,North
BMTC,BMT14-BVNR,Depot 14 - Bhuvaneshwari Nagara,BR2732,3,Depot 14,Bhuvaneshwari Nagara,31,0,Special,Other
BMTC,V-500E,Hebbala Bridge - Electronic City Wipro Gate,BR4148,3,Hebbala Bridge,Electronic City Wipro Gate,43,0,Ordinary Variant,North
BMTC,253T,Shivajinagar Bus Station - Kanasawadi Madhure Temple,BR853,3,Shivajinagar Bus Station,Kanasawadi Madhure Temple,52,0,Ordinary Variant,Central
BMTC,253V,Kempegowda Bus Station - Totagere,BR854,3,Kempegowda Bus Station,Totagere,33,0,Ordinary Variant,Central
BMTC,253W,Krishnarajendra Market - Thammarasanahalli,BR855,3,Krishnarajendra Market,Thammarasanahalli,42,0,Ordinary Variant,Central
BMTC,YLK-CAPG,Yelahanka - CAP GEMINI,BR4259,3,Yelahanka,CAP GEMINI,22,0,Special,North
BMTC,253P,Krishnarajendra Market - Hosahalli Palya,BR850,3,Krishnarajendra Market,Hosahalli Palya,40,0,Ordinary Variant,Central
BMTC,253Q,Kempegowda Bus Station - Chikka Kukkanahalli,BR851,3,Kempegowda Bus Station,Chikka Kukkanahalli,44,0,Ordinary Variant,Central
BMTC,253R,Kempegowda Bus Station - Gopalapura,BR852,3,Kempegowda Bus Station,Gopalapura,35,0,Ordinary Variant,Central
BMTC,V-500K,Vijayanagara - ITPL,BR4149,3,Vijayanagara,ITPL,19,0,Ordinary Variant,South
BMTC,BLC-ADT,Bangalore Club Gate - Adithi School,BR2691,3,Bangalore Club Gate,Adithi School,35,0,Special,Other
BMTC,CR96G,Chennamma kere Achukattu - Kumarans School Mallasandra,BR3063,3,Chennamma kere Achukattu,Kumarans School Mallasandra,54,0,Ordinary Variant,Other
BMTC,VSD-SMS,Vidhana Soudha - Show Mall,BR4234,3,Vidhana Soudha,Show Mall,26,0,Special,Other
BMTC,KGR-ITPL,Kengeri TTMC - ITPL,BR3581,3,Kengeri TTMC,ITPL,19,0,Special,South
BMTC,YLKP-CAPG,Yelahanka NES - CAP GEMINI,BR4260,3,Yelahanka NES,CAP GEMINI,26,0,Special,North
BMTC,289LA,Yelahanka Old Town - Hosakote Bus Stand,BR1203,3,Yelahanka Old Town,Hosakote Bus Stand,39,0,Special,North
BMTC,DPT-JFWTC,Dinnur Puspanjali Talkies - JFWTC,BR3290,3,Dinnur Puspanjali Talkies,JFWTC,33,0,Special,Other
BMTC,GGBS-CVR,Gottigere - C V Ramanagra,BR3341,3,Gottigere,C V Ramanagra,25,0,Special,Other
BMTC,ATB-DMLR,Attibele - Domlur TTMC Bus Stand,BR2647,3,Attibele,Domlur TTMC Bus Stand,32,0,Special,Other
BMTC,100E,Sadhashivanagar - BTM Layout,BR4,3,Sadhashivanagar,BTM Layout,28,0,Ordinary Variant,Other
BMTC,MGH-BDA-KTP,Manganahalli - Summanahalli Magadi Road,BR3734,3,Manganahalli,Summanahalli Magadi Road,39,0,Special,Other
BMTC,KBS-9DH,Devanahalli - Kempegowda Bus Station,BR3525,3,Devanahalli,Kempegowda Bus Station,36,0,Special,Central
BMTC,PK-210T,Central Silk Board - Kadugodi,BR3863,3,Central Silk Board,Kadugodi,29,0,Ordinary Variant,East
BMTC,296EA,Shivajinagar Bus Station - Yelahanka Satelite Town 4th Phase,BR1294,3,Shivajinagar Bus Station,Yelahanka Satelite Town 4th Phase,60,0,Special,North
BMTC,CHM-MTR,Chitrapura Mutt Malleshwaram - Mind Tree,BR2862,3,Chitrapura Mutt Malleshwaram,Mind Tree,40,0,Special,West
BMTC,JVR-VNS,Jalavayu Vihara - Vidyaniketan School,BR3502,3,Jalavayu Vihara,Vidyaniketan School,37,0,Special,Other
BMTC,MGD-KMT,Magadi - Krishnarajendra Market,BR3733,3,Magadi,Krishnarajendra Market,31,0,Special,Central
BMTC,v-365P,Kempegowda Bus Station - Anekal Bus Stand,BR4107,3,Kempegowda Bus Station,Anekal Bus Stand,41,0,Ordinary Variant,Central
BMTC,SINDI-KBS,Sindhi High School - Kempegowda Bus Station,BR3953,3,Sindhi High School,Kempegowda Bus Station,43,0,Special,Central
BMTC,CR-381E,KR Market - Kambalipura,BR2986,3,KR Market,Kambalipura,23,0,Ordinary Variant,Central
BMTC,213FA,Krishnarajendra Market - Bannigiri,BR294,3,Krishnarajendra Market,Bannigiri,34,0,Special,Central
BMTC,RPCL-KMT,Hampinagara RPC Layout - Krishnarajendra Market,BR3908,3,Hampinagara RPC Layout,Krishnarajendra Market,47,0,Special,Central
BMTC,BMTC-BNWPB,Shanthinagar TTMC - Banasawadi Petrol Bunk,BR2774,3,Shanthinagar TTMC,Banasawadi Petrol Bunk,42,0,Special,Other
BMTC,CR215,Banashankari Bus Station - KM SCHOOL,BR3042,3,Banashankari Bus Station,KM SCHOOL,36,0,Ordinary,South
BMTC,CR213,GPO - Gundanjaneya Swamy Temple,BR3041,3,GPO,Gundanjaneya Swamy Temple,31,0,Ordinary,Other
BMTC,CR210,Depot 33 - Anjanapura,BR3039,3,Depot 33,Anjanapura,21,0,Ordinary,Other
BMTC,CS-252G,Kempegowda Bus Station - Byadarahalli,BR3115,3,Kempegowda Bus Station,Byadarahalli,37,0,Ordinary Variant,Central
BMTC,315DN,Kempegowda Bus Station - NRI Layout,BR1514,3,Kempegowda Bus Station,NRI Layout,35,0,Special,Central
BMTC,APN-VSD,Annapoorneshwari Nagara - Vidhana Soudha,BR2625,3,Annapoorneshwari Nagara,Vidhana Soudha,40,0,Special,Other
BMTC,CBS-ODC,Chikkalasandra Bus Stand - Out Door Clothing Company,BR2833,3,Chikkalasandra Bus Stand,Out Door Clothing Company,52,0,Special,Other
BMTC,ADK-VNC,Adakimaranahalli - Vinayakanagara Cross D-43,BR2593,3,Adakimaranahalli,Vinayakanagara Cross D-43,44,0,Special,Other
BMTC,KBS-IFC,Innovative Film city - Kempegowda Bus Station,BR3542,3,Innovative Film city,Kempegowda Bus Station,45,0,Special,Central
BMTC,213DC,Krishnarajendra Market - Kempaiahanapalya,BR291,3,Krishnarajendra Market,Kempaiahanapalya,41,0,Special,Central
BMTC,SBS-HSH,Shivajinagar Bus Station - Hosahally,BR3933,3,Shivajinagar Bus Station,Hosahally,36,0,Special,Central
BMTC,213DB,Krishnarajendra Market - Arasu Colony,BR290,3,Krishnarajendra Market,Arasu Colony,37,0,Special,Central
BMTC,213DA,Krishnarajendra Market - Byramangala,BR289,3,Krishnarajendra Market,Byramangala,36,0,Special,Central
BMTC,ITPL-BTP,ITPL - BAGMANE TECH PARK,BR3422,3,ITPL,BAGMANE TECH PARK,24,0,Special,East
BMTC,SHS-YST,Sophiya School - Yelahanka Satelite Town,BR3951,3,Sophiya School,Yelahanka Satelite Town,40,0,Special,North
BMTC,SBS-HSS,Shivajinagar Bus Station - Head Start School Gate,BR3934,3,Shivajinagar Bus Station,Head Start School Gate,49,0,Special,Central
BMTC,HBL-GGP,Hebbala - Goragunte Palya,BR3375,3,Hebbala,Goragunte Palya,25,0,Special,North
BMTC,DKN-D25,Dodda Kannalli - DEPOT-25 HSR Layout,BR3284,3,Dodda Kannalli,DEPOT-25 HSR Layout,36,0,Ordinary,Other
BMTC,JPN6-ATB,JP Nagar 6th Phase - Attibele,BR3456,3,JP Nagar 6th Phase,Attibele,29,0,Special,South
BMTC,Depot30-YSTF,Depot 30 - Yelahanka Satelite Town 5th Phase,BR3277,3,Depot 30,Yelahanka Satelite Town 5th Phase,44,0,Special,North
BMTC,304MC,Maratahalli Bridge - Chikka Tirupathi,BR1402,3,Maratahalli Bridge,Chikka Tirupathi,37,0,Special,Other
BMTC,298MSSS,Devanahalli - Bidaluru,BR1326,3,Devanahalli,Bidaluru,22,0,Special,Other
BMTC,HMT-CCHS,HMT Watch Factory - Cluny Convent High School,BR3390,3,HMT Watch Factory,Cluny Convent High School,45,0,Special,Other
BMTC,NLM-KBS,Nelamangala - Kempegowda Bus Station,BR3817,3,Nelamangala,Kempegowda Bus Station,36,0,Special,Central
BMTC,TCL-SVPS,Telecom Layout - St Vincent School,BR3990,3,Telecom Layout,St Vincent School,34,0,Special,Other
BMTC,SNRN-CHLC,Sathyanagara Indian Oil - Christel House Learning School,BR3969,3,Sathyanagara Indian Oil,Christel House Learning School,56,0,Special,Other
BMTC,HBL-JFWTC,Hebbala - JFWTC,BR3376,3,Hebbala,JFWTC,15,0,Special,North
BMTC,JPV-60A,Vijayanagara TTMC - Jayanagara 9th Block,BR3498,3,Vijayanagara TTMC,Jayanagara 9th Block,40,0,Ordinary Variant,South
BMTC,195A,Chandra Layout 1st Stage - Shivajinagar Bus Station,BR175,3,Chandra Layout 1st Stage,Shivajinagar Bus Station,51,0,Ordinary Variant,Central
BMTC,MRH-BEML,Marathahalli Bridge - BEML,BR3764,3,Marathahalli Bridge,BEML,26,0,Special,Other
BMTC,D17-GKWLO,BMTC Depot-17 - GKW Layout,BR3214,3,BMTC Depot-17,GKW Layout,26,0,Special,Other
BMTC,MACER-KST-ABTC,Ambedkar College - M+ACER,BR3675,3,Ambedkar College,M+ACER,25,0,Special,Other
BMTC,304NA,Krishnarajendra Market - Obalapura,BR1404,3,Krishnarajendra Market,Obalapura,34,0,Special,Central
BMTC,Depot33-BTP,Depot-33 - BAGMANE TECH PARK,BR3278,3,Depot-33,BAGMANE TECH PARK,28,0,Special,Other
BMTC,410FA,Banashankari Bus Station - Yeshwanthpura TTMC,BR2256,3,Banashankari Bus Station,Yeshwanthpura TTMC,45,0,Special,South
BMTC,410FB,Jayanagara 9th Block - Yeshwanthpura TTMC,BR2257,3,Jayanagara 9th Block,Yeshwanthpura TTMC,41,0,Special,South
BMTC,KNRB-JGP,Bidadi - Kempegowda Bus Station,BR3634,3,Bidadi,Kempegowda Bus Station,31,0,Special,Central
BMTC,SAEC-SBS,Sri Ayyapa Educational Center - Shivajinagar Bus Station,BR3915,3,Sri Ayyapa Educational Center,Shivajinagar Bus Station,56,0,Special,Central
BMTC,289MK,Kempegowda Bus Station - Koyira Devana Halli Road,BR1205,3,Kempegowda Bus Station,Koyira Devana Halli Road,49,0,Special,Central
